:100000000C94A00C0D941B880D94F0870D94C5875B
:100010000D949A870D946F870D9444870D941987DA
:100020000D94EE860C94D10C0C94D10C0C94D10C44
:100030000C94D10C0C94D10C0C94D10C0D94144C48
:100040000C94D10C0C94B5700C94996E0C94A0D4B3
:100050000C94D10C0C94D10C0C94D10C0D9478868A
:100060000C94D10C0D94B73A0D94773A0C94D10CB2
:100070000C94D10C0C94D10C0C94D10C0C94D10C8C
:100080000D9472770D94F8760D947E760C94D10CC5
:100090000C94D10C0C94D10C0C94D10C0C94D10C6C
:1000A0000C94D10C0C94D10C0D9410750D94047615
:1000B0000D948A750C94D10C0C94D10C0D9425746C
:1000C0000D943A730D944F720C94D10C0C94D10C86
:1000D0000C94D10C0C94D10C0D94403A0D94003A30
:1000E0000C94D10C0C949D970D941C380C94ADA6D7
:1000F0000C9400940D94D2390C94B4900C94E49325
:100100000D9422570D94F5380D949D1C0C94469136
:100110000C94E7830C94C6900C945D520C9414904C
:100120000C9429D30C94FC920D94A41C0C947CB0D8
:100130000D94AB940C9466900C94D7930C9469D95D
:100140000C9407900D94C6790D94120E0D94043101
:100150000C94E4920C9485910C9400D10C943590FD
:100160000C94F0930D94BA390C942E820D94F439BA
:100170000D94361B0D9467170D94C01B0C9431859C
:100180000D9464700C946A0E0D94B2390C946F90B7
:100190000D94BE170C9436840D94C83F0D94361CF4
:1001A0000D94FA1A0C946E8C0D94AE790D946859D6
:1001B0000D94C6380C94B8380C94FEB00C9438905A
:1001C0000C949C920C94F6920C9435930C94D40D50
:1001D0000C9497820C9444930D94B2120D94D2799E
:1001E0000D9465A40C943F880C94AB800C94D8902B
:1001F0000C94DEA20C9469900D9401130D94C43FED
:100200000D94C77D0D94EF1D0C942C930D945113F8
:100210000D9401390C9482910D94A01B0C94ED92D5
:100220000C94BD900C949C900C948A920D943C5725
:100230000C940C120C9451910D9408390C94A890C4
:100240000C9465DD0D94D03F0C9454910C9453B1F3
:100250000D94E4860C947A920C944D810D94DD1AE1
:100260000D94DD7E0D94EE390C942ECF0C94661A0D
:100270000C941D900C94D59B0D94CE390C947F8CCE
:100280000C9457920D94FE050C948D900C94578B02
:100290000C94ACCD0C9440870C94DDDC0C9426902F
:1002A0000D94FA0F0D94411B0C94EC8B0D946E0D74
:1002B0000C94927B0C9458990C94A6930D949900ED
:1002C0000C947B900C9461910D94E0860C94DE90DC
:1002D0000D9473880D940E090C9450D40C94969040
:1002E0000C9462930C9453100C94C5130C948F913E
:1002F0000C94CC900C9436430C9496920D944A181E
:100300000C94BD3E0C94E41F0C94D5900C941526CF
:100310000D94DB380C946E930C9457A90C9468924E
:100320000D944C310C94638B0C94DC260D940B18BB
:100330000D942BA40D94C7690C94001C0C9461AF10
:100340000C9414930D9479590C943B860D94A03819
:100350000C9428820C9459930D94C97E0D94EDA4AD
:100360000C948B910C947E900C94C0B90D94CC0C91
:100370000C94FC830D94E77D0C946E280C94F392FE
:100380000C94CA460D94121E0C94E7900C9405939D
:100390000C94F88F0D94B8380C94B8840D94E21630
:1003A0000C943D8D0C94C3130D94D32F0C94A290F8
:1003B0000C945EAE0C9423480C94CB930C9429902F
:1003C0000D94AA7E0C94B7BB0C942ADE0C94269351
:1003D0000C94528C0C9447140C94C8930D946F8811
:1003E0000C9451520C941A900D9474310C94BD934A
:1003F0000C9457900C941B160C94D30C0C944B85B6
:100400000D94DE700C943DB10D94DC8A0C9499929D
:100410000C94B7930C945E0F0C94EA930C94329066
:100420000C946A910D94CA3F0D948E380C949516D5
:100430000C9465930D94E6700D9498790C949391B7
:100440000C9451150D94C63F0C9496830C94811115
:100450000D942B1B0C947C910C9490530C94AE90A7
:100460000C94EA920C946B920C945A520C94A7211F
:100470000D94DA100C94E7930C9443810C9425822C
:100480000C947DD20D94A5010D9469300C941790B5
:100490000C94E9500D94DE390D94DA3F0D947517E4
:1004A0000C94BA920C940B930C9410940D941C1C05
:1004B0000C94B7920D9471880C94C6920D941B699C
:1004C0000C940A940D947E310D9494790C94479376
:1004D0000C945C930C941F940C94E6CC0C94B8AFE1
:1004E0000C94C0930D94A2790C9463900D94581EB3
:1004F0000C949ED30C9477920D94FC390C947AC092
:100500000D94CD380C9446140C94CC920C947EA38C
:100510000C9417930D94EC700C949F900D94041E02
:100520000C947C800C9459D10C9487920C944B9130
:100530000D94291E0D94E4790D94EE700C949B1685
:100540000C9402830C946EA70D949C060C94C0929C
:100550000D94EF380D94D4380C94E1450C946783D6
:100560000C9400180D9471570C944D930D94F17EDA
:100570000D948A1D0C9457910D9462120C94DE4CCC
:100580000C945ACE0C94278B0C9456180D94B51BD2
:100590000D94DE3F0C94CF920D945F1B0C94708BE6
:1005A0000C9409510C94B4B50D94DC700C94169411
:1005B0000D94C01A0C94F9920D94021C0C94EDA8A1
:1005C0000C94159C0C94E3A60D94B2380C940293F1
:1005D0000C9473800C94A1D00C94FAC70D94291834
:1005E0000D940F390C94740D0C941A8B0D943B17C9
:1005F0000D9413120D9494300D94E2380C9456938C
:100600000C942F900C9470910C94F28B0C9495FF99
:100610000D94101B0C9490920C94EADC0C947B517A
:100620000C94F9830C94A2820C9423910C940CCC1E
:100630000C94B7B00D94C0790C9411900C9454267E
:100640000D942A040D94291C0D94F6700C94ED93CE
:100650000C94AB900C946DB10C94F2440D94EA7030
:100660000C94A3A20C94A7CC0C94F9930D94BE39CE
:100670000D94FF7E0C94B1D20C940EDD0C94A5B0B9
:100680000C945A900C94FECF0D94F4700C94C2917B
:100690000D942DA50D94B4790C94FD8A0C94A41F8F
:1006A0000C94A5920C94AD910D9474180C943E90FA
:1006B0000C94C9900D946F310D94E8700D94511EF7
:1006C0000C94DA0F0C949F920C94F6930D942411D1
:1006D0000C947ED90C94AB920D94D83F0D94EA58AB
:1006E0000D94B6390D94EA860C941C160D945A6933
:1006F0000C94EA900C948A900D9493790D9449018E
:100700000C94A8920C94B6300C94AB890C9478CDD0
:100710000C94A2920C945DAE0C9493260D94CC1D77
:100720000C94F6830C94B7830C94F8D70C94C413F0
:100730000C946D910D94C6390C9447F70D94DA39E9
:100740000C9439FF0D94BF380C94F1F80C94F6BE5C
:100750000C947C8B0D94FA580C94C3930D94787E72
:100760000D94F0700C945F930C9459820C94C28495
:100770000C9478900D94AC380C94B19D0C94048C2E
:100780000C9451900D94687E0C94F3930C9462DA5F
:100790000D940B590C942C940D94551B0C9445A856
:1007A0000C9420170C9462490C94C9920C94B6AA2C
:1007B0000C9473910D94A1680C9473530D94F530BF
:1007C0000C9407940C946E920C94BD920C9411931B
:1007D0000C94398B0C94F6900D94C3110C9460908A
:1007E0000D9437070C94DF120D94E03F0C947CCCF1
:1007F0000C9474930D94C1560C9418170C94359165
:100800000C94C7D80C94CB3A0C94B1920D94091C5B
:100810000D9445100D94E0700C94B1900C9483F7F6
:100820000C9454520D94E2700D94CC3F0C940284BD
:100830000C94C3920D94F8390C940D910D949C79FD
:100840000D9494170C945D920C946ACF0C9432938F
:100850000C94E0120C9460520D94BB7E0C940E9399
:100860000D940A1E0C947F910D94D6570C94FE8B18
:100870000D94211E0C942AD00D948F100C942FA04F
:100880000D94B40E0C9454900C94281D0C94641D7B
:100890000D9479310C94E1920C94D4930C940490BF
:1008A0000D9459170C9444900C9472900C9493905E
:1008B0000C94F28F0C94FC930C94B4920D94D63F4C
:1008C0000D943C1C0C9447900C94F9900D941D3998
:1008D0000D94E57E0C94EF8F0C9416810C9420906F
:1008E0000D94D23F0D94AB1C0D9470080C9459B527
:1008F0000D94EC860D94E5560C948A830D94AE39D4
:100900000D94267E0D94F2700C9474920C94A8C1F0
:100910000C94FF900D94FB380C94BA900D94221C0B
:100920000C94D8D60C94D9260D94E20A0D94F73184
:100930000C9438930C9438A50D94D17E0D94E71B3C
:100940000C94A38B0C94CE930C94FE8F0D947AA3ED
:100950000D944A170D94E1300D9457570C94B13B08
:100960000C942C8B0C9476910C94A2880D941617F1
:100970000C9423900C9496910D94D0300C94F5F730
:100980000C94A2B00C947F830C9416110C945D8B84
:100990000C9481920C94169C0C940D940C940D90D4
:1009A0000C94C0900D94860B0C9484900C94DD9361
:1009B0000C9487900C9471FA0D944B1B0C94F8B620
:1009C0000D94DA580C94ED9D0C94E1900C943653F0
:1009D0000C94EEA80D949A380D9467880C940591A8
:1009E0000C9484920D946A1B0D94AA1B0C9453933F
:1009F0000D94CC790D9407570D94E23F0D94C504E6
:100A00000C942C900C94A94D0D9474110D94F90133
:100A10000D94470A0C948D930C9441900C944C8F38
:100A20000D94911E0C946C900C94CFD30C942F9336
:100A30000C9464910C947E920C94AE920C94ED9074
:100A40000C9484200C9494930D94DC3F0C941A190C
:100A50000C94E7920D944C7A0C9418820C94DB92CF
:100A60000C94D5D00C941A930D94807E0D94497EED
:100A70000D94621C0C945D900C942D8C0C9477B5A5
:100A80000C9499900D94D41C0D94F1160C944A96E4
:100A90000C9471920D941AA30C94EDD20D94CE3F48
:100AA0000C9467910D9494380C94A2890C948BB19A
:100AB0000C94D2920D94D43F0C94DC150C94F390CA
:100AC0000C94AA910D94607E0D9445000C9436B35D
:100AD0000C947C130D94A6380C94D7870C944E82FA
:100AE0000D94A8790C940F8D0C9457520C948B8113
:100AF0000C9423930D94416A0C94EBD10C943E9387
:100B00000C9451920C9481890D94D5070C94FF920A
:100B10000C947FB00D94D8790C9481900D9463055A
:100B20000C94BD830D94301E0D94F5000D94671E3A
:100B30000D94A9090C943C1A0C94E9FF0C9447CD30
:100B40000C9479910C94DD8A0C940D830D94FD170F
:100B50000C9441930C9475900C945E800C948A8054
:100B60000D94D11D0D94E2390C94C5D90C941C91AF
:100B70000D94F8700C94A5900C94F58F0C94B09192
:100B80000D94BA790C9490900C940A900C94DB0F0D
:100B90000C94B7900C942B820D94F2390C946592BE
:100BA0000D9469880C94768B0D94D6390D941C693C
:100BB0000C947D890D9450590C943B900C94FB8FB0
:100BC0000C9462920C94EF830D94B4370C94AFCED6
:100BD0000C9429930C94F0900D941A7E0C94128727
:100BE0000C945F0F0C94E4AC0C94D5920C94E5FE3D
:100BF0000D948E790D94851B0C943B930D94E470A9
:100C00000D94707E0C94F21D0C9493920D94DE79E9
:100C10000C9404940D9455020D94280C0D947D3180
:100C20000C94F0920C9416820C94AC830D94E639DB
:100C30000D94CA390C9479930D948C030D942F1C48
:100C40000D94BAA20D94E8860C94C7F90D946D2FFB
:100C50000C946B930C94A1830D94127E0C947C9352
:100C60000C94E48A0C9454920D946D880C940A911F
:100C70000D94EA390C944A930C9408930D94163908
:100C80000C94F88B0C94458C0C9405D40D941A1E7E
:100C90000D94D5860C942CB50C941D930C94DE9277
:100CA0000C9450930C94D2900C948D920C94C3900D
:100CB0000D94067E0D94F2020C94FC900C943A8DE7
:100CC0000D946B880C9488910D94B31C0D94F87D51
:100CD0000D94A1370D94580F0C94D1930C94FF836D
:100CE0000C9420930C94F61A0C9401900D94887E29
:100CF0000C94E5960D94E6860C94F2FA0C9450153B
:100D00000C94D8920D94E2860C949A160D94F137B7
:100D10000C944A8B0C94DB900C944DFB0C94E49057
:100D20000C9465D30C94EFA80C94688F0C94999153
:100D30000C9493C80C946EDD0C94B9910D945F1EC5
:100D40000C9468930D941A1C0D942D170C94E0CDFF
:100D50000D94C2390D94E9380C94DA930C941394E1
:100D60000C94CF90526573657420636F6E74726FCC
:100D70006C2069732063757272656E746C7920647F
:100D8000697361626C65642E00436F6D6D732068DA
:100D9000616C7465642E204E657874206279746588
:100DA0002077696C6C2072657365742074686520A7
:100DB00041726475696E6F2E0000537065656475CD
:100DC000696E6F20323032352E30312E360073701E
:100DD00065656475696E6F203230323530310000E0
:100DE0000030303200FF0A5061676520686173206F
:100DF0006E6F74206265656E20696D706C656D65DF
:100E00006E74656420796574000A426F6F73742094
:100E10006C6F6F6B7570207461626C65000A326E66
:100E2000642049676E6974696F6E204D6170000AB5
:100E3000326E64204675656C204D6170000A506109
:100E40006765203920436667000A5472696D203156
:100E5000205461626C65000A565654204D61700042
:100E60000A426F6F7374204D6170000A506720361C
:100E700020436F6E666967000A414652204D6170DB
:100E8000000A5067203420436667000A49676E698C
:100E900074696F6E204D6170000A506720322043E4
:100EA0006667000A5645204D6170000A3D3D3D438E
:100EB0006F6D6D616E642048656C703D3D3D0A0A42
:100EC000416C6C20636F6D6D616E6473206172653F
:100ED0002073696E676C6520636861726163746515
:100EE0007220616E642061726520636F6E6361744D
:100EF000656E6174656420776974682074686569DB
:100F00007220706172616D6574657273200A776911
:100F100074686F7574207370616365732E53796E96
:100F20007461783A20203C636F6D6D616E643E2B76
:100F30003C706172616D65746572313E2B3C70610D
:100F400072616D65746572323E2B3C706172616DC9
:100F5000657465724E3E0A0A3D3D3D4C69737420CE
:100F60006F6620436F6D6D616E64733D3D3D0A0A8F
:100F700041202D20446973706C61797320333120D6
:100F80006279746573206F662063757272656E7422
:100F90005374617475732076616C75657320696E26
:100FA0002062696E61727920286C697665206461BF
:100FB0007461290A42202D204275726E2063757279
:100FC00072656E74206D617020616E6420636F6E57
:100FD000666967506167652076616C75657320741A
:100FE0006F20656570726F6D0A43202D2054657304
:100FF0007420434F4D20706F72742E2020557365FE
:10100000642062792054756E657273747564696FBB
:1010100020746F2073656520776865746865722039
:10102000616E20454355206973206F6E20612067F3
:101030006976656E2073657269616C200A202020D4
:1010400020706F72742E2052657475726E732061F9
:101050002062696E617279206E756D6265722E0A0A
:101060004E202D205072696E74206E6577206C6959
:101070006E652E0A50202D205365742063757272A0
:10108000656E7420706167652E202053796E7461DF
:10109000783A2020502B3C706167654E756D626513
:1010A000723E0A52202D2053616D652061732041EC
:1010B00020636F6D6D616E640A53202D2044697347
:1010C000706C6179207369676E6174757265206EEA
:1010D000756D6265720A51202D2053616D65206126
:1010E00073205320636F6D6D616E640A56202D204E
:1010F000446973706C6179206D6170206F72206338
:101100006F6E666967506167652076616C7565739F
:1011100020696E2062696E6172790A57202D205312
:101120006574206F6E65206279746520696E206D2C
:101130006170206F7220636F6E66696750616765CA
:101140002E2020457870656374732062696E617229
:101150007920706172616D65746572732E200A204A
:1011600020202053796E7461783A2020572B3C6FF1
:1011700066667365743E2B3C6E6577627974653E76
:101180000A74202D205365742063616C696272615A
:1011900074696F6E2076616C7565732E20204578BA
:1011A00070656374732062696E6172792070617218
:1011B000616D65746572732E20205461626C6520C8
:1011C000696E64657820697320656974686572204A
:1011D000302C200A20202020312C206F7220322E2B
:1011E000202053796E7461783A2020742B3C74620D
:1011F0006C655F6964783E2B3C6E657756616C75F3
:1012000065313E2B3C6E657756616C7565323E2BC1
:101210003C6E657756616C75654E3E0A5A202D20EE
:10122000446973706C61792063616C696272617486
:10123000696F6E2076616C7565730A54202D2044A9
:101240006973706C6179732032353620746F6F74F6
:1012500068206C6F6720656E747269657320696EB3
:101260002062696E6172790A72202D204469737060
:101270006C6179732032353620746F6F7468206C1E
:101280006F6720656E74726965730A55202D205052
:1012900072657061726520666F72206669726D7723
:1012A000617265207570646174652E2054686520D4
:1012B0006E657874206279746520726563656976FD
:1012C00065642077696C6C20636175736520746850
:1012D000652041726475696E6F20746F207265734A
:1012E00065742E0A3F202D20446973706C617973F8
:1012F00020746869732068656C7020706167650090
:101300002C2000575545004F3200496E6C65742003
:1013100074656D7000436F6F6C616E74005265731D
:10132000657420636F6E74726F6C206973206375CF
:101330007272656E746C792064697361626C656445
:101340002E00436F6D6D732068616C7465642E2090
:101350004E65787420627974652077696C6C2072B0
:1013600065736574207468652041726475696E6F79
:101370002E004552523B20496E636F727265637452
:1013800020454550524F4D2073697A650030303208
:10139000002000200020002000202020200053708A
:1013A00065656475696E6F20323032352E30312EAE
:1013B0003600737065656475696E6F203230323542
:1013C000303100537065656475696E6F20637378A2
:1013D00030323031392E38000000800020012001E9
:1013E000800020018000F0008001C000C0002001CA
:1013F000C000800020010001040E11161A1C212AD1
:101400002C2E30323436383A3C3E40424446484C2A
:101410004E505256585A5D5F63686F797D000020C8
:10142000002300260029002C002F003200000100BC
:101430000003010601090100000A0B02090C0D0E50
:101440000807030401000000000000000000000085
:10145000000000000000000000000000000000008C
:101460000000001211100000000000000000000049
:10147000000000000000000000000000000000006C
:1014800000963007772C610EEEBA51099919C46D98
:10149000078FF46A7035A563E9A395649E3288DBF3
:1014A0000EA4B8DC791EE9D5E088D9D2972B4CB6CA
:1014B00009BD7CB17E072DB8E7911DBF906410B7C0
:1014C0001DF220B06A4871B9F3DE41BE847DD4DAE2
:1014D0001AEBE4DD6D51B5D4F4C785D38356986C0F
:1014E00013C0A86B647AF962FDECC9658A4F5C0190
:1014F00014D96C0663633D0FFAF50D088DC8206E94
:101500003B5E10694CE44160D5727167A2D1E4037F
:101510003C47D4044BFD850DD26BB50AA5FAA8B59E
:10152000356C98B242D6C9BBDB40F9BCACE36CD891
:1015300032755CDF45CF0DD6DC593DD1ABAC30D92F
:10154000263A00DE518051D7C81661D0BFB5F4B439
:101550002123C4B3569995BACF0FA5BDB89EB80242
:10156000280888055FB2D90CC624E90BB1877C6FC7
:101570002F114C6858AB1D61C13D2D66B69041DC02
:10158000760671DB01BC20D2982A10D5EF8985B18F
:10159000711FB5B606A5E4BF9F33D4B8E8A2C9074A
:1015A0007834F9000F8EA8099618980EE1BB0D6AE1
:1015B0007F2D3D6D08976C6491015C63E6F4516B7F
:1015C0006B62616C1CD83065854E0062F2ED950649
:1015D0006C7BA5011BC1F4088257C40FF5C6D9B0B6
:1015E0006550E9B712EAB8BE8B7C88B9FCDF1DDD17
:1015F00062492DDA15F37CD38C654CD4FB5861B26B
:101600004DCE51B53A7400BCA3E230BBD441A5DF46
:101610004AD795D83D6DC4D1A4FBF4D6D36AE96905
:1016200043FCD96E34468867ADD0B860DA732D04B8
:1016300044E51D03335F4C0AAAC97C0DDD3C7105EE
:1016400050AA41022710100BBE86200CC925B56890
:1016500057B3856F2009D466B99FE461CE0EF9DED9
:101660005E98C9D9292298D0B0B4A8D7C7173DB37E
:1016700059810DB42E3B5CBDB7AD6CBAC02083B8A8
:10168000EDB6B3BF9A0CE2B6039AD2B1743947D51E
:10169000EAAF77D29D1526DB048316DC73120B6349
:1016A000E3843B64943E6A6D0DA85A6A7A0BCF0EB0
:1016B000E49DFF099327AE000AB19E077D44930F76
:1016C000F0D2A3088768F2011EFEC206695D576268
:1016D000F7CB67658071366C19E7066B6E761BD4A5
:1016E000FEE02BD3895A7ADA10CC4ADD676FDFB976
:1016F000F9F9EFBE8E43BEB717D58EB060E8A3D61A
:10170000D67E93D1A1C4C2D83852F2DF4FF167BB65
:10171000D16757BCA6DD06B53F4B36B248DA2B0D74
:10172000D84C1B0AAFF64A0336607A0441C3EF6017
:10173000DF55DF67A8EF8E6E3179BE69468CB361E5
:10174000CB1A8366BCA0D26F2536E2685295770C1F
:10175000CC03470BBBB91602222F260555BE3BBA58
:10176000C5280BBDB2925AB42B046AB35CA7FFD74D
:10177000C231CFD0B58B9ED92C1DAEDE5BB0C2641A
:101780009B26F263EC9CA36A750A936D02A9060975
:101790009C3F360EEB8567077213570005824ABFE0
:1017A00095147AB8E2AE2BB17B381BB60C9B8ED267
:1017B000920DBED5E5B7EFDC7C21DFDB0BD4D2D3B5
:1017C0008642E2D4F1F8B3DD686E83DA1FCD16BE2F
:1017D000815B26B9F6E177B06F7747B718E65A080C
:1017E00088706A0FFFCA3B06665C0B0111FF9E659D
:1017F0008F69AE62F8D3FF6B6145CF6C1678E20A51
:10180000A0EED20DD75483044EC2B30339612667CC
:10181000A7F71660D04D476949DB776E3E4A6AD11B
:10182000AEDC5AD6D9660BDF40F03BD83753AEBC9E
:10183000A9C59EBBDE7FCFB247E9FFB5301CF2BD24
:10184000BD8AC2BACA3093B353A6A3B4240536D016
:10185000BA9306D7CD2957DE54BF67D9232E7A66AF
:10186000B3B84A61C4021B685D942B6F2A37BE0B64
:10187000B4A18E0CC31BDF055A8DEF022D00002290
:1018800000250028002B002E00310034000201004A
:1018900000050108010B0100002100240027002A97
:1018A000002D003000330001010000040107010A8F
:1018B0000105050505070508080808020202020AD5
:1018C0000A080804040404010101010101010103E3
:1018D00003030303030303040707070C0C0C0C0C9E
:1018E0000C0C0C0202020206060606060606060B91
:1018F0000B0B0B0B0B0B0B01021020200808102008
:10190000401020408002010201080402010102048B
:10191000081020408080402010080402018004024A
:1019200001804020100804020108040201010204A1
:1019300008102040800102040810204080000402AA
:1019400011241FBECFEFD1E2DEBFCDBF00E00CBF40
:1019500012E0A0E0B2E0E4E0F6E703E00BBF02C073
:1019600007900D92A637B107D9F72FE1A6E7B2E0AD
:1019700001C01D92A73DB207E1F71CE0C0EADCE020
:1019800000E006C021970109802FFE010F9458BA8C
:10199000CF39D10780E00807A9F70F94C48F0D94C1
:1019A00000BB0C9400008091340A8823F9F0209148
:1019B000340A2330D9F03091340A343090F0109248
:1019C000340A41E050E05093330A4093320A509178
:1019D000491E5E7F5093491E6091F11E6F5F6093B8
:1019E000F11E1092330A1092320A08950F94528613
:1019F00060937105709372058093730590937405DD
:101A00008091710590917205A0917305B091740554
:101A10002091350A3091360A4091370A5091380AA0
:101A2000821B930BA40BB50B80937B0590937C05D5
:101A3000A0937D05B0937E0540917B0550917C0578
:101A400060917D0570917E058091DD069091DE06A6
:101A5000A091DF06B091E00684179507A607B707A7
:101A600020F66091710570917205809173059091D7
:101A700074056093350A7093360A8093370A909301
:101A8000380AA091320AB091330A1196B093330A02
:101A9000A093320A1092340AE091320AF091330A8C
:101AA0003297C8F040917B0550917C0560917D058F
:101AB00070917E05769567955795479576956795CC
:101AC000579547954093DD065093DE066093DF06F9
:101AD0007093E00608951092DD061092DE061092D3
:101AE000DF061092E00608958091190B90911A0B71
:101AF0002091D01C3091D11CAC01445051092417C5
:101B0000350714F080539D4F821B930B97FD019670
:101B10009595879504979093960580939505A09148
:101B20000C08B0910D08BD016450710926173707E4
:101B300014F0A053BD4FA21BB30BB7FD1196B59582
:101B4000A7951497B0939405A0939305E0910A0884
:101B5000F0910B08CF0104972817390714F0E053D0
:101B6000FD4FE21BF30BF7FD3196F595E7953497A2
:101B7000F0939205E0939105A0910608B0910708B3
:101B8000AD01445051092417350714F0A053BD4F3F
:101B9000A21BB30BB7FD1196B595A7951497B093FB
:101BA0007605A093750508958F929F92AF92BF928C
:101BB000CF92DF92EF92FF920F931F93F894409190
:101BC000BF0A5091C00A6091C10A7091C20AC090C8
:101BD000EB06D090EC06E090ED06F090EE068091DA
:101BE000E9069091EA06FFB7F89400917C0D1091F8
:101BF0007D0D20917E0D30917F0DE6B5A89B06C02E
:101C0000EF3F21F00F5F1F4F2F4F3F4FFFBF882443
:101C1000902EA12EB22E8E0E911CA11CB11C880CF0
:101C2000991CAA1CBB1C880C991CAA1CBB1C80926A
:101C30008D0590928E05A0928F05B09290057894B4
:101C40000197880F991F2091D01C3091D11C820FD1
:101C5000931F4A01052E000CAA08BB0800918D05B0
:101C600010918E0520918F05309190050819190962
:101C70002A093B090093890510938A0520938B0557
:101C800030938C054C195D0957FF02C04F5F5F4FC1
:101C900055954795052E000C660B770B401751079D
:101CA0006207730708F40196803D22E092076CF00A
:101CB000805D92401F910F91FF90EF90DF90CF9049
:101CC000BF90AF909F908F90089597FFF3CF885962
:101CD0009E4FF0CF0F9452866093710570937205FA
:101CE00080937305909374058091710590917205AE
:101CF000A0917305B09174054091350A5091360A50
:101D00006091370A7091380A841B950BA60BB70BAC
:101D100080937B0590937C05A0937D05B0937E0511
:101D200020917105309172054091730550917405B1
:101D30002093350A3093360A4093370A5093380A75
:101D40006091D61C562F5170A091320AB091330A7F
:101D5000AB2B51F1E0919D06F0919E069081309160
:101D60009C06932371E049F17517F1F02091E90683
:101D70003091EA064091320A5091330A241BB09107
:101D8000491EB0FD1EC04091440C407F403451F1CB
:101D9000403609F451C0403809F45DC02091491E15
:101DA0002E7F2093491E08958091E9069091EA06BE
:101DB0009093330A8093320A089570E07513D6CF5A
:101DC000F3CF67FF0895F091440CF07FF034D1F722
:101DD0002F502330B8F780E190E09093EA0680938B
:101DE000E906089591EF920F9330D0F035EF320F5E
:101DF000333008F440C079EF720F733008F447C0F5
:101E00002350233008F04FC082E191E09093EA061E
:101E10008093E9064091491E41604093491E089510
:101E2000E0E1F0E0F093EA06E093E9069091491EC4
:101E300091609093491E08952350233018F6ACE723
:101E4000B0E0B093EA06A093E906E091491EE16094
:101E5000E093491E08952650233008F0B3CF68E37D
:101E600070E07093EA066093E9065091491E516054
:101E70005093491E0895A6E6B0E0B093EA06A093F9
:101E8000E9065091491E51605093491E08952CEB6C
:101E900030E03093EA062093E9066091491E6160C4
:101EA0006093491E0895B091491EBE7FB093491EAC
:101EB000F091F11EFF5FF093F11E08950895CF9207
:101EC000DF92EF92FF92CF93DF93F894C091E906EF
:101ED000D091EA06C090BF0AD090C00AE090C10A33
:101EE000F090C20A0F94528660938D0570938E0510
:101EF00080938F05909390057894209719F4C09162
:101F0000DF1CD0E02091F6063091F7062197C29FA2
:101F1000C001C39F900DD29F900D11246091D41CDD
:101F200070E00F9482B9E091D01CF091D11CE60FC3
:101F3000F71F20918D0530918E0540918F055091AE
:101F400090052C193D094E095F09209389053093AE
:101F50008A0540938B0550938C05A0918705B0911D
:101F600088050F94F8B9DC01CB01905CAF4FBF4FEF
:101F70009D01990F221F331FA12DAA1FB12DC90149
:101F80008E0F9F1F803D22E092074CF0805D9240B3
:101F9000DF91CF91FF90EF90DF90CF90089597FF62
:101FA000F7CF88599E4FDF91CF91FF90EF90DF9050
:101FB000CF9008950895CF92DF92EF92FF92CF9342
:101FC000DF938091491E80FD09C090E080E0DF91A1
:101FD000CF91FF90EF90DF90CF900895F894C0914B
:101FE000E906D091EA06C090BF0AD090C00AE090FE
:101FF000C10AF090C20A0F94528660938D057093C7
:102000008E0580938F05909390057894CC0FDD1FFB
:10201000C555D94FE881F9812091D01C3091D11C50
:10202000E20FF31F20918D0530918E0540918F05B1
:10203000509190052C193D094E095F09209389059F
:1020400030938A0540938B0550938C05A0918705AA
:10205000B09188050F94F8B9DC01CB01905CAF4FCB
:10206000BF4F9D01990F221F331FA12DAA1FB12D14
:10207000C9018E0F9F1F803D22E092075CF497FFFD
:10208000A6CF88599E4FDF91CF91FF90EF90DF90C0
:10209000CF900895805D9240DF91CF91FF90EF90B7
:1020A000DF90CF9008953FB7F89480917C0D909188
:1020B0007D0DA0917E0DB0917F0D26B5A89B05C02A
:1020C0002F3F19F00196A11DB11D3FBF6627782F44
:1020D000892F9A2F620F711D811D911D660F771F29
:1020E000881F991F660F771F881F991F60937105BE
:1020F00070937205809373059093740540917B05EE
:1021000050917C0560917D0570917E054093A906F4
:102110005093AA066093AB067093AC06809171054C
:1021200090917205A0917305B09174052091350AC4
:102130003091360A4091370A5091380A821B930B2E
:10214000A40BB50B80937B0590937C05A0937D0534
:10215000B0937E0560917105709172058091730551
:10216000909174056093350A7093360A8093370A0C
:102170009093380A5091491E50FD4BC0A091320AED
:10218000B091330A129709F445C04CED55E060E078
:1021900070E04093F0065093F1066093F20670935E
:1021A000F3068091A9069091AA06A091AB06B09182
:1021B000AC06B695A79597958795809369059093FA
:1021C0006A05A0936B05B0936C0520917B05309157
:1021D0007C0540917D0550917E0560916905709167
:1021E0006A0580916B0590916C05261737074807A3
:1021F000590730F4E2E0F0E0F093330AE093320A5A
:102200008091320A9091330A01969093330A809319
:10221000320A0895A1E0B0E0B093EA06A093E9067F
:102220007091491E71607093491EEACF90917A1E99
:102230008091DC1C8C718C3071F19A30BCF41916D1
:10224000A4F421E030E0309396052093950543E017
:1022500050E050939405409393053093920520935A
:1022600091055093760540937505089564E070E0FC
:102270007093960560939505A2E0B0E0B093940545
:10228000A09393057093920560939105B0937605A2
:10229000A093750508959A30DCF4191634F7E1E03F
:1022A000F0E0F0939605E093950583E090E090933D
:1022B00094058093930525E030E0309392052093B8
:1022C000910547E050E050937605409375050895D9
:1022D00068E070E07093960560939505A2E0B0E029
:1022E000B0939405A0939305E4E0F0E0F093920599
:1022F000E093910586E090E09093760580937505D4
:102300000895EF92FF920F931F93F894E091E906DE
:10231000F091EA064091BF0A5091C00A6091C10A4B
:102320007091C20A3FB7F89480917C0D90917D0D19
:10233000A0917E0DB0917F0D26B5A89B05C02F3FC3
:1023400019F00196A11DB11D3FBFBA2FA92F982FDB
:102350008827820F911DA11DB11D880F991FAA1FEB
:10236000BB1F880F991FAA1FBB1F80938D059093D9
:102370008E05A0938F05B09390057894EE0FFF1F04
:10238000E555F94F0190F081E02DE090D01CF090E0
:10239000D11CEE0DFF1D80918D0590918E05A091B1
:1023A0008F05B09190057C018D01E41AF50A060BAA
:1023B000170BA80197012093890530938A05409354
:1023C0008B0550938C05A0918705B09188050F94DB
:1023D000F8B9DC01CB01905CAF4FBF4F9D01990F65
:1023E000221F331FA12DAA1FB12DC9018E0F9F1FC0
:1023F000803D02E090073CF0805D92401F910F917C
:10240000FF90EF90089597FFF9CF88599E4F1F9145
:102410000F91FF90EF9008953FB7F89480917C0D55
:1024200090917D0DA0917E0DB0917F0D26B5A89B5A
:1024300005C02F3F19F00196A11DB11D3FBF6627B2
:10244000782F892F9A2F620F711D811D911D660FA4
:10245000771F881F991F660F771F881F991F60932A
:102460007105709372058093730590937405809144
:10247000710590917205A0917305B091740540911A
:10248000350A5091360A6091370A7091380A841BD8
:10249000950BA60BB70B80937B0590937C05A093BF
:1024A0007D05B0937E055091991E51FD49C07091F4
:1024B000491E70FF45C040917B0550917C0560919D
:1024C0007D0570917E058091DD069091DE06A091DC
:1024D000DF06B091E006481759076A077B0778F1D5
:1024E00060917105709172058091730590917405EA
:1024F0006093350A7093360A8093370A9093380AAE
:1025000020917B0530917C0540917D0550917E05A1
:102510002093A9063093AA064093AB065093AC06CD
:10252000A091320AB091330A1196B093330AA09366
:10253000320AE091E906F091EA06319771F00895C8
:102540002CED35E040E050E02093F0063093F106AA
:102550004093F2065093F306AECF4091710550912F
:10256000720560917305709174058091BF0A909116
:10257000C00AA091C10AB091C20A84179507A607A4
:10258000B707E8F68091710590917205A0917305E7
:10259000B09174052091BF0A3091C00A4091C10AE0
:1025A0005091C20A821B930BA40BB50B80935E055E
:1025B00090935F05A0936005B09361050895089519
:1025C0000F931F93CF93DF93F894C091E906D091B6
:1025D000EA060F94528660938D0570938E05809362
:1025E0008F05909390050091BF0A1091C00A209129
:1025F000C10A3091C20A601B710B820B930B60936E
:10260000890570938A0580938B0590938C05789447
:10261000E5EDF0E0CE30D10581F0EDE4F1E0C6313A
:10262000D10559F08091F6069091F7068C9FF00144
:102630008D9FF00D9C9FF00D1124A0918705B09106
:1026400088052091890530918A0540918B0550912C
:102650008C050F94F8B9DC01CB01905CAF4FBF4FF4
:102660009D01990F221F331FA12DAA1FB12DC90152
:102670002091D01C3091D11C2E0F3F1F820F931F31
:10268000803D22E09207BCF0805D9240A09116024E
:10269000B091170260910E0270910F026A177B07CA
:1026A00034F16817790714F4861B970BDF91CF91EB
:1026B0001F910F9108954091160250911702609159
:1026C0000E0270910F026417750764F0681779079E
:1026D0005CF397FFEBCF88599E4FDF91CF911F910D
:1026E0000F910895BA01681779079CF7DDCFBD01F6
:1026F00068177907CCF2DACF0F932091DA0A30917C
:10270000DB0A4091DC0A5091DD0A2F3F8FEF38073A
:102710004105510530F521153105E9F0C9019695BE
:102720008795B0E0A0E09957AC46BC4FA217B3071D
:1027300090F400E1880F991FAA1FBB1F18F0A21781
:10274000B30718F0A21BB30B81600A9599F7803587
:1027500026E4920720F080914A1E90914B1E0F9123
:102760000895CA01B9019695879577956795795728
:102770008C469C4F0F940BBAC901803526E4920712
:1027800050F70F91089508950895CF92DF92EF9238
:10279000FF92CF93DF93F894C091E906D091EA06B7
:1027A000C090BF0AD090C00AE090C10AF090C20A5F
:1027B0000F94528660938D0570938E0580938F05DC
:1027C0009093900578948091F6069091F706209763
:1027D00009F042C03BE0389FF001399FF00D112411
:1027E0004091D01C5091D11CE40FF51F20918D0514
:1027F00030918E0540918F05509190052C193D091F
:102800004E095F092093890530938A0540938B0513
:1028100050938C05A0918705B09188050F94F8B965
:10282000DC01CB01905CAF4FBF4F9D01990F221F80
:10283000331FA12DAA1FB12DC9018E0F9F1F803DEF
:1028400022E09207C4F0805D9240DF91CF91FF902B
:10285000EF90DF90CF9008952197C89FF001C99F16
:10286000F00DD89FF00D11242091D01C3091D11C77
:10287000E20FF31FBBCF97FFE8CF88599E4FDF9140
:10288000CF91FF90EF90DF90CF90089508958091C1
:102890007F0590918005A0918105B091820580937C
:1028A000A9069093AA06A093AB06B093AC060F942A
:1028B0005286609383057093840580938505909379
:1028C00086058091830590918405A0918505B0913E
:1028D00086054091BF0A5091C00A6091C10A70916B
:1028E000C20A841B950BA60BB70B80937F059093B0
:1028F0008005A0938105B0938205A091E906B0916F
:10290000EA061196B093EA06A093E9062091270BF8
:1029100020622093270B6091E9067091EA066D30E2
:10292000710509F45BC0E091E906F091EA06319780
:1029300009F45DC08091A9069091AA06A091AB060A
:10294000B091AC06B695A795979587958093690544
:1029500090936A05A0936B05B0936C0540917F0539
:102960005091800560918105709182058091690583
:1029700090916A05A0916B05B0916C0548175907B5
:102980006A077B0708F12091BF0A3091C00A409185
:10299000C10A5091C20A2093EB063093EC06409393
:1029A000ED065093EE066091830570918405809149
:1029B0008505909186056093BF0A7093C00A809345
:1029C000C10A9093C20A08951092EA061092E9068D
:1029D0007091491E71607093491E08953091491E8F
:1029E00030FFA1CF1092EA061092E90608955091A7
:1029F000491E50FF9FCF4091E5065091E606609139
:102A0000E7067091E8064093E1065093E206609372
:102A1000E3067093E4068091830590918405A0916C
:102A20008505B09186058093E5069093E606A09310
:102A3000E706B093E8062091B51E3091B61E40918E
:102A4000B71E5091B81E2F5F3F4F4F4F5F4F2093DF
:102A5000B51E3093B61E4093B71E5093B81E6091BA
:102A6000BF0A7091C00A8091C10A9091C20A609316
:102A7000EB067093EC068093ED069093EE06409182
:102A8000830550918405609185057091860540937A
:102A9000BF0A5093C00A6093C10A7093C20A089596
:102AA00008958F929F92AF92BF92FF920F931F93C0
:102AB000CF93DF93F894C091E906D091EA06809015
:102AC000BF0A9090C00AA090C10AB090C20AF090CC
:102AD000A8060F94528660938D0570938E0580939F
:102AE0008F05909390057894FE013197CD2B11F4CA
:102AF000ECE2F0E00091F6061091F706C091D01CD0
:102B0000D091D11C20918D0530918E0540918F057B
:102B100050919005281939094A095B0920938905C4
:102B200030938A0540938B0550938C05A0918705BF
:102B3000B09188050F94F8B9DC01CB01905CAF4FE0
:102B4000BF4F9D01990F221F331FA12DAA1FB12D29
:102B5000C9010E9F90010F9F300D1E9F300D112453
:102B6000820F931F8C0F9D1FFF2011F088599E4FDD
:102B7000803D22E0920764F0805D9240DF91CF912A
:102B80001F910F91FF90BF90AF909F908F900895ED
:102B900097FFF4CF4091160250911702A0900E02B9
:102BA000B0900F02A416B5061CF08A0D9B1DE6CF4F
:102BB0005A018A0D9B1DE2CF8091491E80FF20C0E3
:102BC0002091D61C27FD2CC04091B51E5091B61EF9
:102BD0006091B71E7091B81E4436510561057105AC
:102BE00058F46091E9067091EA066D32710521F0A2
:102BF0001092EA061092E90691E09093A8060895D3
:102C00001092EA061092E9065091491E51605093C5
:102C1000491E73E07093340A91E09093A8060895DA
:102C20001092EA061092E90633E03093340A91E0FC
:102C30009093A80608950895CF92DF92EF92FF92A5
:102C4000CF93DF93F894C091E906D091EA06C09043
:102C5000BF0AD090C00AE090C10AF090C20A0F9457
:102C6000528660938D0570938E0580938F059093A7
:102C7000900578948091E9069091EA06892B09F0F5
:102C80003CC0E091D01CF091D11CEE58FF4F209138
:102C90008D0530918E0540918F05509190052C192E
:102CA0003D094E095F092093890530938A054093B9
:102CB0008B0550938C05A0918705B09188050F94E2
:102CC000F8B9DC01CB01905CAF4FBF4F9D01990F6C
:102CD000221F331FA12DAA1FB12DC9018E0F9F1FC7
:102CE000803D22E09207B4F0805D9240DF91CF9169
:102CF000FF90EF90DF90CF900895CC0FDD1FC5556A
:102D0000D94FE881F9812091D01C3091D11CE20F7C
:102D1000F31FBDCF97FFEACF88599E4FDF91CF9128
:102D2000FF90EF90DF90CF9008951092EA061092F6
:102D3000E90608950895CF92DF92EF92FF920F93E4
:102D40001F93CF93F8940091E9061091EA06C09082
:102D5000BF0AD090C00AE090C10AF090C20AC091A8
:102D6000A8060F94528660938D0570938E0580930C
:102D70008F05909390057894E091D01CF091D11C30
:102D80000115110571F0000F111FF801E555F94FFC
:102D90000190F081E02D8091D01C9091D11CE80F22
:102DA000F91F20918D0530918E0540918F0550912E
:102DB00090052C193D094E095F0920938905309330
:102DC0008A0540938B0550938C05A0918705B0919F
:102DD00088050F94F8B9DC01CB01905CAF4FBF4F71
:102DE0009D01990F221F331FA12DAA1FB12DC901CB
:102DF0008E0F9F1FCC2311F088599E4F803D22E0FB
:102E0000920754F0805D9240CF911F910F91FF90F7
:102E1000EF90DF90CF90089597FFF6CF88599E4F9F
:102E2000CF911F910F91FF90EF90DF90CF90089579
:102E30001092EA061092E90681E08093A8060895B0
:102E40008091E9069091EA06499709F4D3C03FB70B
:102E5000F89440917C0D50917D0D60917E0D7091A4
:102E60007F0D26B5A89B06C02F3F21F04F5F5F4F17
:102E70006F4F7F4F3FBF962F852F742F6627620FAE
:102E8000711D811D911D660F771F881F991F660F89
:102E9000771F881F991F6093830570938405809323
:102EA0008505909386058091830590918405A09176
:102EB0008505B09186054091BF0A5091C00A609186
:102EC000C10A7091C20A841B950BA60BB70B8093A5
:102ED0007F0590938005A0938105B0938205A09112
:102EE000E906B091EA06AB2BC9F1E091E906F09151
:102EF000EA063196F093EA06E093E906A091E90626
:102F0000B091EA06E091E906F091EA06AA0FBB1F2C
:102F1000A555B94FEE0FFF1FE755F94F6D917C9105
:102F200020813181621B730B7093F7066093F60664
:102F3000B091270BB062B093270B809183059091DD
:102F40008405A0918505B09186058093BF0A909372
:102F5000C00AA093C10AB093C20A089581E090E02C
:102F60009093EA068093E9064091E5065091E606C3
:102F70006091E7067091E8064093E1065093E206FF
:102F80006093E3067093E406609183057091840575
:102F900080918505909186056093E5067093E6061D
:102FA0008093E7069093E8065091A80691E0592790
:102FB0005093A8067091491E71607093491E20912C
:102FC000B51E3091B61E4091B71E5091B81E2F5FAE
:102FD0003F4F4F4F5F4F2093B51E3093B61E409327
:102FE000B71E5093B81EAFE0B0E0B093F706A093C1
:102FF000F6069ECFF091491EFE7FF093491E08957C
:103000008091440C807F8034F1F08036D9F4209197
:10301000DC1C2C712C3089F146E050E05093960571
:103020004093950562E070E070939405609393057A
:10303000A4E0B0E0B0939205A0939105709376055B
:103040006093750508953091DC1C3C713C30A9F00B
:10305000E4E0F0E0F0939605E093950582E090E0DF
:103060009093940580939305F0939205E0939105D6
:103070009093760580937505089528E030E03093AD
:1030800096052093950542E050E0509394054093B7
:10309000930564E070E07093920560939105A6E05B
:1030A000B0E0B0937605A093750508958F929F9236
:1030B000AF92BF92CF92DF92EF92FF920F931F9346
:1030C000CF93DF938091491E80FD0FC090E080E098
:1030D000DF91CF911F910F91FF90EF90DF90CF90F4
:1030E000BF90AF909F908F900895F894E091E9067B
:1030F000F091EA064091BF0A5091C00A6091C10A5E
:103100007091C20A3FB7F89480917C0D90917D0D2B
:10311000A0917E0DB0917F0D26B5A89B05C02F3FD5
:1031200019F00196A11DB11D3FBF8824982EA92E2C
:10313000BA2E820E911CA11CB11C880C991CAA1CD1
:10314000BB1C880C991CAA1CBB1C80928D059092FC
:103150008E05A0928F05B09290057894EE0FFF1F18
:10316000E555F94FC081D181A090D01CB090D11C01
:10317000CA0DDB1D80918D0590918E05A0918F0564
:10318000B09190057C018D01E41AF50A060B170B2E
:10319000A80197012093890530938A0540938B05F8
:1031A00050938C05F8949090270B96FE2EC0C090FB
:1031B000BF0AD090C00AE090C10AF090C20A809085
:1031C000EB069090EC06A090ED06B090EE06A09174
:1031D000F606B091F70678940F94F8B9A701960116
:1031E000281939094A095B090F940BBAC9018C0FD8
:1031F0009D1F803D02E090072CF497FF69CF88590E
:103200009E4F66CF805D924063CF7894A0918705F2
:10321000B09188050F94F8B9DC01CB01905CAF4FF9
:10322000BF4F9D01990F221F331FA12DAA1FB12D42
:10323000C901DDCF8091491E3FB7F89480917C0D84
:1032400090917D0DA0917E0DB0917F0D26B5A89B2C
:1032500005C02F3F19F00196A11DB11D3FBF662784
:10326000782F892F9A2F620F711D811D911D660F76
:10327000771F881F991F660F771F881F991F6093FC
:103280007105709372058093730590937405809116
:10329000710590917205A0917305B09174054091EC
:1032A000350A5091360A6091370A7091380A841BAA
:1032B000950BA60BB70B80937B0590937C05A09391
:1032C0007D05B0937E0520917B0530917C05409172
:1032D0007D0550917E056091DD067091DE0680913E
:1032E000DF069091E006261737074807590708F4CC
:1032F00073C08091710590917205A0917305B09192
:1033000074058093350A9093360AA093370AB093D8
:10331000380A5091270B50625093270B40917B0540
:1033200050917C0560917D0570917E05769567953D
:10333000579547954093DD065093DE066093DF0670
:103340007093E0067091491E70FD32C02CED35E09F
:1033500040E050E02093F0063093F1064093F206EF
:103360005093F3066091DD067091DE068091DF06D2
:103370009091E00696958795779567956093DD0621
:103380007093DE068093DF069093E006E091A0063E
:10339000F091A1069081A0919F06B091440CB07F5E
:1033A0009A2301F1B03409F459C0B03609F44DC084
:1033B00060914A1E70914B1EE091E11EF091E21E59
:1033C0006E177F0750F45091491E50FF05C0709151
:1033D000440C707F7034A1F008953091D61C37FDF5
:1033E000F2CF0895B03421F78091E9069091EA0672
:1033F0000597F1F6F091491EF160F093491ED8CF80
:103400000F9452868091560590915705A0915805CA
:10341000B0915905E091A006F091A106A08190918C
:103420009F06A923C9F28091E9069091EA068830A7
:103430009105E9F0B091491EBE7FB093491E4091BD
:10344000F11E4F5F4093F11E08954091E90650919F
:10345000EA064730510509F0ABCFCCCF2091E90601
:103460003091EA062830310509F0A2CFC3CF9093FE
:10347000EA068093E906089580917A1E82319CF0D5
:1034800026E030E0309396052093950541E050E02A
:10349000509394054093930564E070E07093920517
:1034A000609391050895A7E0B0E0B0939605A093CE
:1034B0009505E2E0F0E0F0939405E093930585E054
:1034C00090E090939205809391050895CF92DF92BA
:1034D000EF92FF92CF93DF93F894C091E906D091D9
:1034E000EA06C090BF0AD090C00AE090C10AF090EE
:1034F000C20A0F94528660938D0570938E05809357
:103500008F05909390057894C330D1050CF049C095
:103510002091F6063091F7062197C29FA001C39F24
:10352000500DD29F500D1124E091D01CF091D11C70
:10353000BA96E40FF51F20918D0530918E054091CC
:103540008F05509190052C193D094E095F09209374
:10355000890530938A0540938B0550938C05A09183
:103560008705B09188050F94F8B9DC01CB01905C18
:10357000AF4FBF4F9D01990F221F331FA12DAA1FCF
:10358000B12DC9018E0F9F1F803D22E092071CF1D3
:10359000805D9240DF91CF91FF90EF90DF90CF90D0
:1035A0000895E0E7F0E0C330D10509F4C4CF80917D
:1035B000F6069091F7062297C89FB001C99F700D3B
:1035C000D89F700D1124E091D01CF091D11CBA96B7
:1035D000E60FF71FB0CF97FFDDCF88599E4FDF91E1
:1035E000CF91FF90EF90DF90CF9008958091190BCD
:1035F00090911A0B2091D01C3091D11C821B930BFF
:1036000040910E0250910F0297FD77C0481759075D
:10361000DCF13091440C32953F703430E9F13530B3
:1036200008F44BC0363009F44AC0383009F0A2C063
:10363000BC016B5571096A35710508F482C0DC0163
:10364000A55BB109AA35B10508F4A8C001978E3071
:10365000914008F0BCC0E1E0F0E0F0939605E09303
:10366000950582E090E0909394058093930523E084
:1036700030E0309392052093910544E050E0509360
:103680007605409375050895841B950B3091440C85
:1036900032953F70343019F60197843B910580F1E3
:1036A00062E070E07093960560939505A1E0B0E04C
:1036B000B0939405A09393050895333071F5BC0140
:1036C000695771096837710548F10197803F910585
:1036D00008F451C023E030E030939605209395051F
:1036E00041E050E0509394054093930562E070E010
:1036F00070939205609391050895840F951F89CF6B
:1037000021E030E0309396052093950542E050E0AB
:10371000509394054093930508950895A2E0B0E076
:10372000B0939605A0939505E3E0F0E0F09394053F
:10373000E093930581E090E090939205809391054A
:103740000895E2E0F0E0F0939605E093950583E0BC
:1037500090E0909394058093930524E030E03093BB
:1037600092052093910541E050E0509376054093F7
:10377000750508950895A1E0B0E0B0939605A09373
:103780009505E2E0F0E0F0939405E093930583E083
:1037900090E09093920580939105089523E030E0A6
:1037A000309396052093950544E050E0509394059E
:1037B0004093930561E070E07093920560939105EA
:1037C000A2E0B0E0B0937605A0937505089564E09B
:1037D00070E07093960560939505A1E0B0E0B0931A
:1037E0009405A0939305E2E0F0E0F0939205E09356
:1037F000910583E090E09093760580937505089598
:103800008F929F92AF92BF92CF92DF92EF92FF92F0
:10381000CF93DF93F894C091E906D091EA06C09067
:10382000BF0AD090C00AE090C10AF090C20A0F947B
:10383000528660938D0570938E0580938F059093CB
:10384000900578948091F6069091F706AE0141506C
:103850005109489FE001499FD00D589FD00D112478
:103860008090D01C9090D11CC80DD91D20918D0541
:1038700030918E0540918F05509190052C193D098E
:103880004E095F092093890530938A0540938B0583
:1038900050938C05F8949090270B96FE43C0C090EF
:1038A000BF0AD090C00AE090C10AF090C20A80908E
:1038B000EB069090EC06A090ED06B090EE06A0917D
:1038C000F606B091F70678940F94F8B9A70196011F
:1038D000281939094A095B090F940BBAC9018C0FE1
:1038E0009D1F803D22E092076CF0805D9240DF9149
:1038F000CF91FF90EF90DF90CF90BF90AF909F90CF
:103900008F90089597FFF3CFA0901602B090170202
:1039100040910E0250910F024A155B05C4F0840FCE
:10392000951FE5CF7894A0918705B09188050F94F5
:10393000F8B9DC01CB01905CAF4FBF4F9D01990FEF
:10394000221F331FA12DAA1FB12DC901C8CFA50168
:10395000840F951FCCCFCF92DF92EF92FF92CF933F
:10396000462F2091D01C3091D11CFC01E21BF30B9F
:10397000C091680520916605309167055C2F5F71E5
:1039800021153105A9F52C2FCC0F330B220F232F36
:10399000221F330B8FEF9FEF052E02C0880F991F58
:1039A0000A94E2F780959095BF01770F660B762F0A
:1039B000862397238E0F9F1F02C0959587955A9552
:1039C000E2F782279327821B930B2091DF1C240FA1
:1039D0003327331F181619069CF52817390714F4D6
:1039E000821B930BCF91FF90EF90DF90CF900895C3
:1039F000DF010F9479BA6C01FF24D7FCF094EF2C0F
:103A0000C601C6FF0EC02C2FCC0F330B220F232F65
:103A1000221F330BCF0182279327821B930B8C0D20
:103A20009D1D02C0959587955A95E2F797FD0196E1
:103A30002091DF1C240F3327331F181619066CF250
:103A4000820F931FCF91FF90EF90DF90CF9008955A
:103A5000CF938091DC1C8C718C3079F1C0E06C2F9D
:103A60008091190B90911A0B0E94AB1C90939605B4
:103A7000809395056C2F80910C0890910D080E9401
:103A8000AB1C90939405809393056C2F80910A084A
:103A900090910B080E94AB1C909392058093910526
:103AA0006C2F80910608909107080E94AB1C9093A0
:103AB000760580937505CF9108952091D51CC0910E
:103AC000DF1C21FFCCCFCACF8F929F92AF92BF92C3
:103AD000FF920F931F93CF93DF93F894C091E90661
:103AE000D091EA068090BF0A9090C00AA090C10AC7
:103AF000B090C20AF090A8060F94528660938D058C
:103B000070938E0580938F059093900578942097FD
:103B100019F4C091DF1CD0E00091F6061091F70671
:103B2000E091D01CF091D11C20918D0530918E0533
:103B300040918F0550919005281939094A095B0970
:103B40002093890530938A0540938B0550938C050B
:103B5000A0918705B09188050F94F8B9705C8F4FDC
:103B60009F4F9C01770F221F331F812D881F912D9E
:103B7000B9012197C09FC001C19F900DD09F900DAA
:103B800011246E0F7F1F860F971FFF2021F02091B9
:103B9000D51C21FF20C0803D22E0920764F0805DAB
:103BA0009240DF91CF911F910F91FF90BF90AF9006
:103BB0009F908F90089597FFF4CF409116025091F7
:103BC0001702A0900E02B0900F02A416B50634F0B2
:103BD0008A0D9B1DE6CF88599E4FDDCF5A018A0D75
:103BE0009B1DDFCFCF92DF92EF92FF92CF93DF93B7
:103BF0003FB7F89480917C0D90917D0DA0917E0D42
:103C0000B0917F0D26B5A89B05C02F3F19F00196F6
:103C1000A11DB11D3FBFCC24D82EE92EFA2EC20E15
:103C2000D11CE11CF11CCC0CDD1CEE1CFF1CCC0CCF
:103C3000DD1CEE1CFF1CC0927105D0927205E09253
:103C40007305F09274058091710590917205A091B1
:103C50007305B09174054091350A5091360A609110
:103C6000370A7091380A841B950BA60BB70B80930B
:103C70007B0590937C05A0937D05B0937E052091F4
:103C80007B0530917C0540917D0550917E056091CA
:103C9000DD067091DE068091DF069091E006261722
:103CA00037074807590708F464C08091710590915F
:103CB0007205A0917305B09174058093350A9093B5
:103CC000360AA093370AB093380A40917B05509189
:103CD0007C0560917D0570917E0576956795579579
:103CE000479576956795579547954093DD06509390
:103CF000DE066093DF067093E006D090491ED0FE8A
:103D000053C02091B51E3091B61E4091B71E509100
:103D1000B81E8091DB1C90E0B0E0A0E08217930712
:103D2000A407B50708F040C08091DF1C90E0E09048
:103D3000E906F090EA068E159F0591F04091B51EB8
:103D40005091B61E6091B71E7091B81E4330510558
:103D50006105710528F05091F11E5F5F5093F11ECF
:103D6000F090D61CF7FE58C09093EA068093E906BF
:103D700053C0C090DA0AD090DB0AE090DC0AF090E1
:103D8000DD0AF694E794D794C794C092DD06D092EA
:103D9000DE06E092DF06F092E006DF91CF91FF9021
:103DA000EF90DF90CF9008950F9452866093BF0AF2
:103DB0007093C00A8093C10A9093C20A0F945286EE
:103DC0006B017C01C091DF1C2C2F30E050E040E003
:103DD00060E87DE88BE590E00F940BBAC21AD30A35
:103DE000E40AF50AC092EB06D092EC06E092ED06EA
:103DF000F092EE06D0E0D093EA06C093E906109266
:103E0000F0061092F1061092F2061092F3067091ED
:103E1000491E71607093491E91E09093A806DF914E
:103E2000CF91FF90EF90DF90CF900895CF92DF92E7
:103E3000EF92FF92CF93462F2091D01C3091D11C4E
:103E4000FC01E21BF30BC0916805209166053091DF
:103E500067055C2F5F712115310509F04CC08C2F6F
:103E6000CC0F990B880F892F881F990B2FEF3FEFED
:103E7000052E02C0220F331F0A94E2F720953095D9
:103E8000BF01770F660B762F262337232E0F3F1F98
:103E900002C0359527955A95E2F728273927281B20
:103EA000390B6091DF1C6D3010F02150310970E04A
:103EB000842F90E06B01C80ED91E121613060CF069
:103EC00040C0C216D306D4F1E090F406F090F50697
:103ED000E216F30620F46217730708F097018E0DBF
:103EE0009F1D2817390708F4C901CF91FF90EF9063
:103EF000DF90CF900895DF010F9479BA6C01FF2411
:103F0000D7FCF094EF2C9601C6FF0EC08C2FCC0F7F
:103F1000990B880F892F881F990B9F012827392714
:103F2000281B390B2C0D3D1D02C0359527955A9540
:103F3000E2F7832F880F211D311DB3CF2C193D09C6
:103F4000C3CF2C0D3D1DC0CFCF938091DC1C84715D
:103F5000843079F1C0E06C2F8091190B90911A0B8D
:103F60000E94161F90939605809395056C2F809163
:103F70000C0890910D080E94161F90939405809351
:103F800093056C2F80910A0890910B080E94161FD0
:103F900090939205809391056C2F809106089091E3
:103FA00007080E94161F9093760580937505CF91A0
:103FB00008952091D51C21FDCDCF3091440CC091A6
:103FC000DF1C32FFC8CFC6CFCF92DF92EF92FF92B5
:103FD000F8942091E9063091EA069091A806C090E5
:103FE000BF0AD090C00AE090C10AF090C20A78944B
:103FF0004091F6065091F70621503109249FF001B7
:10400000259FF00D349FF00D11246091D01C70910C
:10401000D11CE60FF71F992321F08091D51C81FF59
:104020006CC03FB7F89440917C0D50917D0D60912C
:104030007E0D70917F0DA6B5A89B06C0AF3F21F005
:104040004F5F5F4F6F4F7F4F3FBF2227342F452F6A
:10405000562F2A0F311D411D511D220F331F441FA2
:10406000551F220F331F441F551F20938D0530937A
:104070008E0540938F05509390052C193D094E09EC
:104080005F092093890530938A0540938B055093EF
:104090008C05A0918705B09188050F94F8B9DC01D3
:1040A000CB01905CAF4FBF4F9D01990F221F331F73
:1040B000A12DAA1FB12DC9018E0F9F1F803D22E0A7
:1040C00092073CF0805D9240FF90EF90DF90CF90A0
:1040D000089597FFF9CFE0901602F09017024091F3
:1040E0000E0250910F024E155F0554F0840F951F7C
:1040F000FF90EF90DF90CF900895E859FE4F91CF59
:10410000A701840F951FF4CFCF92DF92EF92FF9219
:104110000F94528660934E0570934F05809350051F
:104120009093510580914E0590914F05A0915005B7
:10413000B091510540914A0550914B0560914C0555
:1041400070914D05841B950BA60BB70B80937705DB
:1041500090937805A0937905B0937A05C0904A05AD
:10416000D0904B05E0904C05F0904D05CD28CE2821
:10417000CF28C1F410927705109278051092790536
:1041800010927A0520914E0530914F0540915005CF
:104190005091510520934A0530934B0540934C05AF
:1041A00050934D05409177055091780560917905C0
:1041B00070917A058091460590914705A091480538
:1041C000B0914905481759076A077B0708F4BAC038
:1041D000A0914405B09145051196B0934505A09373
:1041E00044056091770570917805809179059091EB
:1041F0007A0596958795779567959695879577959E
:1042000067956093460570934705809348059093A2
:104210004905E0911202F09113021995AC0189361B
:1042200021E092070CF443C09C0129563140A3E8D9
:10423000BDE20F942DBA0024880F991F001C880F2F
:10424000991F001C892F902D87709927485651403F
:10425000493621E052075CF1009719F18130910550
:10426000D1F082309105A9F08330910581F084303E
:10427000910559F08530910531F0069711F04856B7
:104280005140485651404856514048565140485672
:1042900051404856514048565140493681E05807F0
:1042A00034F040545B40493681E05807D4F7E09041
:1042B000D01CF090D11C4E195F093091461F33700D
:1042C000323031F4C090491DD0904A1D4C195D091F
:1042D000E0914C1D9A01220F331FF0E0A0E0B1E005
:1042E000AE1BBF0B0F9479BA6B017C01A091091F23
:1042F000B0910A1F9F010F9481BAC60ED71EE81E07
:10430000F91EF7FE05C02FEFC20ED11CE11CF11CF7
:104310009927F7FC9A958F2D7E2D6D2D70930A1F8E
:104320006093091F20914E0530914F054091500533
:104330005091510520934A0530934B0540934C050D
:1043400050934D05FF90EF90DF90CF900895CF925E
:10435000DF92EF92FF923FB7F89480917C0D90919D
:104360007D0DA0917E0DB0917F0D26B5A89B05C057
:104370002F3F19F00196A11DB11D3FBFCC24D82EAF
:10438000E92EFA2EC20ED11CE11CF11CCC0CDD1C56
:10439000EE1CFF1CCC0CDD1CEE1CFF1CC09271053A
:1043A000D0927205E0927305F092740580917105C8
:1043B00090917205A0917305B09174054091350AF2
:1043C0005091360A6091370A7091380A841B950B18
:1043D000A60BB70B80937B0590937C05A0937D057E
:1043E000B0937E056091350A7091360A8091370A44
:1043F0009091380A672B682B692BC1F410927B05CA
:1044000010927C0510927D0510927E052091710519
:104410003091720540917305509174052093350ACF
:104420003093360A4093370A5093380AC0907B0580
:10443000D0907C05E0907D05F0907E058091DD06B2
:104440009091DE06A091DF06B091E006C816D9066D
:10445000EA06FB0608F445C05091D81C5F7751303E
:1044600009F444C008F4AAC1523009F439C15430E7
:1044700041F5A091320AB091330A1196B093330AF4
:10448000A093320AE091320AF091330A329709F48C
:1044900031C2C0907B05D0907C05E0907D05F09006
:1044A0007E05F694E794D794C794F694E794D7944E
:1044B000C794C092DD06D092DE06E092DF06F0924D
:1044C000E0064091710550917205609173057091FD
:1044D00074054093350A5093360A6093370A7093F7
:1044E000380AFF90EF90DF90CF9008958091350AC1
:1044F0009091360AA091370AB091380A209162054E
:10450000309163054091640550916505821B930BC2
:10451000A40BB50BAC01BD01440F551F661F771FDF
:10452000840F951FA61FB71FB695A79597958795DA
:1045300080936D0590936E05A0936F05B093700501
:104540006091350A7091360A8091370A9091380A45
:10455000609362057093630580936405909365058D
:10456000C0907B05D0907C05E0907D05F0907E05A5
:1045700080916D0590916E05A0916F05B0917005C9
:10458000C816D906EA06FB0638F4A091320AB091A3
:10459000330A149708F48CC181E090E09093330AB9
:1045A0008093320A8093A8061092DD061092DE06F0
:1045B0001092DF061092E006D090401FD5FE81CF0A
:1045C000E090A806EE2009F47CCFE0911202F09171
:1045D00013021995AC01893621E092070CF443C00F
:1045E0009C0129563140A3E8BDE20F942DBA002466
:1045F000880F991F001C880F991F001C892F902D70
:104600008770992748565140493621E052075CF19E
:10461000009719F181309105D1F082309105A9F010
:104620008330910581F08430910559F085309105F2
:1046300031F0069711F048565140485651404856BF
:1046400051404856514048565140485651404856AE
:104650005140493681E0580734F040545B404936B8
:1046600081E05807D4F76091D01C7091D11C461B93
:10467000570B9091461F9370923031F4C0900B1EEF
:10468000D0900C1E4C195D09F0904C1D9A01220F20
:10469000331F4F2D50E0A0E0B1E0A41BB50B0F94E9
:1046A00079BA6B017C01A091F61EB091F71E9A01B8
:1046B0000F9481BAC60ED71EE81EF91EF7FE05C07C
:1046C0002FEFC20ED11CE11CF11C9927F7FC9A9523
:1046D0008F2D7E2D6D2D7093F71E6093F61EF1CEFB
:1046E00080917B0590917C05A0917D05B0917E0520
:1046F000B695A795979587958093DD069093DE06EE
:10470000A093DF06B093E006B091401FB5FFD9CE6D
:10471000F091A806FF2309F4D4CEE0911202F091A3
:1047200013021995AC01493681E058070CF49BCF70
:104730009A0129563140A3E8BDE20F942DBA002416
:10474000880F991F001C880F991F001C892F902D1E
:104750008770992748565140493621E052070CF49A
:1047600082CF009721F181309105D1F082309105FF
:10477000A9F08330910581F08430910559F085309E
:10478000910531F0069711F0485651404856514076
:10479000485651404856514048565140485651405D
:1047A00048565140493681E058070CF45CCF4054DC
:1047B0005B40493681E05807D4F755CF31E030935C
:1047C000A80640917B0550917C0560917D05709114
:1047D0007E0576956795579547954093DD065093EE
:1047E000DE066093DF067093E006A091320AB09176
:1047F000330A1196B093330AA093320A5091401FA6
:1048000055FF5FCE7091A806772309F45ACEE09148
:104810001202F09113021995AC01493681E0580754
:104820000CF421CF9A0129563140A3E8BDE20F9440
:104830002DBA0024880F991F001C880F991F001C97
:10484000892F902D8770992748565140493621E08D
:1048500052070CF408CF009721F181309105D1F077
:1048600082309105A9F08330910581F08430910563
:1048700059F08530910531F0069711F048565140B6
:10488000485651404856514048565140485651406C
:104890004856514048565140493621E052070CF4E1
:1048A000E2CE40545B40493681E05807D4F7DBCE76
:1048B00020917B0530917C0540917D0550917E05CE
:1048C000569547953795279556954795379527954A
:1048D0002093DD063093DE064093DF065093E0061A
:1048E000E091320AF091330A3196F093330AE09363
:1048F000320AE7CD71E07093A806D090401FD5FE34
:10490000C8CDE090A806EE2009F4C3CDE0911202D4
:10491000F09113021995AC01493681E058070CF467
:1049200043C09A0129563140A3E8BDE20F942DBA45
:104930000024880F991F001C880F991F001C892FC5
:10494000902D8770992748565140493621E05207EB
:104950005CF1009719F181309105D1F08230910519
:10496000A9F08330910581F08430910559F08530AC
:10497000910531F0069711F0485651404856514084
:10498000485651404856514048565140485651406B
:1049900048565140493621E0520734F040545B40BC
:1049A000493681E05807D4F76091D01C7091D11C32
:1049B000461B570B9091461F9370923031F4209113
:1049C0000B1E30910C1E421B530BF0904C1D9A0194
:1049D000220F331F4F2D50E0A0E0B1E0A41BB50B18
:1049E0000F9479BA6B017C01A091F61EB091F71E6D
:1049F0009A010F9481BAC60ED71EE81EF91EF7FE63
:104A000005C02FEFC20ED11CE11CF11C9927F7FC49
:104A10009A958F2D7E2D6D2D7093F71E6093F61E47
:104A200038CD0F931F932091941E26FD21C0009135
:104A3000F41E002301F141111BC0E0911D0CF09107
:104A40001E0CEE0FFF1FEE0FFF1FE85BFC4F608395
:104A500071838283938320911D0C30911E0C2E371D
:104A6000310508F453C0B091941EB064B093941E05
:104A70001F910F9108958091F51E8823C9F3E0914D
:104A80001D0CF0911E0CE753FD4F1082E091A00623
:104A9000F091A106A0919D06B0919E06843009F484
:104AA00046C0908110919F06912349F0E0911D0C22
:104AB000F0911E0CE753FD4F308131603083E0915F
:104AC0009A06F0919B06833009F496C05C91609140
:104AD0009C06562349F0A0911D0CB0911E0CA753C3
:104AE000BD4F7C9172607C93B081F0919906BF2399
:104AF00049F0E0911D0CF0911E0CE753FD4F308101
:104B000034603083442309F44BC041C0A0911D0C94
:104B1000B0911E0C1196B0931E0CA0931D0CF09139
:104B2000941EFF7BF093941E1F910F9108955C914A
:104B300060919C06562349F0A0911D0CB0911E0C6B
:104B4000A753BD4F7C9171607C93A0919A06B09160
:104B50009B06BC9120919906B22349F0A0911D0CAF
:104B6000B0911E0CA753BD4F0C9102600C93F081C5
:104B700080919F06F82349F0E0911D0CF0911E0CE6
:104B8000E753FD4F108114601083423049F4E091E7
:104B90001D0CF0911E0CE753FD4F4081486040838F
:104BA0009091491E90FF09C0E0911D0CF0911E0CE0
:104BB000E753FD4F3081306130835091A806E0917A
:104BC0001D0CF0911E0CE753FD4F552351F17081E0
:104BD0007062708300911D0C10911E0C0F94528610
:104BE000000F111F000F111FF801E85BFC4F6083DD
:104BF0007183828393832FCF208100919906202394
:104C000049F0E0911D0CF0911E0CE753FD4F80819F
:104C1000826080831C9190919C06192309F472CFC5
:104C200068CF60816F7D6083D5CF8091270B8F7DAA
:104C30008093270B2091270B20622093270B309124
:104C4000C0073330E1F0323081F0313029F4E091A7
:104C50000602F091070219957091F51E772321F055
:104C6000A091270BA5FD15C00895E0919A06F0913B
:104C70009B06408190919906492349F3EDCFE0913D
:104C80009A06F0919B065081609199065623F9F699
:104C9000E3CF6091770570917805809179059091C7
:104CA0007A0542E00C9411258091270B8F7D80932B
:104CB000270B2091270B20622093270B3091C207EE
:104CC0003330E1F0323081F0313029F4E0910802E4
:104CD000F091090219957091F51E772321F0A091AA
:104CE000270BA5FD15C00895E0919D06F0919E0645
:104CF000408190919C06492349F3EDCFE0919D06B8
:104D0000F0919E06508160919C065623F9F6E3CF00
:104D100060917B0570917C0580917D0590917E0569
:104D200041E00C9411258091270B8F7D8093270BF8
:104D30002091BE07233099F12230A1F02130D9F41F
:104D4000E0910402F09105021995A091F41EAA23A6
:104D500021F0B091270BB5FD17C0F091F51EF111B0
:104D600013C00895E091A006F091A10630819091C2
:104D70009F06392329F36091F41E662371F3709125
:104D8000270B75FFEACF089560917F05709180052C
:104D9000809181059091820540E00C941125E0916D
:104DA000A006F091A106408150919F06452341F64F
:104DB000E2CF90E080E0089590E080E008950F93C6
:104DC0001F93CF93DF939091941E96FF6CC004E0E5
:104DD00000931F0CC82FD0E0CF3708F058C0A09127
:104DE0009706B09198068E01000F111F000F111F3A
:104DF000085B1C4FF8016081718182819381692F6A
:104E0000772788279927ED91FC9111970190F081E0
:104E1000E02DCD011995A0919706B0919806F80163
:104E20002081318142815381BA0188279927ED91F0
:104E3000FC9111970190F081E02DCD011995A09181
:104E40009706B0919806F801408151816281738183
:104E50009927872F762F652FED91FC91119701905F
:104E6000F081E02DCD011995A0919706B09198069B
:104E7000F8016081718182819381ED91FC9111979C
:104E80000190F081E02DCD0119952196A5CF1091CB
:104E9000941E1F7B1093941E10921F0C10921E0CD8
:104EA00010921D0C12C0CCEFD1E08091970690912A
:104EB0009806DC01ED91FC910190F081E02D60E01D
:104EC0001995219791F710921F0CDF91CF911F91A7
:104ED0000F910895EF92FF920F931F93CF93DF935B
:104EE00040910002442321F0109200021092AB1E68
:104EF000E091491E5091951EE090951E2E2F217035
:104F000030E03195219531092527207833272E254A
:104F10002093951E1092A00D9B012056324F7901CF
:104F2000C0EADDE08C01005A1D40CE15DF0541F0DE
:104F3000C8018C0F9D1F0E94B99189832196F5CFDE
:104F40008091961E877F8093961EDF91CF911F914F
:104F50000F91FF90EF900895CF93C82F80919706FF
:104F600090919806DC01ED91FC910480F581E02D93
:104F70001995892B99F38091970690919806DC01F9
:104F8000ED91FC910190F081E02D6C2FCF9119945F
:104F9000CF93C82F892F0E94AC278C2FCF910C94D0
:104FA000AC278091970690919806DC01ED91FC91D9
:104FB0000084F185E02D19951816190664F4809186
:104FC000970690919806DC01ED91FC910284F3859F
:104FD000E02D1995E6CF08950F931F930F94747CDD
:104FE0000091AD021091AE022091AF023091B0025B
:104FF000601B710B820B930B21E0613971408105BD
:10500000910508F420E0822F1F910F9108950F93CE
:105010001F93CF93DF938C01EC01C60FD71FC017EE
:10502000D107F1F00E94EC2781111AC080919706F8
:1050300090919806DC01ED91FC910084F185E02DC2
:105040001995892B61F38091970690919806DC0160
:10505000ED91FC910284F385E02D19958A93DFCFC1
:10506000DF91CF911F910F910895CF93DF9300D0DF
:105070001F92CDB7DEB764E070E0CE0101960E94CA
:1050800007280E94EC27811105C069817A818B81F4
:105090009C8103C060E070E0CB010F900F900F90F7
:1050A0000F90DF91CF910895CF93DF931F921F92BE
:1050B000CDB7DEB762E070E0CE0101960E9407280E
:1050C0000E94EC27811103C089819A8102C090E07F
:1050D00080E00F900F90DF91CF9108953FB7F89443
:1050E00080917C0D90917D0DA0917E0DB0917F0DF2
:1050F00026B5A89B05C02F3F19F00196A11DB11D33
:105100003FBF6627782F892F9A2F620F711D811D4F
:10511000911D660F771F881F991F660F771F881FC5
:10512000991F609383057093840580938505909300
:1051300086058091830590918405A0918505B091A5
:1051400086054091BF0A5091C00A6091C10A7091D2
:10515000C20A841B950BA60BB70B80937F05909317
:105160008005A0938105B093820520917F05309141
:10517000800540918105509182056091F006709103
:10518000F1068091F2069091F3062617370748073B
:10519000590708F493C05091270B50625093270B86
:1051A000A091E906B091EA061196B093EA06A093A1
:1051B000E906E091E906F091EA06319709F47FC02B
:1051C0008091E9069091EA06059709F478C09091DC
:1051D000491E90FF73C0B091991EB1FF13C0F091AA
:1051E000DC1CF7FF0FC0A091E906B091EA06119709
:1051F00009F4BBC0E091E906F091EA06339711F497
:105200000F94F5004091E9065091EA0641305105AE
:1052100009F494C02091E9063091EA062330310563
:1052200009F48CC06CE670E07093F7066093F606A4
:1052300040917F05509180056091810570918205B4
:10524000DB01CA01880F991FAA1FBB1F840F951F7E
:10525000A61FB71FB695A79597958795B695A7955D
:1052600097958795B695A795979587958093F0061E
:105270009093F106A093F206B093F3062091BF0A33
:105280003091C00A4091C10A5091C20A2093EB06A6
:105290003093EC064093ED065093EE066091830543
:1052A0007091840580918505909186056093BF0A71
:1052B0007093C00A8093C10A9093C20A089541E096
:1052C00050E05093EA064093E9062091E5063091BC
:1052D000E6064091E7065091E8062093E1063093F8
:1052E000E2064093E3065093E406609183057091D3
:1052F000840580918505909186056093E5067093FD
:10530000E6068093E7069093E8067091491E716067
:105310007093491E8091B51E9091B61EA091B71E44
:10532000B091B81E0196A11DB11D8093B51E90933A
:10533000B61EA093B71EB093B81E49CF88E490E084
:105340009093F7068093F60640917F055091800573
:1053500060918105709182054093F0065093F106AB
:105360006093F2067093F30689CF0F94A5014ACF9C
:10537000CF93C82F843690F465E973E18091970646
:10538000909198060F944A8ACA3040F463E973E119
:1053900080919706909198060F944A8A4C2F50E07E
:1053A00070E060E02AE080919706909198060F9453
:1053B000CF8067E973E18091970690919806CF912D
:1053C0000D944A8A0F931F93CF93DF93EC018B01C7
:1053D0008091970690919806C017D10781F0499166
:1053E00050E070E060E02AE00F94CF8061E973E163
:1053F00080919706909198060F944A8AE9CFDF91A1
:10540000CF911F910F910D9475880F931F93CF9398
:10541000DF93EC018B01C017D10741F069918091B6
:105420009706909198060F94107FF5CFDF91CF915A
:105430001F910F910895CF93DF93EC0181E080934A
:105440001F0CCE010E94C827D093AB02C093AA02C2
:10545000BE0190E080E00F94387D9C019093A902FA
:105460008093A802249691E0C217D30709F490E034
:1054700090931F0CDF91CF910895CF92DF92EF921E
:10548000FF920F931F93CF9380914F0D8073909154
:10549000DC1C90FD1EC0803109F469C08032F1F43B
:1054A0003091031F333009F429C108F4E7C03530C7
:1054B00009F4D9C008F437C1363081F4F090570DA3
:1054C00078ECF79ED0011124B093BE1EA093BD1EB0
:1054D00005C0803159F0803209F487C0CF911F9107
:1054E0000F91FF90EF90DF90CF9008951091031FE0
:1054F000133009F4E8C008F498C0153009F4E0C08E
:1055000008F4A1C0C091570D163041F7C0904A1E53
:10551000D0904B1EE0905A1EF12CEE0CFF1C00E7C1
:1055200015E120E635E140E255E168E089E195E1E9
:105530000F949340C89F9001112436952795369576
:105540002795ABE7B4E10F942DBA96958795880F10
:10555000991F880F991F811522E0920708F458C0FF
:105560002FEF31E03093BA1E2093B91EB7CF3091A0
:10557000031F333009F4AAC008F44FC0353009F4D2
:105580009CC008F463C0C091570D363009F0A6CF17
:10559000C0904A1ED0904B1EE0905A1EF12CEE0C8B
:1055A000FF1C00E715E120E635E140E255E168E047
:1055B00089E195E10F949340C89FA0011124440F05
:1055C000551F440F551F413127E2520710F040E1AB
:1055D00057E25093BE1E4093BD1ECF911F910F9175
:1055E000FF90EF90DF90CF9008950091031F03305C
:1055F00009F46FC008F452C0053059F108F49EC098
:10560000063009F06BCF8091570D90E0880F991FFD
:105610009093BA1E8093B91E61CF313089F0C0914A
:10562000530D323009F4B4CF59CF113031F0C0915D
:10563000530D123009F46ACF51CFC091520D66CF8D
:10564000C091520DA5CFC091550D60CFC091550DA1
:105650009FCF8091560D90E0880F991F9093BA1EAE
:105660008093B91E3BCFF091560D98ECF99F8001C5
:1056700011241093BE1E0093BD1E30CF313099F11E
:10568000323009F02BCFC090530D48ECC49E70010E
:105690001124F092BE1EE092BD1E20CF0130C9F150
:1056A000023009F01BCF8091530D90E0880F991FB5
:1056B0009093BA1E8093B91E11CFC091560D68CF3A
:1056C000C091560D23CFC091540D20CFC091540DE1
:1056D0005FCF8091540D90E0880F991F9093BA1E70
:1056E0008093B91EFBCED090520D58ECD59EB001E0
:1056F00011247093BE1E6093BD1EF0CE1091540D08
:10570000C8EC1C9F900111243093BE1E2093BD1E37
:10571000E5CE8091520D90E0880F991F9093BA1EAC
:105720008093B91EDBCEB091550DE8ECBE9FC00151
:1057300011249093BE1E8093BD1ED0CE8091550D36
:1057400090E0880F991F9093BA1E8093B91EC6CE21
:105750009C0121503240283141E03407C0F12F5FD5
:105760003E4F2230310598F1843023E0920709F44E
:10577000F3C3A8F58D3022E0920709F4F5C308F0D1
:105780005BC0853022E0920709F4D9C308F4EEC06B
:10579000893022E0920709F4C1C308F44DC18B306F
:1057A00022E0920709F40CC208F43DC27091BB1EBE
:1057B00071FF05C090913208986090933208A091D3
:1057C0003208A3FDD1C00F94241181E008954091C7
:1057D0004A1E50914B1E452B39F280E008958331CB
:1057E00043E0940709F482C308F047C08B3043E0DC
:1057F000940709F49AC208F4E5C08F3043E0940797
:1058000009F482C208F42CC1813143E0940709F401
:10581000FDC108F473C36091BB1E61FF05C07091A8
:1058200031087062709331089091310895FD9CC0E9
:105830000F94E61481E00895843122E0920709F480
:10584000ACC308F4A9C0883122E0920709F494C3DC
:1058500008F41AC1823023E0920709F4FAC208F072
:10586000E7C28130934009F0B8CFE091BB1EE1FF61
:105870007BC00F94F90181E00895823042E39407E0
:10588000F0F4811522E3920708F06EC0863143E000
:10589000940709F48DC108F40BC1873143E09407E4
:1058A00009F05CC1F091BB1EF1FF5EC00F94A01324
:1058B000209131082F772093310881E008958330BB
:1058C00049E9940709F4D0C108F092C0813049E950
:1058D000940709F46EC208F053C28115994909F082
:1058E0007CCF8091860C8370813009F495C3F89445
:1058F00080918F0A87FD8C5F18160CF0A9C3082EC3
:10590000000C990BFC01EE0FFF1FEE0FFF1FE1587B
:10591000F54F2081318142815381880F991F880F73
:10592000991FFC01E558F54F80819181A281B381D7
:10593000281B390B4A0B5B0B789421153105410567
:10594000510591F060E077E883E993E00F940BBA9A
:105950003093880C2093870C81E00F94745630911B
:10596000961E38603093961E81E00895813022E0C3
:10597000920709F437C208F4E1C0833022E09207AD
:1059800009F445C208F436C27091BB1E71FFECCF1A
:105990000F94B21281E00895803122E0920709F459
:1059A00072C208F497C0823122E0920709F4D7C18D
:1059B00008F4C8C1F091BB1EF1FFD6CF0F94741646
:1059C00081E00895873043E0940709F49FC208F40A
:1059D0009BC0893043E0940709F46AC208F45BC2B3
:1059E0006091BB1E61FFC0CF0E94E9FF81E0089576
:1059F000853029E9920709F4F6C208F4DBC2863043
:105A0000994909F0EACE2091001F3091011F21151C
:105A1000310509F4A9CFA0E1B7E20F942DBA209186
:105A20004A1E30914B1E50E040E00F940BBA309369
:105A3000950C2093940C90CF873022E0920709F4C4
:105A4000DDC008F4CAC08091BB1E81FF8DCF0F94CA
:105A5000C311309132083B7F3093320881E00895C2
:105A60008D3043E0940709F447C108F434C14091F4
:105A7000BB1E41FF79CF0E94E5FE809131088F7EE9
:105A80008093310881E00895863122E0920709F47D
:105A9000E3C008F4D0C09091BB1E91FF65CF0F9476
:105AA0009615A0913208AF77A093320881E008954F
:105AB000843143E0940709F066C07091BB1E71FF0A
:105AC00053CF0F943614909131089F7B90933108F7
:105AD00081E008958E3022E0920709F4FAC18F30F8
:105AE000924009F07ACE5091BB1E51FF05C06091E3
:105AF00032086061609332087091320874FD34CFCF
:105B00000F948F1081E00895853043E0940709F4E5
:105B1000ADC18630934009F060CEE091BB1EE1FF3D
:105B200005C0F0913108F260F093310820913108FE
:105B300021FD1ACF0F94F50081E00895811521E031
:105B4000920709F4AAC08130914009F046CE8091B5
:105B5000BB1E82608093BB1E81E008958831934014
:105B600009F03BCEA091BB1EA1FF05C0B09131084A
:105B7000B068B0933108E0913108E7FDF5CE0F949D
:105B8000A01381E008958531934009F026CE30912D
:105B9000BB1E31FF05C0509131085064509331084D
:105BA0006091310866FDE0CE0F94361481E00895CF
:105BB0004091BB1E41FFD8CE0F94E71381E00895BA
:105BC000B091BB1EB1FFD0CE0F942411E0913208EA
:105BD000E77FE093320881E00895F091BB1EF1FF6A
:105BE00005C020913208226020933208409132088B
:105BF00041FDBACE0F94621281E008955091BB1E10
:105C000051FFB2CE0F94131281E00895A091BB1EF4
:105C1000A1FFAACE0F94E614B0913108BF7DB093D6
:105C2000310881E008956091BB1E61FF9DCE0F9405
:105C3000741181E008955091BB1E51FF05C0609121
:105C400032086064609332087091320876FD8CCE21
:105C50000F94291681E00895B091BB1EB1FF84CE48
:105C60000F94E01581E008952091001F3091011FED
:105C70002115310509F478CEA0E1B7E20F942DBAD1
:105C800020914A1E30914B1E50E040E00F940BBA19
:105C900030938F0C20938E0C5FCE3091BB1E3D7FD6
:105CA0003093BB1E0F94A5010F94F5000F9445008F
:105CB0000E9495FF0F9401130F9462120F94C31169
:105CC0000F9424110F948F100F94FA0F1092320832
:105CD0001092310849CEE091BB1EE1FF05C0F09162
:105CE0003108F860F09331082091310823FD3CCE53
:105CF0000E9495FF81E008953091BB1E31FF34CEA4
:105D00000E9439FF81E00895E091BB1EE1FF05C0CC
:105D1000F0913108F061F09331082091310824FDB1
:105D200023CE0E94E5FE81E008954091BB1E41FF15
:105D30001BCE0E9495FF80913108877F80933108A8
:105D400081E00895B091BB1EB1FF0ECE0F94FA0F03
:105D5000E0913208EF7DE093320881E008952091D0
:105D6000BB1E21FF05C040913208406240933208BB
:105D70008091320885FDF8CD0F94FA0F81E00895E7
:105D80002091001F3091011F2115310509F4ECCD40
:105D9000A0E1B7E20F942DBA20914A1E30914B1E1C
:105DA00050E040E00F940BBA30938D0C20938C0C94
:105DB000D3CD2091001F3091011F2115310509F429
:105DC000D3CDA0E1B7E20F942DBA20914A1E3091B5
:105DD0004B1E50E040E00F940BBA30938B0C209395
:105DE0008A0CBACDE091BB1EE1FFBECD0F945113DA
:105DF00081E008955091BB1E51FFB6CD0F94011361
:105E0000609132086E7F6093320881E0089590912E
:105E1000BB1E91FF05C0A0913208A160A09332087B
:105E2000B0913208B0FDA0CD0F94011381E0089528
:105E3000F091BB1EF1FF05C0209131082160209335
:105E400031084091310840FD8FCD0F94A50181E0CC
:105E500008958091BB1E81FF87CD0F94A5013091DD
:105E600031083E7F3093310881E008954091BB1E98
:105E700041FF7ACD0F94F500809131088D7F80939A
:105E8000310881E008953091BB1E31FF6DCD0F9434
:105E9000451081E008953091BB1E31FF65CD0F9410
:105EA0004500509131085B7F5093310881E008959F
:105EB0007091BB1E71FF05C0909131089460909362
:105EC0003108A0913108A2FD4FCD0F94450081E02B
:105ED00008959091BB1E91FF47CD0F948F10A09114
:105EE0003208AF7EA093320881E008955091BB1E26
:105EF00051FF3ACD0F948A1481E008955091BB1E52
:105F000051FF32CD0F943A1581E00895B091BB1E38
:105F1000B1FF2ACD0F94990081E00895F091BB1E46
:105F2000F1FF05C02091320824602093320840918F
:105F3000320842FD19CD0F94C31181E0089580917C
:105F4000BB1E81FF11CD0F946212309132083D7F4C
:105F50003093320881E008957091BB1E71FF04CD2B
:105F60000F94490181E00895B091BB1EB1FFFCCCB4
:105F70000F94DA1081E008955091BB1E51FF05C0C7
:105F8000609132086068609332087091320877FD42
:105F9000EBCC0F94961581E008959091BB1E91FF74
:105FA000E3CC0F942916A0913208AF7BA09332085E
:105FB00081E008952091001F3091011F21153105C6
:105FC00009F4D2CCA0E1B7E20F942DBA20914A1E79
:105FD00030914B1E50E040E00F940BBA3093910C7F
:105FE0002093900CB9CC2091001F3091011F2115F6
:105FF000310509F4B9CCA0E1B7E20F942DBA209194
:106000004A1E30914B1E50E040E00F940BBA309383
:10601000930C2093920CA0CCE0919E0CE295EF7033
:10602000F0E0EE0FFF1FE054F14E20813181A9E82E
:10603000B8E80F942DBA96958795929582958F70B2
:1060400089279F7089279093880C8093870C84CC34
:1060500020917F0A3091800A4091810A5091820AF2
:1060600060918B0A70918C0A80918D0A90918E0AB2
:10607000261B370B480B590B5FCC89E090E0A0E062
:10608000B0E08093F0069093F106A093F206B093EF
:10609000F3061092DD061092DE061092DF061092D3
:1060A000E0061092330A1092320A2091270B2E7FBD
:1060B0002093270B3091270B32603093270B4091B0
:1060C000270B48604093270B61E070E07093EA066D
:1060D0006093E906A2E0B0E0B093F706A093F6065D
:1060E0005091270B5F7B5093270B1092340A81ED60
:1060F0009AEBA4E0B0E080930A0290930B02A09385
:106100000C02B0930D02EDEAF6E026EC32E03183AA
:10611000208343E550E05383428363E770E0758357
:106120006483AAEAB0E0B783A68387E091E0918711
:10613000808727E231E0338722874EE551E055879B
:1061400044876BEB71E077876687ABEDB1E0B18B8D
:10615000A08B82E192E0938B828B2FE632E0358B2D
:10616000248B4FE852E0578B468B089508959B018E
:10617000AC01A0918705B09188050F94F8B9DC01B6
:10618000CB01905CAF4FBF4F9D01990F221F331F72
:10619000A12DAA1FB12DC9010895A0EDBCE11F9644
:1061A000EC911F97F0E014964C9128E631E0429F65
:1061B000C001439F900D1124BF010F9496B97093B5
:1061C000F7066093F6068FEF90E09093EA068093CF
:1061D000E9066CE271E0E69FD001E79FB00DF69F03
:1061E000B00D11249D0150E040E060E472E48FE0C6
:1061F00090E00F94D9B92093F0063093F1064093C4
:10620000F2065093F30641E453E060E070E04093FF
:10621000DD065093DE066093DF067093E006309152
:10622000270B3E7F3093270B5091270B52605093E2
:10623000270B7091270B78607093270B2091F6063F
:106240003091F706A5E0BDE00F942DBA60930A02E5
:1062500070930B0280930C0290930D0208958AE5CF
:1062600090E09093F7068093F60623E630E03093B3
:10627000EA062093E9063091270B3E7F3093270BE7
:106280004091270B42604093270B68E070E07093C9
:10629000F5066093F4065091491E51FF74C01092A8
:1062A000BF0A1092C00A1092C10A1092C20A10923C
:1062B000EB061092EC061092ED061092EE06A6EC9C
:1062C000B2E0B093AE06A093AD06E4E6F0E0F09342
:1062D000B006E093AF068AEA90E09093B20680930E
:1062E000B10628E131E03093B4062093B3064EE5C1
:1062F00051E05093B6064093B5066CEC71E0709394
:10630000B8066093B706A2E1B2E0B093BA06A093D4
:10631000B906E0E8F2E0F093BC06E093BB062091FA
:10632000F6063091F706A5E0BDE00F942DBA609314
:106330000A0270930B0280930C0290930D028CED75
:1063400095E0A0E0B0E08093F0069093F106A09372
:10635000F206B093F3061092DD061092DE0610925C
:10636000DF061092E0067091270B70617093270B87
:106370009091270B90649093270BB091270BB860F6
:10638000B093270B08951092330A1092320A0F949B
:1063900052866093BF0A7093C00A8093C10A90939B
:1063A000C20A85CF1092F7061092F6068EEA90E0A8
:1063B0009093AE068093AD0622EC30E03093B006A9
:1063C0002093AF0646ED50E05093B2064093B106DD
:1063D0006AEE70E07093B4066093B306A6E2B1E093
:1063E000B093B606A093B506EAE3F1E0F093B806E1
:1063F000E093B7068EE491E09093BA068093B906D5
:1064000022E631E03093BC062093BB064EE951E012
:106410005093BE064093BD0662EB71E07093C006D8
:106420006093BF06A6ECB1E0B093C206A093C1068C
:10643000EAEDF1E0F093C406E093C3068CE29DE040
:10644000A3E0B0E080930A0290930B02A0930C02A9
:10645000B0930D023091491E31FD10C02DE030E0A7
:106460003093EA062093E9060F9452866093BF0AA0
:106470007093C00A8093C10A9093C20A5091270B6F
:106480005E7F5093270B7091270B7D7F7093270BB6
:106490009091270B90649093270BB091270BB860D5
:1064A000B093270B08958FE090E09093F7068093C8
:1064B000F6062CE030E03093AE062093AD0642E1C4
:1064C00050E05093B0064093AF0661E270E07093E5
:1064D000B2066093B106A0E3B0E0B093B406A09317
:1064E000B306EFE3F0E0F093B606E093B5068EE472
:1064F00090E09093B8068093B70626E630E030939C
:10650000BA062093B9064CE650E05093BC0640937F
:10651000BB066BE770E07093BE066093BD06AAE809
:10652000B0E0B093C006A093BF06E2EAF0E0F093BB
:10653000C206E093C10681EB90E09093C40680937D
:10654000C30627EB30E03093C6062093C50646EC21
:1065500050E05093C8064093C7066EED70E070930C
:10656000CA066093C906ADEEB0E0B093CC06A09326
:10657000CB06ECEFF0E0F093CE06E093CD0682E0A0
:1065800091E09093D0068093CF062AE131E03093DA
:10659000D2062093D10640E251E05093D4064093B6
:1065A000D30668E371E07093D6066093D506A7E43E
:1065B000B1E0B093D806A093D706E6E5F1E0F093FA
:1065C000DA06E093D90685E691E09093DC068093A5
:1065D000DB062091F6063091F706A5E0BDE00F94AA
:1065E0002DBA60930A0270930B0280930C02909371
:1065F0000D023091491E31FD10C029E130E0309389
:10660000EA062093E9060F9452866093BF0A7093BE
:10661000C00A8093C10A9093C20A5091270B5E7FF3
:106620005093270B7091270B72607093270B9091FA
:10663000270B90649093270BB091270BB860B09311
:10664000270B089584EB90E09093F7068093F6066D
:1066500023E630E03093EA062093E9063091270BD9
:106660003E7F3093270B4091270B42604093270BCE
:106670005091270B50615093270B6091270B60645A
:106680006093270B7091270B78607093270B8BE436
:1066900098E9A5E0B0E080930A0290930B02A093E2
:1066A0000C02B0930D029091491E91FF5DC0A09124
:1066B000440CA07FA03609F467C0EBECF2E0F09345
:1066C000AE06E093AD0629E630E03093B0062093A5
:1066D000AF064FEA50E05093B2064093B1066DE129
:1066E00071E07093B4066093B30683E691E09093F3
:1066F000B6068093B506A1EDB1E0B093B806A093BD
:10670000B706E7E1F2E0F093BA06E093B90625E8B0
:1067100032E03093BC062093BB0648E050E0509333
:10672000F5064093F4068CED95E0A0E0B0E0809390
:10673000F0069093F106A093F206B093F30621E4DD
:1067400033E040E050E02093DD063093DE064093D6
:10675000DF065093E00610925205109253051092F6
:1067600054051092550508950F9452866093BF0A00
:106770007093C00A8093C10A9093C20AA091440CFE
:10678000A07FA03609F099CF6BEC72E07093AE0653
:106790006093AD068DE290E09093B0068093AF06D3
:1067A000A3E7B0E0B093B206A093B106E5EAF0E04B
:1067B000F093B406E093B3062BEE30E03093B606C8
:1067C0002093B5064DE151E05093B8064093B706CB
:1067D00063E671E07093BA066093B90685E991E0CB
:1067E0009093BC068093BB06ABEDB1E0B093BE06C0
:1067F000A093BD06EDE0F2E0F093C006E093BF0683
:1068000023E532E03093C2062093C10645E852E00A
:106810005093C4064093C3066CE070E07093F50695
:106820006093F40680CFCF938091440CC82FC2951B
:10683000CF706C2F70E06115710509F46DC0709315
:10684000F5066093F40682FD71C080ED92E00F942E
:1068500096B97093F7066093F6062C2F30E050E05F
:1068600040E065E07DE080E090E00F940BBA20937B
:10687000F0063093F1064093F2065093F3064091F0
:10688000F0065091F1066091F2067091F30676954C
:106890006795579547954093F0065093F10660939E
:1068A000F2067093F3061092F0061092F106109221
:1068B000F2061092F3063091270B3E7F3093270BA0
:1068C0005091270B5D7F5093270B6091270B677FBB
:1068D0006093270B1092EA061092E9067091270B3D
:1068E00070617093270B9091270B90649093270B06
:1068F0002091F6063091F706C53008F1A5E0BDE01D
:106900000F942DBA60930A0270930B0280930C02CD
:1069100090930D02CF91089521E030E03093F50679
:106920002093F40661E070E082FF8FCF88E691E06B
:106930000F9496B97093F7066093F6068ECFABE38B
:10694000B7E00F942DBA60930A0270930B02809304
:106950000C0290930D02CF910895CF92DF92EF92A7
:10696000FF920F931F93CF93DF93E091DF1CF0E032
:1069700088E691E0BF010F9482B97093F7066093A7
:10698000F6068091D51C81FF09C080ED92E0BF0121
:106990000F9482B97093F7066093F6060FEF10E03C
:1069A0001093EA060093E9064CE251E0E49F90015F
:1069B000E59F300DF49F300D112450E040E060E47D
:1069C00072E48FE090E00F94D9B92093F0063093F1
:1069D000F1064093F2065093F30621E433E040E0E1
:1069E00050E02093DD063093DE064093DF0650939F
:1069F000E0061091270B1E7F1093270B3091270B79
:106A000032603093270B5091270B50645093270B23
:106A10006091270B68606093270B2091F6063091F8
:106A2000F706A5E0BDE00F942DBA60930A027093BB
:106A30000B0280930C0290930D02C091F606D09148
:106A4000F7067E01D7FF03C0D195C195D109CE01CC
:106A50000F9460BA0FE010E0081B190BCE010197EC
:106A60008C239D23892B09F44FC0C8010197CC24A6
:106A7000C394D12CB60102C0660F771F8A95E2F746
:106A800090E080E0CB01772766279E0150E040E050
:106A90000F940BBAC901C29FF001C39FF00DD29FA2
:106AA000F00D1124DE01AE0FBF1F002E02C0CC0C72
:106AB000DD1C0A94E2F7AC15BD05B8F4015001964F
:106AC000F7FE04C000689195819591099093670540
:106AD0008093660500936805DF91CF911F910F9118
:106AE000FF90EF90DF90CF900895880F991F442773
:106AF00055274E1B5F0B9A01220F331F2C173D07A2
:106B000048F001960064DBCF7F2D7078072B90E072
:106B100080E0DCCF24173507A8F70196F3CFCF929A
:106B2000DF92EF92FF920F931F93CF93DF938091A9
:106B3000270B8D7F8093270BC091DF1CD0E088E668
:106B400091E0BE010F9482B97093F7066093F60648
:106B5000C090D51C9C2D9270F92EC1FE0EC080ED08
:106B600092E0BE010F9482B97093F7066093F60627
:106B70000091270B02600093270B0091E01C10E0AE
:106B80009E01201B310B3093F5062093F4064CE256
:106B900051E0C49F9001C59F300DD49F300D11244A
:106BA00050E040E060E472E48FE090E00F94D9B9E7
:106BB0002093F0063093F1064093F2065093F306CB
:106BC0003091D81C3F77313009F4DAC065E07DE0C0
:106BD00080E090E06093DD067093DE068093DF0630
:106BE0009093E0065091270B5E7F5093270BD5952D
:106BF000C795C093EF061092EB061092EC06109228
:106C0000ED061092EE061092EA061092E906109236
:106C1000330A1092320A10924505109244051092E0
:106C2000E5061092E6061092E7061092E80610922A
:106C3000E1061092E2061092E3061092E40620911B
:106C4000F6063091F706A5E0BDE00F942DBA9B0142
:106C5000AC01D80111960F94F8B960930A027093B1
:106C60000B0280930C0290930D02F11010C0109152
:106C7000DC1C1C711C3009F477C07091460C7073D9
:106C8000703309F471C0E090401FE5FC6DC0A09125
:106C9000270BA77FA093270BC091F606D091F7068C
:106CA0007E01D7FF03C0D195C195D109CE010F94C4
:106CB00060BA0FE010E0081B190BCE0101978C237E
:106CC0009D23892B09F456C0C8010197CC24C39495
:106CD000D12CB60102C0660F771F8A95E2F790E0CB
:106CE00080E0CB01772766279E0150E040E00F94BB
:106CF0000BBAC901C29FF001C39FF00DD29FF00DE6
:106D00001124AE014E0F5F1F002E02C0CC0CDD1C03
:106D10000A94E2F74C155D05B8F401500196F7FEB0
:106D200004C00068919581959109909367058093BF
:106D3000660500936805DF91CF911F910F91FF9039
:106D4000EF90DF90CF900895C901880F991FAA276F
:106D5000BB27AE1BBF0B9D01220F331F2C173D0716
:106D6000E0F001960064DACFB091270BB860B093E1
:106D7000270B92CFCF2DC0780C2B90E080E0D5CFA1
:106D800080EA91E0A0E0B0E08093DD069093DE061B
:106D9000A093DF06B093E00625CF2A173B0710F734
:106DA0000196E0CFCF93DF932091250B3091260BF6
:106DB000232B29F540914A1E50914B1E452BF9F08B
:106DC000A0919505B0919605A617B707D9F0C09187
:106DD0009305D0919405C617D70709F45BC0E091DD
:106DE0009105F0919205E617F70709F417C1209174
:106DF0007505309176052617370709F494C0DF91A1
:106E0000CF910895A091190BB0911A0BF0916610D3
:106E1000F33009F4D1C02091B51E3091B61E4091D7
:106E2000B71E5091B81E273031054105510538F382
:106E3000E0917910F0917A10C081D181A81BB90B33
:106E400080910E0290910F02B7FD7AC18A179B07BD
:106E500014F4A81BB90B20910F0B3091100B40912B
:106E6000110B5091120B0F94F8B960587F4F8F4F50
:106E70009F4FAAE09695879577956795AA95D1F744
:106E80006C0F7D1F7093721060937110A1E0A0933E
:106E90007810B5CFA0910C08B0910D08D091471093
:106EA000D33009F404C12091B51E3091B61E409133
:106EB000B71E5091B81E273031054105510508F421
:106EC0009ECFC0915A10D0915B10E881F981A81B28
:106ED000B90B60910E0270910F02B7FD37C16A17AE
:106EE0007B0714F4A61BB70B20910F0B3091100BEE
:106EF0004091110B5091120B0F94F8B960587F4FCD
:106F00008F4F9F4F4AE096958795779567954A955D
:106F1000D1F76E0F7F1F7093531060935210B1E042
:106F2000B09359106CCFA0910608B091070830912A
:106F30000910333009F4D3C04091B51E5091B61EEC
:106F40006091B71E7091B81E4730510561057105FB
:106F500008F455CFC0911C10D0911D10E881F98123
:106F6000A81BB90B80910E0290910F02B7FDF4C0DF
:106F70008A179B0714F4A81BB90B20910F0B3091B3
:106F8000100B4091110B5091120B0F94F8B96058EF
:106F90007F4F8F4F9F4F2AE09695879577956795FE
:106FA0002A95D1F76E0F7F1F709315106093141000
:106FB00051E050931B1023CFE0917910F0917A109B
:106FC0000190F081E02DA81BB90B60910E02709129
:106FD0000F02B7FDB8C06A177B0714F4A61BB70BE6
:106FE000C0917B10D0917C1020910F0B3091100B31
:106FF0004091110B5091120B0F94F8B960587F4FCC
:107000008F4F9F4F5AE096958795779567955A953C
:10701000D1F76E0F7F1F79836883F1CEA0910A08A4
:10702000B0910B0870912810733009F470C0209152
:10703000B51E3091B61E4091B71E5091B81E273034
:1070400031054105510508F4DACEE0913B10F0918D
:107050003C10C081D181A81BB90B40910E02509108
:107060000F02B7FD7FC04A175B0714F4A41BB50BD2
:1070700020910F0B3091100B4091110B5091120B7E
:107080000F94F8B960587F4F8F4F9F4F3AE0969515
:107090008795779567953A95D1F76C0F7D1F70931B
:1070A00034106093331091E090933A10A8CEC091C1
:1070B0005A10D0915B10E881F981A81BB90B40915F
:1070C0000E0250910F02B7FD44C04A175B0714F43B
:1070D000A41BB50BC0915C10D0915D1085CFC09101
:1070E0001C10D0911D10E881F981A81BB90B60918B
:1070F0000E0270910F02B7FD32C06A177B0714F4BD
:10710000A61BB70BC0911E10D0911F106DCFE09140
:107110003B10F0913C100190F081E02DA81BB90BC1
:1071200080910E0290910F02B7FD1FC08A179B0736
:1071300014F4A81BB90BC0913D10D0913E1054CF50
:10714000A80FB91F88CEA60FB71F4ACFA60FB71F2B
:10715000CBCEA40FB51FBECFA80FB91F0ECFA60F61
:10716000B71FD0CFA40FB51F83CFA80FB91FE3CF90
:107170003FB7F89480917C0D90917D0DA0917E0D8C
:10718000B0917F0D26B5A89B05C02F3F19F0019641
:10719000A11DB11D3FBF6627782F892F9A2F620F3F
:1071A000711D811D911D660F771F881F991F660F26
:1071B000771F881F991F60938305709384058093C0
:1071C0008505909386058091830590918405A09113
:1071D0008505B09186054091BF0A5091C00A609123
:1071E000C10A7091C20A841B950BA60BB70B809342
:1071F0007F0590938005A0938105B093820520912F
:107200007F05309180054091810550918205609104
:10721000F0067091F1068091F2069091F306261720
:1072200037074807590708F46FC0A091E906B091E5
:10723000EA061196B093EA06A093E9065091340A43
:107240005F5F5093340A7091270B70627093270B25
:107250008091BF0A9091C00AA091C10AB091C20A60
:107260008093EB069093EC06A093ED06B093EE06A8
:107270004091830550918405609185057091860544
:107280004093BF0A5093C00A6093C10A7093C20A28
:10729000E091E906F091EA063E9770F01092EA0656
:1072A0001092E9069091491E9E7F9093491EB091DD
:1072B000F11EBF5FB093F11E2091320A3091330A64
:1072C0002130310509F402C198F12230310509F469
:1072D00028C123303105C9F4A091E906B091EA062E
:1072E000129709F418C15091491E5E7F5093491EB0
:1072F0007091F11E7F5F7093F11E82E090E0909399
:10730000EA068093E90610C00895F091491EFE7FB9
:10731000F093491E3091270B3F7B3093270B6091F0
:10732000F11E6F5F6093F11E1092330A1092320AC1
:107330005091491E50FFE8CF7091991E71FF24C0F3
:107340004091DC1C47FF20C0E091E906F091EA067D
:10735000319709F408C12091E9063091EA062730F7
:10736000310509F400C16091E9067091EA066430C4
:10737000710531F0A091E906B091EA061A9721F45F
:107380000F94F5000E9495FF8091E9069091EA061E
:107390000D97C8F141E050E05093EA064093E906AA
:1073A0002091E5063091E6064091E7065091E80607
:1073B0002093E1063093E2064093E3065093E406FF
:1073C0006091830570918405809185059091860573
:1073D0006093E5067093E6068093E7069093E806CF
:1073E0008091B51E9091B61EA091B71EB091B81EA7
:1073F0000196A11DB11D8093B51E9093B61EA0935A
:10740000B71EB093B81EE091E906F091EA063197F5
:1074100009F47AC0A091E906B091EA06129709F43E
:1074200098C0A091E906B091EA06E091E906F091D2
:10743000EA06AA0FBB1FA555B94FEE0FFF1FE75570
:10744000F94F4D915C9120813181421B530B509338
:10745000F7064093F6069091270B90649093270BC4
:10746000B091460CB6FF50CFF091991EF1FD4CCF74
:10747000A091E906B091EA063091DC1C3C713C30E9
:1074800009F476C0E091E906F091EA06EE0FFF1FDD
:10749000E555F94F8081918120910E0230910F02C4
:1074A00097FD5EC02817390714F4821B930BA09137
:1074B000E906B091EA066091E9067091EA0617972D
:1074C00008F467C0665071090C94D2366091E906E1
:1074D0007091EA0665307105F1F0A091E906B0916E
:1074E000EA061B97C1F0B091491EBE7FB093491EBA
:1074F000F091F11EFF5FF093F11E85E090E0909314
:10750000EA068093E90610CF87E390E09093F706B0
:107510008093F606A0CF3091491E31603093491E0A
:1075200003CF4091E9065091EA064830510599F39E
:10753000E091491EEE7FE093491E9091F11E9F5FFE
:107540009093F11E28E030E03093EA062093E9069C
:10755000EBCE6DE570E07093F7066093F6067BCF97
:10756000820F931FA4CF0F94A5010F9445000CCF59
:107570006091E9067091EA06AA0FBB1FFD01E5556F
:10758000F94F408151818091D01C9091D11C840F82
:10759000951F0C94D2363FB7F89480917C0D909152
:1075A0007D0DA0917E0DB0917F0D26B5A89B05C0E5
:1075B0002F3F19F00196A11DB11D3FBFBA2FA92F72
:1075C000982F8827820F911DA11DB11D880F991F2B
:1075D000AA1FBB1F880F991FAA1FBB1F809383057B
:1075E00090938405A0938505B093860580918305CB
:1075F00090918405A0918505B09186054091BF0AC0
:107600005091C00A6091C10A7091C20A841B950B07
:10761000A60BB70B80937F0590938005A0938105FF
:10762000B0938205A091E906B091EA061196B09355
:10763000EA06A093E9065091270B50625093270B5E
:107640006091BF0A7091C00A8091C10A9091C20AEC
:107650006093EB067093EC068093ED069093EE0634
:1076600020918305309184054091850550918605D0
:107670002093BF0A3093C00A4093C10A5093C20AB4
:107680007091491E70FF27C0E091E906F091EA066B
:10769000E936F14009F19091460C96FF1CC08091AB
:1076A000E9069091EA0681509048880F991FA091B1
:1076B000D01CB091D11C8A0F9B1FE0910E02F0915B
:1076C0000F026091E9067091EA06E817F9070CF4D9
:1076D00042C00C94D236089581E090E09093EA067F
:1076E0008093E9064091E5065091E6066091E70631
:1076F0007091E8064093E1065093E2066093E3063A
:107700007093E406609183057091840580918505EE
:10771000909186056093E5067093E6068093E706F0
:107720009093E8062091B51E3091B61E4091B71E89
:107730005091B81E2F5F3F4F4F4F5F4F2093B51EA4
:107740003093B61E4093B71E5093B81E9091460CCE
:1077500096FDA5CFC0CF769567958E1B9F0B0C9499
:10776000D2360F931F930F945286609383057093C4
:10777000840580938505909386058091830590917B
:107780008405A0918505B09186054091BF0A50916E
:10779000C00A6091C10A7091C20A841B950BA60BA6
:1077A000B70B80937F0590938005A0938105B093DC
:1077B000820500917F05109180052091810530910F
:1077C00082056091F0067091F1068091F206909129
:1077D000F306061717072807390768F42091B51E26
:1077E0003091B61E4091B71E5091B81E232B242B0A
:1077F000252B09F022C1A091E906B091EA06119665
:10780000B093EA06A093E9061091270B106210933B
:10781000270BE091E906F091EA068091F406909139
:10782000F50601968E179F0709F40FC13091491E86
:1078300030FD06C14091320A5091330A4230510561
:1078400059F406E010E01093EA060093E9067091FF
:10785000491E71607093491E9091491E90FFB9C0F6
:107860009091DC1CB92FB076B03209F446C0E0919B
:107870004A1EF0914B1EE837F54008F43EC0B03484
:1078800009F474C1B03609F4D4C1B11168C01092C2
:10789000F0061092F1061092F2061092F306109282
:1078A000DD061092DE061092DF061092E006A0912F
:1078B000E906B091EA06119709F44EC20091E90673
:1078C0001091EA060330110509F446C26091E906F9
:1078D0007091EA066530710509F43EC22091E9060F
:1078E0003091EA062730310509F436C24EE650E001
:1078F0005093F7064093F60632C0A091E906B09186
:10790000EA061197B1F00091E9061091EA060330FA
:10791000110579F06091E9067091EA06653071050C
:1079200041F02091E9063091EA062730310509F04F
:10793000EDC0E6E4F0E0F093F706E093F606009180
:107940007F0510918005209181053091820500937B
:10795000F0061093F1062093F2063093F306F091AF
:10796000460CF6FF36C0A091D01CB091D11CAB2BB9
:1079700081F510917A1E111664F5E091E906F091F7
:10798000EA06EE0FFF1FE555F94F408151816091E6
:107990000E0270910F0257FDE6C06417750714F4CC
:1079A000461B570B9C719C3069F02091440C22952A
:1079B0002F7030E08091E9069091EA062817390788
:1079C00008F4D1C16091E9067091EA06CA010E94EB
:1079D000D2362091BF0A3091C00A4091C10A50911D
:1079E000C20A2093EB063093EC064093ED065093C9
:1079F000EE06009183051091840520918505309154
:107A000086050093BF0A1093C00A2093C10A3093E1
:107A1000C20AA091E11EB091E21E5E96E0914A1E5C
:107A2000F0914B1EEA17FB0720F43091DC1C37FD68
:107A300047C01092330A1092320A1F910F91089595
:107A40005091D61C57FF08CFF5CE61E070E07093DF
:107A5000EA066093E9062091E5063091E60640913A
:107A6000E7065091E8062093E1063093E206409342
:107A7000E3065093E4068091830590918405A091DC
:107A80008505B09186058093E5069093E606A09360
:107A9000E706B093E8064091B51E5091B61E60917E
:107AA000B71E7091B81E4F5F5F4F6F4F7F4F40936F
:107AB000B51E5093B61E6093B71E7093B81ECCCE01
:107AC0004091E9065091EA0641305105D1F06091AC
:107AD000E9067091EA066530710599F08091E90632
:107AE0009091EA06039741F02091E9063091EA0669
:107AF0002730310509F09DCF0F94F5000E9495FFC6
:107B000098CF0F94A5010F94450093CF4EE650E017
:107B10005093F7064093F60600917F05109180057B
:107B20002091810530918205B901A801440F551FAC
:107B3000661F771F400F511F621F731F7695679551
:107B40005795479576956795579547957695679597
:107B5000579547954093F0065093F1066093F206CF
:107B60007093F306FCCE460F571F1CCFA091E90679
:107B7000B091EA06119781F10091E9061091EA06A9
:107B80000330110549F16091E9067091EA0665300C
:107B9000710511F12091E9063091EA06273031058F
:107BA000D9F04EE650E05093F7064093F606409128
:107BB0007F055091800560918105709182057695D1
:107BC0006795579547954093F0065093F10660935B
:107BD000F2067093F306C3CEE6E4F0E0F093F70606
:107BE000E093F60600917F051091800520918105B4
:107BF00030918205B901A801440F551F661F771FF8
:107C0000440F551F661F771F400F511F621F731FC0
:107C100076956795579547957695679557954795C6
:107C20004093F0065093F1066093F2067093F306CA
:107C300096CEA091E906B091EA06119709F453C0D7
:107C40000091E9061091EA060330110509F44BC0D2
:107C50006091E9067091EA066530710509F443C048
:107C60002091E9063091EA062730310509F43BC03E
:107C70004EE650E05093F7064093F60600917F05DC
:107C8000109180052091810530918205B901A801EC
:107C9000440F551F661F771F440F551F661F771F20
:107CA000440F551F661F771F400F511F621F731F20
:107CB00042954F70529545275F704527629556272C
:107CC0006F705627729567277F706727769567953F
:107CD000579547954093F0065093F1066093F2064E
:107CE0007093F3063CCEE6E4F0E0F093F706E09301
:107CF000F60600917F051091800520918105309155
:107D00008205B901A801440F551F661F771F400F58
:107D1000511F621F731F440F551F661F771F440FAB
:107D2000551F661F771F401B510B620B730B769517
:107D300067955795479576956795579547957695A5
:107D40006795579547954093F0065093F1066093D9
:107D5000F2067093F30603CEE6E4F0E0F093F70644
:107D6000E093F606FCCD6091E9067091EA06621B8D
:107D7000730BCA010E94D2362CCECF93DF930F949F
:107D80005286609383057093840580938505909354
:107D900086058091830590918405A0918505B09119
:107DA00086054091BF0A5091C00A6091C10A709146
:107DB000C20A841B950BA60BB70B80937F0590938B
:107DC0008005A0938105B093820520917F053091B5
:107DD000800540918105509182056091F006709177
:107DE000F1068091F2069091F306261737074807AF
:107DF000590768F48091B51E9091B61EA091B71EE8
:107E0000B091B81E892B8A2B8B2B09F078C1309149
:107E1000270B30623093270B40917F0550918005EE
:107E20006091810570918205769567955795479584
:107E300076956795579547954093F0065093F106D0
:107E40006093F2067093F3062091BF0A3091C00A46
:107E50004091C10A5091C20A2093EB063093EC0680
:107E60004093ED065093EE06609183057091840572
:107E700080918505909186056093BF0A7093C00A32
:107E80008093C10A9093C20AA091E906B091EA06D4
:107E90001196B093EA06A093E906C091E906D09145
:107EA000EA06219759F0E091E906F091EA068091FF
:107EB000F4069091F5068E179F07C8F541E050E053
:107EC0005093EA064093E9062091E5063091E606D4
:107ED0004091E7065091E8062093E1063093E206D0
:107EE0004093E3065093E406609183057091840506
:107EF00080918505909186056093E5067093E6066E
:107F00008093E7069093E8068091B51E9091B61E87
:107F1000A091B71EB091B81E0196A11DB11D80930E
:107F2000B51E9093B61EA093B71EB093B81E509185
:107F3000491E50FFA9C0F091DC1CC091440CEC2FED
:107F4000E07FD091991ED1FF4CC0F7FF4AC040910D
:107F5000B51E5091B61E6091B71E7091B81E8091EB
:107F6000DB1C90E0B0E0A0E0481759076A077B07E8
:107F7000C0F1E03409F4C5C2E03699F5A091E906F4
:107F8000B091EA06119709F422C32091E9063091D5
:107F9000EA062730310509F41AC36091E9067091A9
:107FA000EA066330710509F41BC38091E9069091DC
:107FB000EA06099709F414C34091E9065091EA06CC
:107FC0004530510531F0A091E906B091EA061B97C2
:107FD00041F40F944500F091DC1CC091440CEC2F4F
:107FE000E07F5F2F5076503209F48CC0A0914A1E7A
:107FF000B0914B1EA837B54008F484C0503409F442
:1080000061C1503609F4D2C11092F0061092F10607
:108010001092F2061092F3062091E9063091EA06DA
:108020002130310509F436C16091E9067091EA0604
:108030006330710509F42EC18091E9069091EA063A
:10804000059709F427C14091E9065091EA064730A7
:10805000510509F41FC1A091E906B091EA061997EC
:1080600009F418C12091E9063091EA062B30310558
:1080700009F410C1E03409F4BCC262E370E070930B
:10808000F7066093F606A9C01092DD061092DE0690
:108090001092DF061092E006C091A006D091A106D2
:1080A000788190919F06E0919D06F0919E0679233C
:1080B00009F0D1C0B081D0919C06BD2321F430914C
:1080C000A8063111F2C0F081A0919C06FA23B9F004
:1080D0004091A806442399F02091440C207F20343D
:1080E00009F408C2203659F462E070E07093EA06A1
:1080F0006093E9068091491E81608093491EDF915B
:10810000CF910895A091E906B091EA06119709F47C
:1081100041C02091E9063091EA0623303105D1F1C2
:108120006091E9067091EA066530710599F18091D8
:10813000E9069091EA06079769F14091E9065091A6
:10814000EA064930510531F1A091E906B091EA06FD
:108150001B9701F1E03409F40AC2E036F1F522E39D
:1081600030E03093F7062093F60660917F0570911A
:1081700080058091810590918205969587957795E8
:1081800067956093F0067093F1068093F2069093E2
:10819000F30623C0E03409F466C0E036F1F446E4A7
:1081A00050E05093F7064093F60660917F0570917A
:1081B00080058091810590918205969587957795A8
:1081C000679596958795779567956093F006709378
:1081D000F1068093F2069093F3063091460C36FF39
:1081E0008ECF8091D01C9091D11C892B09F087CF24
:1081F000E03409F084CF70917A1E17160CF07FCF0F
:10820000A091E906B091EA06AA0FBB1FA555B94F88
:108210008D919C9140910E0250910F0297FD9AC151
:108220004817590714F4841B950BFC71FC3059F066
:10823000C295CF70D0E0E091E906F091EA06CE1742
:10824000DF0708F48AC16091E9067091EA06DF91C0
:10825000CF910C94D236708190919C06792309F5C8
:108260001092A8064CCFA6E4B0E0B093F706A09316
:10827000F60620917F05309180054091810550914F
:1082800082052093F0063093F1064093F206509356
:10829000F306A3CF46E450E05093F7064093F6066A
:1082A0009CCFB1E0B093A8062ACF5091440C507FE8
:1082B000503409F024CFE1E0F0E0F093EA06E093D7
:1082C000E9061DCFA091E906B091EA06119709F4DD
:1082D0004FC02091E9063091EA062330310509F4B8
:1082E00047C06091E9067091EA066530710509F4AE
:1082F0003FC08091E9069091EA060797C9F1409145
:10830000E9065091EA064930510591F1A091E9063C
:10831000B091EA061B9761F1E03409F471C122E3E0
:1083200030E03093F7062093F60640917F05509198
:1083300080056091810570918205DB01CA01880F7B
:10834000991FAA1FBB1F840F951FA61FB71FB695A5
:10835000A79597958795B695A795979587958093B7
:10836000F0069093F106A093F206B093F30635CF92
:1083700086E490E09093F7068093F606E03409F4E3
:1083800092C040917F055091800560918105709168
:10839000820576956795579547954093F0065093DB
:1083A000F1066093F2067093F30617CFA091E906E9
:1083B000B091EA061197D9F12091E9063091EA06C9
:1083C00023303105A1F16091E9067091EA0665302C
:1083D000710569F18091E9069091EA06079739F1F4
:1083E0004091E9065091EA064930510501F1A0910A
:1083F000E906B091EA061B97D1F0E03409F407C111
:1084000022E330E03093F7062093F60660917F0573
:108410007091800580918105909182056093F006AE
:108420007093F1068093F2069093F306D6CE46E45D
:1084300050E05093F7064093F606E03409F0A1CFE0
:1084400040917F0550918005609181057091820572
:10845000DB01CA01880F991FAA1FBB1F840F951F3C
:10846000A61FB71F880F991FAA1FBB1F880F991F30
:10847000AA1FBB1F841B950BA60BB70BB695A79520
:1084800097958795B695A79597958795B695A7954E
:10849000979587958093F0069093F106A093F20646
:1084A000B093F3069ACE40917F055091800560917C
:1084B000810570918205DB01CA01880F991FAA1FEF
:1084C000BB1F880F991FAA1FBB1F840F951FA61FD4
:1084D000B71FB695A79597958795B695A795979544
:1084E00087958093F0069093F106A093F206B093DF
:1084F000F30673CEC5E0D0E0D093EA06C093E90658
:10850000FECD2091E9063091EA062130310509F4CB
:108510005BC06091E9067091EA066530710509F467
:1085200053C08091E9069091EA06039741F040918B
:10853000E9065091EA064730510509F052CD0F94F3
:10854000F5000E9495FFF091DC1CC091440CEC2FCB
:10855000E07F47CD840F951F68CE6091E90670914A
:10856000EA066C1B7D0BDF91CF910C94D2368EE620
:1085700090E09093F7068093F60640917F05509126
:1085800080056091810570918205DB01CA01880F29
:10859000991FAA1FBB1F840F951FA61FB71FB69553
:1085A000A79597958795B695A79597958795B6952D
:1085B000A795979587958093F0069093F106A093E1
:1085C000F206B093F30609CE0F94A50102CD0F94E5
:1085D000A501F091DC1CC091440CEC2FE07F01CD93
:1085E0000F94F500F091DC1CC091440CEC2FE07F5F
:1085F000F8CC8EE690E09093F7068093F606EDCDEA
:108600006EE670E07093F7066093F606BACE8EE6DB
:1086100090E09093F7068093F60620917F053091C5
:1086200080054091810550918205A9E0B0E00F944A
:10863000F8B9DC01CB0182958F70929589279F70E4
:108640008927A2959A27AF709A27B295AB27BF705A
:10865000AB27B695A795979587958093F00690934D
:10866000F106A093F206B093F306B7CD80917F0593
:1086700090918005A0918105B09182058093A90613
:108680009093AA06A093AB06B093AC060F945286C3
:108690006093830570938405809385059093860588
:1086A0008091830590918405A0918505B091860500
:1086B0004091BF0A5091C00A6091C10A7091C20AEC
:1086C000841B950BA60BB70B80937F0590938005B9
:1086D000A0938105B0938205A091E906B091EA06C6
:1086E0001196B093EA06A093E9062091270B206229
:1086F0002093270B6091BF0A7091C00A8091C10A34
:108700009091C20A672B682B692B69F08091EB0668
:108710009091EC06A091ED06B091EE06892B8A2B84
:108720008B2B09F050C0B091460CB6FF2BC0609166
:10873000E9067091EA066330710521F1A091E9061E
:10874000B091EA068091D01C9091D11C8A96139723
:1087500008F48EC0E091E906F091EA062091F60651
:108760003091F7063297E29FA001E39F500DF29FF0
:10877000500D1124840F951F6091E9067091EA064F
:108780000E94D2368091BF0A9091C00AA091C10A7E
:10879000B091C20A8093EB069093EC06A093ED068D
:1087A000B093EE06209183053091840540918505B4
:1087B000509186052093BF0A3093C00A4093C10AA6
:1087C0005093C20A0895E091E906F091EA063897BD
:1087D00008F061C04091A9065091AA066091AB06CD
:1087E0007091AC06769567955795479540936905C6
:1087F00050936A0560936B0570936C0520917F051B
:108800003091800540918105509182056091690504
:1088100070916A0580916B0590916C05261737075A
:108820004807590708F063C0A3E0B0E0B093EA0638
:10883000A093E9065091491E51605093491E7091D2
:10884000270B7F7B7093270B8091B51E9091B61EEE
:10885000A091B71EB091B81E0196A11DB11D8093C5
:10886000B51E9093B61EA093B71EB093B81E5BCFF3
:10887000A091E906B091EA066091F6067091F706BC
:108880001197A69FF001A79FF00DB69FF00D112440
:108890008E0F9F1F71CFE1E0F0E0F093EA06E093C6
:1088A000E9064091E5065091E6066091E706709171
:1088B000E8064093E1065093E2066093E306709366
:1088C000E4062091830530918405409185055091FF
:1088D00086052093E5063093E6064093E70650931D
:1088E000E8069091270B90649093270B1CCF309152
:1088F000270B30643093270B16CF20910F0B30914C
:10890000100B4091110B5091120BDC010F94F8B930
:1089100060587F4F8F4F9F4F672F782F892F992750
:1089200008950F931F932091DC1C229526952370A8
:10893000213009F442C0B0F1223019F1233091F511
:108940008B019C01000F111F221F331FDC01CB0183
:10895000800F911FA21FB31FAC01BD0176956795D3
:108960005795479576956795579547954093F006A7
:108970005093F1066093F2067093F3061F910F91E6
:108980000895AB01BC01769567955795479540933F
:10899000F0065093F1066093F2067093F3061F9170
:1089A0000F9108951092F0061092F1061092F206BF
:1089B0001092F3061F910F910895AB01BC017695BB
:1089C0006795579547957695679557954795409341
:1089D000F0065093F1066093F2067093F3061F9130
:1089E0000F9108950F9452866093830570938405C8
:1089F00080938505909386058091830590918405E9
:108A0000A0918505B091860540915A0550915B056E
:108A100060915C0570915D05841B950BA60BB70BEF
:108A200080937F0590938005A0938105B093820584
:108A300020917F05309180054091810550918205FC
:108A40006091F0067091F1068091F2069091F30624
:108A5000621773078407950768F08091B51E90919F
:108A6000B61EA091B71EB091B81E892B8A2B8B2BF6
:108A700009F0A6C03091340A3F5F3093340A509118
:108A8000491E50FF8DC07091340A733008F498C0AD
:108A90009091270B90629093270B40918305509102
:108AA0008405609185057091860540935A05509321
:108AB0005B0560935C0570935D051092340AA0918C
:108AC000E906B091EA061196B093EA06A093E9068A
:108AD000E091E906F091EA06319741F02091E9062C
:108AE0003091EA062E32310508F440C061E070E0B2
:108AF0007093EA066093E9068091E5069091E60698
:108B0000A091E706B091E8068093E1069093E20613
:108B1000A093E306B093E406409183055091840549
:108B200060918505709186054093E5065093E606B1
:108B30006093E7067093E806B091A806F1E0BF27BE
:108B4000B093A8062091B51E3091B61E4091B71E75
:108B50005091B81E2F5F3F4F4F4F5F4F2093B51E70
:108B60003093B61E4093B71E5093B81E60917F0598
:108B70007091800580918105909182050E949144B9
:108B80006091BF0A7091C00A8091C10A9091C20A97
:108B90006093EB067093EC068093ED069093EE06DF
:108BA0008091830590918405A0918505B0918605FB
:108BB0008093BF0A9093C00AA093C10AB093C20ADF
:108BC00008958091E9069091EA060D9709F496C000
:108BD0000F94528660938305709384058093850576
:108BE000909386058091830590918405A0918505D9
:108BF000B09186054091BF0A5091C00A6091C10AA8
:108C00007091C20A841B950BA60BB70B80937F054E
:108C100090938005A0938105B093820520917F05F4
:108C20003091800540918105509182056091F00658
:108C30007091F1068091F2069091F306261737079E
:108C40004807590708F459C0A091E906B091EA060F
:108C5000AB2B09F459C0E091E906F091EA06319690
:108C6000F093EA06E093E906A091E906B091EA06DE
:108C7000E091E906F091EA06AA0FBB1FA555B94F8E
:108C8000EE0FFF1FE755F94F8D919C914081518167
:108C9000841B950B9093F7068093F60660917F05F1
:108CA0007091800580918105909182050E94914488
:108CB0005091270B50625093270B2091BF0A30919F
:108CC000C00A4091C10A5091C20A2093EB0630932A
:108CD000EC064093ED065093EE066091830570918B
:108CE000840580918505909186056093BF0A7093F5
:108CF000C00A8093C10A9093C20A08957091491ED8
:108D00007E7F7093491E089521E030E03093EA069B
:108D10002093E9066091E5067091E6068091E706EA
:108D20009091E8066093E1067093E2068093E30673
:108D30009093E4068091830590918405A091850528
:108D4000B09186058093E5069093E606A093E7062A
:108D5000B093E8063091491E31603093491E40912E
:108D6000B51E5091B61E6091B71E7091B81E4F5F30
:108D70005F4F6F4F7F4F4093B51E5093B61E609369
:108D8000B71E7093B81EACE3B0E0B093F706A093A3
:108D9000F60684CF3FB7F89480917C0D90917D0DBD
:108DA000A0917E0DB0917F0D26B5A89B05C02F3FE9
:108DB00019F00196A11DB11D3FBFBA2FA92F982F01
:108DC0008827820F911DA11DB11D880F991FAA1F11
:108DD000BB1F880F991FAA1FBB1F80938305909309
:108DE0008405A0938505B0938605809183059091B5
:108DF0008405A0918505B09186054091BF0A5091E8
:108E0000C00A6091C10A7091C20A841B950BA60B1F
:108E1000B70B80937F0590938005A0938105B09355
:108E2000820520917F053091800540918105509108
:108E300082056091F0067091F1068091F2069091A2
:108E4000F306261737074807590708F4C0C05091A2
:108E5000491E50FDCEC01092F0061092F1061092FD
:108E6000F2061092F306A091E906B091EA06E091AD
:108E7000F406F091F506AE17BF0721F07091491E78
:108E800070FDA6C041E050E05093EA064093E90629
:108E90002091E5063091E6064091E7065091E806FC
:108EA0002093E1063093E2064093E3065093E406F4
:108EB0006091830570918405809185059091860568
:108EC0006093E5067093E6068093E7069093E806C4
:108ED0003091491E31603093491E8091B51E9091AA
:108EE000B61EA091B71EB091B81E0196A11DB11D6E
:108EF0008093B51E9093B61EA093B71EB093B81E74
:108F00005091270B50625093270BE091DC1CE7FD3A
:108F10007EC09091460C96FF3AC0A091E906B091B0
:108F2000EA064091F6065091F7061197A49FC001FA
:108F3000A59F900DB49F900D11242091D01C3091CD
:108F4000D11C820F931F60910E0270910F0297FD4A
:108F50005BC06817790714F4861B970B6091E906CC
:108F60007091EA06E091F406F091F506F695E79522
:108F7000A091E906B091EA06EA17FB0730F4609188
:108F8000E9067091EA066E1B7F0B0E94D236809133
:108F9000BF0A9091C00AA091C10AB091C20A809301
:108FA000EB069093EC06A093ED06B093EE0640918D
:108FB00083055091840560918505709186054093E5
:108FC000BF0A5093C00A6093C10A7093C20A089501
:108FD0008091E9069091EA068E179F0728F5A091E7
:108FE000E906B091EA061196B093EA06A093E90665
:108FF00087CF60917F057091800580918105909168
:1090000082050E9491442FCF860F971FA7CF7091A2
:10901000991E71FF7ECF0F94A5010F94F5000F9458
:1090200045000E9495FF75CF9091491E90FF68CF33
:10903000B091F11EBF5FB093F11EF091491EFE7F0B
:10904000F093491E5DCF3FB7F89480917C0D9091CD
:109050007D0DA0917E0DB0917F0D26B5A89B05C01A
:109060002F3F19F00196A11DB11D3FBF6627782F34
:10907000892F9A2F620F711D811D911D660F771F19
:10908000881F991F660F771F881F991F609383059C
:109090007093840580938505909386058091830560
:1090A00090918405A0918505B09186054091BF0AF5
:1090B0005091C00A6091C10A7091C20A841B950B3D
:1090C000A60BB70B80937F0590938005A093810535
:1090D000B093820520917F053091800540918105F4
:1090E000509182056091F0067091F1068091F20630
:1090F0009091F306261737074807590708F4CDC0A3
:10910000A091E906B091EA061196B093EA06A09301
:10911000E9065091270B50625093270B8091BF0AAC
:109120009091C00AA091C10AB091C20A8093EB0647
:109130009093EC06A093ED06B093EE064091830564
:109140005091840560918505709186054093BF0A12
:109150005093C00A6093C10A7093C20A7091491E6D
:1091600070FF72C0E091E906F091EA06319751F084
:109170006091E9067091EA069091DF1C9617170638
:1091800008F058C021E030E03093EA062093E90669
:10919000B091A806F1E0BF27B093A8068091E5063C
:1091A0009091E606A091E706B091E8068093E1066B
:1091B0009093E206A093E306B093E4064091830502
:1091C0005091840560918505709186054093E50670
:1091D0005093E6066093E7067093E8066091B51E2B
:1091E0007091B61E8091B71E9091B81E6F5F7F4F31
:1091F0008F4F9F4F6093B51E7093B61E8093B71E1E
:109200009093B81E3091D51C31FF14C02091B51E2B
:109210003091B61E4091B71E5091B81E2F5F3F4F40
:109220004F4F5F4F2093B51E3093B61E4093B71E2D
:109230005093B81E60917F057091800580918105E3
:10924000909182050E949144A091460CA6FF25C0F2
:109250005091991E51FD21C0E091E906F091EA0676
:109260004091F6065091F7063197E49FC001E59FC3
:10927000900DF49F900D11246091D01C7091D11C21
:10928000860F971F7091DC1C7C717C3039F06091E7
:10929000E9067091EA060C94D2360895B091A806BA
:1092A000BB23A9F3F091D51CF1FDF1CF88599E4F56
:1092B0002091E9063091EA066091DF1C620F732F5E
:1092C000711DE9CFCF92DF92EF92FF923FB7F894F2
:1092D00080917C0D90917D0DA0917E0DB0917F0DC0
:1092E00026B5A89B05C02F3F19F00196A11DB11D01
:1092F0003FBFCC24D82EE92EFA2EC20ED11CE11C81
:10930000F11CCC0CDD1CEE1CFF1CCC0CDD1CEE1C7F
:10931000FF1CC0928305D0928405E0928505F092EF
:1093200086058091830590918405A0918505B09173
:1093300086054091BF0A5091C00A6091C10A7091A0
:10934000C20A841B950BA60BB70B80937F059093E5
:109350008005A0938105B093820520917F0530910F
:10936000800540918105509182056091F0067091D1
:10937000F1068091F2069091F30626173707480709
:10938000590708F473C0A091E906B091EA06119656
:10939000B093EA06A093E9065091270B50625093D0
:1093A000270BC090BF0AD090C00AE090C10AF0908D
:1093B000C20ACD28CE28CF2809F05DC04091BF0A4F
:1093C0005091C00A6091C10A7091C20A4093EB06A5
:1093D0005093EC066093ED067093EE0620918305A2
:1093E0003091840540918505509186052093BF0AF0
:1093F0003093C00A4093C10A5093C20AF090460CC1
:10940000F6FE34C0F090991EF1FC30C0A091E90640
:10941000B091EA06C090F606D090F7061197AC9D81
:10942000C001AD9D900DBC9D900D1124E090D01C0D
:10943000F090D11C8E0D9F1DE0910E02F0910F0255
:109440003091DC1C3C713C3009F464C197FD5FC174
:10945000E817F9070CF47EC16091E9067091EA06FD
:10946000FF90EF90DF90CF900C94D236FF90EF906A
:10947000DF90CF9008958091EB069091EC06A0913B
:10948000ED06B091EE06892B8A2B8B2B09F496CF33
:10949000D090491EE091F406F091F506D0FE0AC086
:1094A000E0904A1EF0904B1E20EDE21627E0F206F7
:1094B00008F053C1A091E01CA13009F49EC1209195
:1094C000BF0A3091C00A4091C10A5091C20AC090AF
:1094D000EB06D090EC06E090ED06F090EE062C192D
:1094E0003D094E095F09B0E00F94F8B96093690532
:1094F00070936A0580936B0590936C058091BF0A09
:109500009091C00AA091C10AB091C20A892B8A2BFE
:109510008B2B09F4F3C02091EB063091EC064091BF
:10952000ED065091EE06232B242B252B09F4E6C0E3
:10953000C0907F05D0908005E0908105F090820575
:109540006091690570916A0580916B0590916C0539
:109550006C157D058E059F0540F0E090E906F090C2
:10956000EA06EE15FF0508F009C1A091E906B091E1
:10957000EA06F090460CAE17BF07A0F49091491E82
:1095800090FF10C0B091491EBE7FB093491EF0916C
:10959000961EFF7EF093961E6091F11E6F5F6093A2
:1095A000F11E2ECFB091491EB0FF1AC12091B51EF9
:1095B0003091B61E4091B71E5091B81E2F5F3F4F9D
:1095C0004F4F5F4F2093B51E3093B61E4093B71E8A
:1095D0005093B81E3091D51C31FF14C06091B51E58
:1095E0007091B61E8091B71E9091B81E6F5F7F4F2D
:1095F0008F4F9F4F6093B51E7093B61E8093B71E1A
:109600009093B81EE1E0F0E0F093EA06E093E906FB
:109610008091D81CA82FAF77A23009F435C15091A2
:10962000A80641E054275093A8062091E506309102
:10963000E6064091E7065091E8062093E106309354
:10964000E2064093E3065093E4064091830550916F
:10965000840560918505709186054093E5065093D9
:10966000E6066093E7067093E806B091DC1CBC71D7
:10967000BC3009F4EDC0FF2DF073F03309F4E8C0FD
:109680007091491E71607093491E9091961E9F7E45
:109690009093961E8B7721F41092330A1092320A1F
:1096A0001092F0061092F1061092F2061092F30654
:1096B0008091BF0A9091C00AA091C10AB091C20ADC
:1096C0008093EB069093EC06A093ED06B093EE0624
:1096D0002091830530918405409185055091860540
:1096E0002093BF0A3093C00A4093C10A5093C20A24
:1096F0004091270B4F7B4093270B82CE10927F0522
:1097000010928005109281051092820511CF8E0F64
:109710009F1FA2CED090A806DD2009F497CE5091CD
:10972000D51C51FD93CE7091440C72FD8FCE88599B
:109730009E4F97FDC0C0E817F90714F48E1B9F0BCE
:109740002091E9063091EA066091DF1C620F732FC9
:10975000711D86CE8E1B9F0B7FCE6091E9067091A6
:10976000EA06DF01AA0FBB1FAE0FBF1FB695A79574
:10977000B695A7956A177B0708F09CCE60917F0588
:109780007091800580918105909182050E9491449D
:109790004091BF0A5091C00A6091C10A7091C20AFB
:1097A0004093EB065093EC066093ED067093EE0643
:1097B0008091830590918405A0918505B0918605DF
:1097C0008093BF0A9093C00AA093C10AB093C20AC3
:1097D0007091270B70647093270BF090460C10CE9D
:1097E000F091961EF4FDE2CE1092B51E1092B61EB8
:1097F0001092B71E1092B81E05CF8091BF0A9091AB
:10980000C00AA091C10AB091C20A4091EB065091E2
:10981000EC066091ED067091EE06841B950BA60B8D
:10982000B70BAC01BD01440F551F661F771F840F96
:10983000951FA61FB71FB695A795979587958093F7
:10984000690590936A05A0936B05B0936C0556CE9D
:109850006091320A7091330A672B09F011CF309171
:10986000D51C31FD0DCFA23009F40ACFA091440CD4
:10987000A2FD06CF5091491E50FD0CCFE091961EDF
:10988000E061E093961E06CFE0919D06F0919E0662
:10989000D080C0909C0687FBEE24E0F8DC2071E0CD
:1098A00009F470E0E71619F01092A806BECE91E018
:1098B0009093A806BACE8E0F9F1F42CF8F929F9291
:1098C000AF92BF92CF92DF92EF92FF920F931F93CE
:1098D0004B015C018091DA0A9091DB0AA091DC0ACD
:1098E000B091DD0A88159905AA05BB0509F464C085
:1098F0008092DA0A9092DB0AA092DC0AB092DD0A2A
:10990000FA2CE92CD82CCC2404EBC00ED11CE11C81
:10991000F11CC701B6012DE631EC46E15CE60F947F
:1099200088BA00E20F94B5BAC901DA01C81AD90A97
:10993000EA0AFB0AF694E794D794C7948C0D9D1D10
:10994000AE1DBF1DC92EDA2EEB2EFF24C0920F0BC9
:10995000D092100BE092110BF092120B88E691E07E
:10996000A0E0B0E09C01A69537952795912D97959D
:10997000812DD901B501A401769567955795479535
:109980008A019B01080F191F2A1F3B1FC901B8013B
:10999000A50194010F940BBA309388052093870595
:1099A00081E01F910F91FF90EF90DF90CF90BF90DB
:1099B000AF909F908F90089580E0F3CFCF92DF9289
:1099C000EF92FF920F938091491E80FF8AC0C09052
:1099D000BF0AD090C00AE090C10AF090C20ACD2818
:1099E000CE28CF2809F47DC02091EB063091EC06FB
:1099F0004091ED065091EE06232B242B252B09F4E4
:109A000070C04091B51E5091B61E6091B71E709106
:109A1000B81E423051056105710508F47DC0F89407
:109A20006091E5067091E6068091E7069091E80660
:109A3000C090E106D090E206E090E306F090E406E4
:109A40006C197D098E099F0996958795779567957D
:109A50000E945E4C7894C090DA0AD090DB0AE090C5
:109A6000DC0AF090DD0A2FEFC216D206E104F10401
:109A700008F03FC09601C114D104E9F0C6019695E3
:109A80008795B0E0A0E09957AC46BC4FAC15BD053A
:109A900090F400E1880F991FAA1FBB1F18F0A217AE
:109AA000B30718F0A21BB30B81600A9599F78035B4
:109AB00036E4930720F080914A1E90914B1ECC0C07
:109AC000DD1CEE1CFF1CC0920A02D0920B02E09239
:109AD0000C02F0920D020F91FF90EF90DF90CF906B
:109AE000089590E080E00F91FF90EF90DF90CF908D
:109AF0000895C701B601969587957795679579572B
:109B00008C469C4FA70196010F940BBAC901803572
:109B100026E4920780F6D3CFF8942091BF0A3091C3
:109B2000C00A4091C10A5091C20A6091EB0670913F
:109B3000EC068091ED069091EE06261B370B480B44
:109B4000590BA4EBB0E00F94F8B90E945E4C7894E6
:109B500082CF0F931F930F94528660938305709367
:109B60008405809385059093860580918305909167
:109B70008405A0918505B09186054091BF0A50915A
:109B8000C00A6091C10A7091C20A841B950BA60B92
:109B9000B70B80937F0590938005A0938105B093C8
:109BA00082050091830510918405209185053091EF
:109BB00086050093BF0A1093C00A2093C10A309310
:109BC000C20A1091270B10621093270B2091491E97
:109BD00020FF31C0E091E906F091EA063196F0935A
:109BE000EA06E093E9062091E9063091EA06293178
:109BF000310509F4B5C00091E9061091EA06073174
:109C0000110509F473C06091E9067091EA066F309E
:109C1000710509F46BC08091E9069091EA060E97F0
:109C200009F461C04091E9065091EA0646315105B8
:109C300009F049C058C08091A9069091AA06A09148
:109C4000AB06B091AC0600917F0510918005209184
:109C5000810530918205B695A79597958795AC01BA
:109C6000BD01440F551F661F771F840F951FA61F48
:109C7000B71F081719072A073B07E0F06091A906EC
:109C80007091AA068091AB069091AC06672B682B69
:109C9000692B81F0A091E906B091EA061F9709F4BB
:109CA000B1C0E1E0F0E0F093EA06E093E9061F912D
:109CB0000F910895A091E906B091EA061196B0932C
:109CC000EA06A093E90620917F0530918005409136
:109CD0008105509182052093A9063093AA064093EE
:109CE000AB065093AC061F910F910895A091E90621
:109CF000B091EA061196B093EA06A093E906809126
:109D0000A9069091AA06A091AB06B091AC0600916D
:109D10007F05109180052091810530918205B695CF
:109D2000A79597958795AC01BD01440F551F661FF8
:109D3000771F840F951FA61FB71F081719072A073B
:109D40003B0788F65091491E5E7F5093491EE1E023
:109D5000F0E0F093EA06E093E9061F910F91089571
:109D600061E070E07093EA066093E9068091E50691
:109D70009091E606A091E706B091E8068093E1068F
:109D80009093E206A093E306B093E4064091830526
:109D90005091840560918505709186054093E50694
:109DA0005093E6066093E7067093E8062091B51E8F
:109DB0003091B61E4091B71E5091B81E2F5F3F4F95
:109DC0004F4F5F4F2093B51E3093B61E4093B71E82
:109DD0005093B81E6091E5067091E6068091E70603
:109DE0009091E8060091E1061091E2062091E306C9
:109DF0003091E406601B710B820B930B1F910F9146
:109E00000C945E4C3091491E31603093491E80E1C4
:109E100090E09093EA068093E90640918305509183
:109E2000840560918505709186050091A9061091C1
:109E3000AA062091AB063091AC06D901C801880F63
:109E4000991FAA1FBB1F880F991FAA1FBB1F880F2E
:109E5000991FAA1FBB1F880F991FAA1FBB1F801B1A
:109E6000910BA20BB30B481B590B6A0B7B0B409356
:109E7000E5065093E6066093E7067093E806409186
:109E8000E5065091E6066091E7067091E8060091BC
:109E9000A9061091AA062091AB063091AC06D90113
:109EA000C801880F991FAA1FBB1F800F911FA21FF7
:109EB000B31F880F991FAA1FBB1F880F991FAA1FC6
:109EC000BB1F880F991FAA1FBB1F481B590B6A0B8A
:109ED0007B0B4093E1065093E2066093E306709398
:109EE000E40601CFCF92DF92EF92FF920F931F9380
:109EF000E62F0091B51E1091B61E2091B71E30912D
:109F0000B81E4091DB1C50E070E060E004171507BC
:109F10002607370708F44AC02091491E20FF51C088
:109F20004091EB065091EC066091ED067091EE06C3
:109F3000452B462B472BD1F1E090BF0AF090C00A89
:109F40000091C10A1091C20A2091EB063091EC06F3
:109F50004091ED065091EE062E153F054007510742
:109F600028F5F8942091BF0A3091C00A4091C10AA7
:109F70005091C20AC090EB06D090EC06E090ED063E
:109F8000F090EE062C193D094E095F09A82FB0E0AC
:109F90000F94F8B904C09695879577956795EA95DB
:109FA000D2F70E945E4C7894811110C080914A1EB5
:109FB00090914B1E1F910F91FF90EF90DF90CF90EB
:109FC0000895C090961EC4FEF1CFAACF2091DA0A60
:109FD0003091DB0A4091DC0A5091DD0A2F3F8FEF70
:109FE00038074105510520F52115310509F42FC029
:109FF000C90196958795B0E0A0E09957AC46BC4F53
:10A00000A217B30720F500E1880F991FAA1FBB1FF5
:10A0100018F0A217B30718F0A21BB30B81600A95C2
:10A0200099F79C01203586E4380788F4C901C2CF2E
:10A03000CA01B901969587957795679579578C46AA
:10A040009C4F0F940BBA203586E4380778F32091A3
:10A050004A1E30914B1EC901ADCF0F931F93F89448
:10A060009FB7F8942091491E20FF99C09FBF40914F
:10A070004A1E50914B1E6091E11E7091E21E4617E0
:10A08000570768F42091B51E3091B61E4091B71E57
:10A090005091B81E232B242B252B09F478C0009156
:10A0A000E1061091E2062091E3063091E406012BCF
:10A0B000022B032B09F46BC00091E5061091E60614
:10A0C0002091E7063091E8064091E1065091E206C2
:10A0D0006091E3067091E406401751076207730729
:10A0E00008F055C04091E5065091E6066091E706FC
:10A0F0007091E8060091E1061091E2062091E306D6
:10A100003091E406401B510B620B730B8A019B01DB
:10A1100004C036952795179507958A95D2F7C901FA
:10A12000B8010E945E4C882309F431C078942091D4
:10A13000DA0A3091DB0A4091DC0A5091DD0A2F3FA8
:10A140001FEF31074105510508F030C021153105D9
:10A15000F9F0C90196958795B0E0A0E09957AC4613
:10A16000BC4FA217B307A0F400E1880F991FAA1FE4
:10A17000BB1F18F0A217B30718F0A21BB30B816026
:10A180000A9599F7803526E4920730F001C078945B
:10A1900080914A1E90914B1E1F910F91089500913E
:10A1A000961E9FBF04FD63CF7894F2CFCA01B90118
:10A1B000969587957795679579578C469C4F0F9420
:10A1C0000BBAC901803536E4930710F71F910F9140
:10A1D00008958091491E80FF14C0A091E906B091B6
:10A1E000EA06AB2B71F020914A1E30914B1E409134
:10A1F000E11E5091E21E2417350730F080E00C94E8
:10A200002D5090E080E0089560E08091DF1C0C9478
:10A21000724F0F931F93CF93DF938091491E80FF5E
:10A2200063C020914A1E30914B1E0091E11E109197
:10A23000E21E2017310738F080E0DF91CF911F91A7
:10A240000F910C942D50F894C091F606D091F7061A
:10A250008091BF0A9091C00AA091C10AB091C20A30
:10A260000091EB061091EC062091ED063091EE0680
:10A27000AC01BD01401B510B620B730B8A019B01AA
:10A28000CB01BA01660F771F881F991F660F771FD2
:10A29000881F991F660F771F881F991F600F711FF6
:10A2A000821F931F660F771F881F991F660F771FE6
:10A2B000881F991F0E945E4C7894DE0120E037E8E9
:10A2C00043E953E00F9403BA2091DA0A3091DB0A94
:10A2D0004091DC0A5091DD0A0F940BBAC901DF915D
:10A2E000CF911F910F91089590E080E0DF91CF9181
:10A2F0001F910F9108958F929F92AF92BF92CF922C
:10A30000DF92EF92FF92CF93DF9320914A1E30911C
:10A310004B1E8091E11E9091E21E2817390708F02C
:10A320008EC08090491E80FE8AC0A090BF0AB09067
:10A33000C00AC090C10AD090C20AAB28AC28AD2890
:10A3400009F4ACC0C090EB06D090EC06E090ED06AE
:10A35000F090EE06CD28CE28CF2809F49FC0F894BF
:10A360008090F6069090F7068091BF0A9091C00AFF
:10A37000A091C10AB091C20A4091EB065091EC063F
:10A380006091ED067091EE06841B950BA60BB70B42
:10A3900078946C017D01CC0CDD1CEE1CFF1CCC0CF8
:10A3A000DD1CEE1CFF1CCC0CDD1CEE1CFF1C8C0D00
:10A3B0009D1DAE1DBF1D6C017D01CC0CDD1CEE1C76
:10A3C000FF1CCC0CDD1CEE1CFF1C092C000CAA0889
:10A3D000BB08A501940160E87DE88BE590E00F944F
:10A3E0003CBAA70196010F940BBAE901D701C60147
:10A3F000880F991FAA1FBB1F880F991FAA1FBB1F79
:10A40000C80ED91EEA1EFB1EC701B601660F771FD4
:10A41000881F991FA50194010F940BBACA01B901B5
:10A420000E945E4C8BE498E9A5E0B0E080930A02BC
:10A4300090930B02A0930C02B0930D0223C081E015
:10A440000E942D50EC014091DA0A5091DB0A609194
:10A45000DC0A7091DD0A440F551F661F771F4B34CD
:10A4600028E9520725E06207710520F44BE458E91A
:10A4700065E070E040930A0250930B0260930C0277
:10A4800070930D02CE01DF91CF91FF90EF90DF909E
:10A49000CF90BF90AF909F908F900895D0E0C0E094
:10A4A000F1CF80E00C942D5080E00C942D5080E092
:10A4B0000C942D5080E00C942D5080E00C942D5085
:10A4C0008F929F92AF92BF92CF92DF92EF92FF92C4
:10A4D000CF93DF938091491E80FF96C020914A1E42
:10A4E00030914B1E8090E11E9090E21E2815390598
:10A4F00008F098C0A090BF0AB090C00AC090C10AEE
:10A50000D090C20AAB28AC28AD2809F47DC0C09019
:10A51000EB06D090EC06E090ED06F090EE06CD282C
:10A52000CE28CF2809F470C0F8948090F606909059
:10A53000F7068091BF0A9091C00AA091C10AB0911C
:10A54000C20A4091EB065091EC066091ED067091C5
:10A55000EE06841B950BA60BB70B78946C017D015E
:10A56000CC0CDD1CEE1CFF1CCC0CDD1CEE1CFF1CFF
:10A57000CC0CDD1CEE1CFF1C8C0D9D1DAE1DBF1DEB
:10A580006C017D01CC0CDD1CEE1CFF1CCC0CDD1C19
:10A59000EE1CFF1C092C000CAA08BB08A5019401A5
:10A5A00060E87DE88BE590E00F943CBAA701960146
:10A5B0000F940BBAE901D701C601880F991FAA1F92
:10A5C000BB1F880F991FAA1FBB1FC80ED91EEA1EEA
:10A5D000FB1EC701B601660F771F881F991FA501D3
:10A5E00094010F940BBACA01B9010E945E4C8BE42E
:10A5F00098E9A5E0B0E080930A0290930B02A09343
:10A600000C02B0930D0202C0D0E0C0E0CE01DF9199
:10A61000CF91FF90EF90DF90CF90BF90AF909F9041
:10A620008F90089581E00E942D50EC014091DA0A4C
:10A630005091DB0A6091DC0A7091DD0A440F551FCE
:10A64000661F771F4B3428E9520725E06207710522
:10A6500020F44BE458E965E070E040930A0250931F
:10A660000B0260930C0270930D02D0CF8091440CCA
:10A6700082FB222720F961E0622740914A1E509117
:10A680004B1EA091E11EB091E21E4A175B0718F025
:10A690004C3D554020F58091F4060E94724F409148
:10A6A000DA0A5091DB0A6091DC0A7091DD0A440FEE
:10A6B000551F661F771F4B3428E9520725E06207B4
:10A6C000710520F44BE458E965E070E040930A021C
:10A6D00050930B0260930C0270930D020895862F25
:10A6E0000E942D50DCCF8091491E80FF16C08091C2
:10A6F000D51C8695817040914A1E50914B1E209129
:10A70000E11E3091E21E4217530710F00C942D50B9
:10A71000682F8091DF1C0C94724F90E080E00895C8
:10A7200080914A1E90914B1E2091E11E3091E21EB5
:10A730008217930780F44091E9065091EA06413070
:10A74000510509F408956091D51C6695617080915A
:10A75000DF1C0C94724F8091D51C869581700C94EF
:10A760002D50CF92DF92EF92FF920F931F93CF93D2
:10A77000082F880F110B8091460C81FF0EC060914D
:10A780008E1E70E087EC95E00F946F47889780935A
:10A79000891E080F111D87FD1A95C02F60916C1E30
:10A7A00070916D1E90911E1E9178913809F41AC215
:10A7B00087EF95E00F946F47182F6091681E709196
:10A7C000691E685D7F4F85EC9AE00F946F478C0F90
:10A7D0008F50C82FC11B30917C0C032F037009F4DC
:10A7E00017C140918A0950918B0960918C09709131
:10A7F0008D092091C202832F869586958695E5E086
:10A800008E9FC0011124092E000CAA0BBB0B481708
:10A8100059076A077B0708F4BBC0222309F4BAC0B2
:10A82000C0904A1ED0904B1E50917D0C64E6569FFE
:10A83000F0011124CE16DF0608F005C37091860CD6
:10A84000737009F0F5C232FF26C430918D1E332398
:10A8500009F4F9C22091C102E090510D2E1508F0C3
:10A860006CC0F090760DF2FE03C02F5F2093C10202
:10A870000091991E00FF1092C2028C2FC091951E6C
:10A88000C77FC093951E7091401F76FD9FC01091A9
:10A89000D41D137059F06091E51E562F5D7F513025
:10A8A00009F48BC16250623008F42BC2F090701F23
:10A8B000F6FEB3C03091491E32FF2EC12091B21E68
:10A8C0003091B31EE0907F1F94E6E99EA001112411
:10A8D0002417350708F079C1E091711FE99FB00195
:10A8E0001124A0914A1EB0914B1E6A177B0708F0F5
:10A8F0006CC110915A1ED090D31D1D1508F465C16E
:10A90000C091860CC37051F0C090481EE091001FAA
:10A91000F091011FCE161F0608F457C171E0709325
:10A92000AE1EB091951EB260B093951EC091721F7D
:10A93000F0907C1FF3FCD5C07DC0E0918B1EF0E051
:10A94000F2969601ADECBCEC0F942DBA96958795D6
:10A950009695879596958795BF01681B790B77FF2C
:10A9600002C070E060E06536710514F064E670E0E6
:10A9700087EE95E00F946F478F5040917C0C4370A9
:10A98000413009F49EC32091C202423009F4C82F1D
:10A9900021116ECF0091991E00FF6FCFA091B41FBF
:10A9A000A77081F0D0908B1E1AE0D19EB0011124C7
:10A9B000685C7109C0904A1ED0904B1E6C157D05D5
:10A9C00008F05BCF51E05093C20257CFB0914C1EBC
:10A9D0003091E31CB31708F46FC09091951E9860F6
:10A9E0009093951EE091FE0A2091E51CE21708F075
:10A9F0004ECFE090E41C4091230C8E1943FF8E2D26
:10AA0000A091760DA2FF43CFEF5FE093FE0A3FCF08
:10AA10002091C20221112CCFBDCF1092AE1EC09149
:10AA2000951ECD7FC093951EC82F70917C1F73FD1E
:10AA30004AC0C82F2091981E2D7F2093981E809188
:10AA4000E51D682F6370613009F411C1623009F4AB
:10AA50006BC010E0F090FC1D1F1508F4F12EF09271
:10AA6000F21ECF1990916D0D90FF0CC0E090941ED6
:10AA7000E4FE08C06091C802A0916C0D6111E6C1AE
:10AA8000CA1B04C030916A0D3093C802A091450CD6
:10AA9000A3FDC091D21C01FF06C0C091D31CE09160
:10AAA0003A0CE1FD21C18C2FCF911F910F91FF90A6
:10AAB000EF90DF90CF900895F091760DF2FFE7CE02
:10AAC0001092FE0AE4CEB091491EB2FFB2CF20919F
:10AAD000B21E3091B31EE0907F1F84E6E89EA00175
:10AAE00011244217530708F0A5CFF0917D1F94E67B
:10AAF000F99F201931091124E0904A1EF0904B1E55
:10AB00002E153F0508F096CF3091981E3260309395
:10AB1000981EC0917E1F93CF1092AE1EF091951E8D
:10AB2000FD7FF093951E85CFA091981EA3FDEDC0EB
:10AB30001091760D14FF8DCF8695869505E48F32A2
:10AB400020F08F520F94AA3F082F802F0F94358644
:10AB5000802F0F94358697FF02C090E080E02FEFA2
:10AB600030E0DC010F9481BADC01CB01B695A795EA
:10AB70009795B695A7959795892F9A2FAB2FB12DBD
:10AB8000D090E71D0091991ED81608F062CF0F945F
:10AB900052866093C4027093C5028093C60290935C
:10ABA000C7021091FD1DE091981EE860E093981E89
:10ABB0001092C3020091991E4DCFD090DE1D8D19C9
:10ABC0006250623008F072CE9CC01092AE1E40916E
:10ABD000951E4D7F4093951EC82F50917C1F53FFAB
:10ABE00028CF7BCFC090971EC0FCE2CDD0905A1EDC
:10ABF000E0901F1EDE1408F4DBCD2091201E409152
:10AC00004A1E50914B1E2417150611F008F0D0CDA6
:10AC10008091531E9091541EA091551EB091561EC6
:10AC2000B7FDA0C1B595A79597958795C090211EB2
:10AC3000D12CF12CE12C8C159D05AE05BF050CF433
:10AC4000B7CDF090231EDB019896FA161B0611F083
:10AC50000CF0AECDBC0187EA95E00F946F47C8EDCC
:10AC6000C00FC80F60916C1E70916D1EA1CDE09059
:10AC7000F31E3091E61D32953695377010E0E316DD
:10AC800068F16091981E63FFFCC01091F21ED09095
:10AC9000981ED4FCBFC10F945286C090C402D090BD
:10ACA000C502E090C602F090C7029B01AC012C19CE
:10ACB0003D094E095F0969017A01A091001EB0E0CB
:10ACC00020EA36E841E050E00F94F8B96C157D05B4
:10ACD0008E059F0508F44AC10091991EF091981EB7
:10ACE000FF7EF093981EB6CE6091681E7091691E2B
:10ACF000685D7F4F85EC9AE00F946F47CF50C80F87
:10AD0000D2CEC090E41D8C19D1CD0F9452862091E3
:10AD1000C4023091C5024091C6025091C7026B0136
:10AD20007C01C21AD30AE40AF50A2091FF1D30E023
:10AD3000A8EEB3E00F942DBA6C157D058E059F0526
:10AD400008F4C3C010E00F945286C090C402D090A3
:10AD5000C502E090C602F090C7029B01AC012C191D
:10AD60003D094E095F0969017A01A091001EB0E01A
:10AD700020EA36E841E050E00F94F8B96C157D0503
:10AD80008E059F0508F016CF0F9452862091C402BD
:10AD90003091C5024091C6025091C7026B017C01FF
:10ADA000C21AD30AE40AF50AA091001EB0E020EA14
:10ADB00036E841E050E00F94F8B9C61AD70AE80A1D
:10ADC000F90AA091011EB0E00F94F8B99B01AC0103
:10ADD000C701B6010F940BBA8091C302821708F025
:10ADE00068C1B22FB81BF091021EBF9F702D1124B5
:10ADF0002093C302272F072E000C330B1091F21E55
:10AE00001217130611F00CF058C19091981E977FFD
:10AE10009093981E1092C4021092C5021092C6021E
:10AE20001092C7021092F31E10E00091991E12CEEC
:10AE3000B0919C0C8091001F9091011FB8171906CA
:10AE400011F008F000CD1092C10212CDC0906A0D31
:10AE5000D12CF12CE12C262F30E050E040E02C19D1
:10AE60003D094E095F09B0E00F94F8B92227332756
:10AE7000A9012C193D094E095F090F94D9B9C21BCC
:10AE800005CE0F9452866093C4027093C5028093DE
:10AE9000C6029093C7028091F31E9091E61D929591
:10AEA00096959770891B990BA091FE1D1091FD1D21
:10AEB000A89F100D1124E091981EE860E093981E61
:10AEC0001092C3020091991E09CF8091E51D8695CD
:10AED000869505E48F3220F08F520F94AA3F082FF9
:10AEE000802F0F943586802F0F94358697FF02C0F0
:10AEF00090E080E02FEF30E0DC010F9481BADC01BC
:10AF0000CB01B695A7959795B695A7959795892F57
:10AF10009A2FAB2FB12DC090E71DC81608F012CFA5
:10AF20005091F31E5F5F5093F31E8091F31E90913A
:10AF3000E61D929596959770891B990B4091FE1D81
:10AF40001091FD1D489F100D11240F94528660939F
:10AF5000C4027093C5028093C6029093C7021092F8
:10AF6000C302F1CE0196A11DB11D5CCE0F94528695
:10AF70000091C4021091C5022091C6023091C7020F
:10AF80006B017C01C01AD10AE20AF30AA091001EEB
:10AF9000B0E020EA36E841E050E00F94F8B9C61A74
:10AFA000D70AE80AF90AA091011EB0E00F94F8B997
:10AFB0009B01AC01C701B6010F940BBA4091C302CB
:10AFC000421708F070C0822F841BB091021E8B9F25
:10AFD000802D11242093C302282F082E000C330B40
:10AFE0001091F21E1217130611F00CF060C02091A0
:10AFF000981E277F2093981E1092C4021092C502BB
:10B000001092C6021092C7021092F31E10E0009137
:10B01000991E64CE0F945286C090C402D090C5028F
:10B02000E090C602F090C7029B01AC012C193D09CB
:10B030004E095F0969017A012091FF1D30E0A8EEF9
:10B04000B3E00F942DBA6C157D058E059F0508F0B1
:10B0500022CE1091F31E1F5F1093F31E8091F31EFA
:10B060009091E61D929596959770891B990B50913A
:10B07000FE1D1091FD1D589F100D11240F94528636
:10B080006093C4027093C5028093C6029093C70276
:10B090001092C30200CEF0915A1E90917E0CF917C7
:10B0A00008F4D8CBD0CE30E020E080E099CF181B58
:10B0B00013CE30E020E070E0A1CE171B0091991E66
:10B0C000C9CCC80F2091C20263CC2F923F924F92FD
:10B0D0005F926F927F928F929F92AF92BF92CF9228
:10B0E000DF92EF92FF920F93CF93DF93CDB7DEB74E
:10B0F0002C970FB6F894DEBF0FBECDBF80916806C7
:10B10000803109F490C6883009F443C1843009F4D1
:10B110005BC789ED9FEF6091681E7091691E209159
:10B12000991E681779070CF0BEC128602093991EFC
:10B13000685D7F4F87E696E00F946F474091991EB8
:10B1400049838093821E34E6C32ED12CE12CF12C4E
:10B15000843679F0282F30E0A4E6B0E00F942DBAC1
:10B16000CB01C29664E670E00F9482B96B01F12CBA
:10B17000E12C09810270F981F1FD8DC12090760DDD
:10B18000022D047022FC04C02091FF1E211137C043
:10B190003090AA1E39826091681E7091691E685DA8
:10B1A0007F4F87E496E00F946F4749800091991E86
:10B1B000481619060CF0F5C001FDF3C004600093B9
:10B1C000991E6091681E7091691E685D7F4F87E5CA
:10B1D00096E00F946F479C012C593F4F1092BC0290
:10B1E00037FF02C030E020E02F3F310519F014F0A6
:10B1F0002FEF30E0E091991EE9830E2F0270A22F0D
:10B200002093FF1E2436A9F0B0E0A70196010F9409
:10B21000F8B96E5C7F4F9B0136952795369527953B
:10B22000ABE7B4E10F942DBA969587956C01F12C9C
:10B23000E12C0111C8C070900F1E9090BD029714B0
:10B2400008F048C06091681E7091691E685D7F4F6C
:10B2500087E396E00F946F479C01220F331F220F64
:10B26000331F280F391FA4E6B0E00F942DBA2091A8
:10B27000FF1E30E050E040E00F940BBA49015A0144
:10B280007091BD027D8324E630E040E050E0281953
:10B2900039094A095B09AD81B0E00F94F8B92091F2
:10B2A0000F1E30E050E040E00F94D9B9820E931E9B
:10B2B000A41EB51ED401A090760DA436B10508F0E9
:10B2C0001EC6B090991EB982A2FE04C0BD81BF5FA8
:10B2D000B093BD024091230C4D83F42FF370F130F5
:10B2E00009F4AEC0F111F2C0A0905A1E80915E1E0A
:10B2F000A81ABB082FE02A9DC0012B9D900D112498
:10B3000090935D1E80935C1E8981807324E630E0FB
:10B3100009F40AC1912C812C0F9452862091901E21
:10B320003091911E4091921E5091931E62177307A7
:10B330008407950708F4D3C03091991E3F7C398368
:10B34000632F3093991E8091230C8D83282F2370B7
:10B35000213009F4BBC62111F0C510925D1E109278
:10B360005C1E2091350C30E0B7FE03C0B194A1946F
:10B37000B1082A153B050CF4BDC610925D1E109253
:10B380005C1E24E630E03093801E20937F1E69838C
:10B390003AC1E0916C06F0916D0681858752990B58
:10B3A000BACE9091200C5090BC02591608F4CFC52B
:10B3B000A02FAB7FA983A093991E54E65093FF1E44
:10B3C000027009F438CF6091681E7091691E685D43
:10B3D0007F4F87E396E00F946F47DC01AA0FBB1FF6
:10B3E000AA0FBB1FA80FB91F1092BD022091991E72
:10B3F0002983A436B10509F46DCFA70196010F94F6
:10B40000F8B96115710521E08207910508F013C5AF
:10B410006E5C7F4F9B013695279536952795ABE758
:10B42000B4E10F942DBA969587956C01F12CE12C1F
:10B430004091230C4D83F42FF370F13009F052CF7B
:10B440008090531E9090541E4090390A50903A0AB2
:10B450008418950820913F0A3091400A4091410A92
:10B4600050E060E472E48FE090E00F940BBA289D06
:10B470003001299D700C389D700C11247092601E53
:10B4800060925F1E9981907324E630E009F4DBC579
:10B49000B12CA12C41CFFB7FF983F093991E34E6A8
:10B4A0003093FF1EC6CE277F29832093991E0091DB
:10B4B0006706003109F4AEC5083009F479C50430D7
:10B4C00009F476C51092821E80E044CE3981307333
:10B4D00009F492C5B12CA12C912C812C1DCFA091E7
:10B4E0007F1EB091801E9D019091230C9D83592F4A
:10B4F0005370E091991EE983513009F491C55111BF
:10B500005AC080905C1E90905D1E97FE03C091947F
:10B51000819491083090BE02381419040CF0EEC5E5
:10B52000EF7CE983E093991EB7FE02C00C9435646A
:10B530005090350C5A141B0414F00C943164809113
:10B540005C1E90915D1E97FF03C0919581959109B6
:10B550000091330C081719060CF0CEC58093BE027B
:10B560000F9452864B015C012091340C30E0A0E135
:10B57000B7E20F942DBA860E971EA81EB91E8092B0
:10B58000901E9092911EA092921EB092931E809156
:10B590005C1E90915D1E97FD02C00C941C63F0919F
:10B5A000991EF062F983F093991EA090230CAD824E
:10B5B000A0919F0CB0E0B093801EA0937F1E9D8051
:10B5C00095FE03C0498145FF1EC0A436B105D9F0E0
:10B5D000A70196010F94F8B961157105A1E08A07DA
:10B5E000910508F03FC46E5C7F4F9B01369527950F
:10B5F00036952795ABE7B4E10F942DBA96958795CC
:10B600006C01F12CE12CF981F1FF09C0A0905A1EC8
:10B610004090E21CA41418F0C12CD12C760180912A
:10B62000401F2091471F382F3C70C1F1B090941EED
:10B63000B4FC34C0E091811E6090A70C7090A80CFF
:10B640008090A90C9090AA0C6818790877FC94C295
:10B650006091A70C7091A80C4091451F460F572F81
:10B66000511D5093AA0C4093A90C4091441F47527E
:10B67000550B6091681E7091691E6417750774F010
:10B6800050914B1F04E6509FD001112420904A1E78
:10B6900030904B1EA215B30508F438C5822F90E0F8
:10B6A0008536910508F073C2E4E6E093811E60914F
:10B6B000791E70E087E296E00F946F47A82F809381
:10B6C000831E3091230C32FF90C2B0903B0C8B9DB7
:10B6D000400111249092570B8092560B60916C1E82
:10B6E00070916D1E685D7F4F87E196E00F946F4704
:10B6F0008093841E8436E9F0A82FB0E0A70196015C
:10B700000F94F8B961157105E1E08E07910508F015
:10B710001CC36E5C7F4F9B01369527953695279508
:10B72000ABE7B4E10F942DBA969587956C01F12C97
:10B73000E12C6091591E70E087E096E00F946F470E
:10B740008093851E8436E9F0A82FB0E0A70196010A
:10B750000F94F8B961157105F1E08F07910508F0B4
:10B7600064C26E5C7F4F9B01369527953695279571
:10B77000ABE7B4E10F942DBA969587956C01F12C47
:10B78000E12C5091460C598351FD6AC204E60093A6
:10B79000871E94E69093881E5090AF1E51107BC078
:10B7A000B091AE1EB11177C0F4E6F093861E798099
:10B7B00077FC98C07091941E7F7E7093941E309099
:10B7C000941E34FE1EC3B0916D0DB0FFA6C0F09163
:10B7D000C802F983FF2309F4A0C0A0916A0D8A2E44
:10B7E000912CB12CA12CAF1708F4AAC36F2F70E0D5
:10B7F00090E080E0681979098A099B0920916B0D16
:10B8000030E050E040E024563109410951090F94DD
:10B810003CBA22273327A901281939094A095B09AB
:10B820000F94D9B9BA01A9014C595F4F6F4F7F4F9F
:10B83000642F7090760D72FE04C0398131503093C0
:10B84000C802662309F469C0643609F4DEC2A42F75
:10B85000B0E0A70196010F94F8B961157105A1E058
:10B860008A07910508F4BAC36E5C7F4F8F4F9F4FD4
:10B870002EE33AE047ED53EA0F9488BA00E20F94C2
:10B88000B5BA7A01690186E0F694E794D794C79433
:10B890008A95D1F7BAC2A091741FAC59A093861EA5
:10B8A000A43609F484CFB0E0A70196010F94F8B94B
:10B8B00061157105E1E08E07910508F08BC26E5CA1
:10B8C0007F4F9B013695279536952795ABE7B4E1D9
:10B8D0000F942DBA969587956C01F12CE12C798007
:10B8E00077FE68CF9090941E94FED3C280900C1D7A
:10B8F000EAE08E9E1001112420914A1E30914B1EC9
:10B900002216330638F450915A1E00910E1D50171E
:10B9100008F454C31092C0024DCF90E080E02C9602
:10B920000FB6F894DEBF0FBECDBFDF91CF910F9160
:10B93000FF90EF90DF90CF90BF90AF909F908F904F
:10B940007F906F905F904F903F902F90089582303E
:10B9500009F0A4CE422E512C712C612C30E0AA2784
:10B96000BB27A21BB30B80918E1C8983AD010B2ECC
:10B97000000C660B770B44155505660577050CF032
:10B9800060C028EE33E00F9481BA4B015C018092D5
:10B99000861C9092871CA092881CB092891CA8EEED
:10B9A000B3E0A30192010F94F8B960938A1C7093DD
:10B9B0008B1C80938C1C90938D1C2981222309F46D
:10B9C00040C0A091721CB091731C4D905D906D9021
:10B9D0007C90139764157505860597050CF00AC4CD
:10B9E0006D937D938D939C931397F091661E609059
:10B9F0007A1C70907B1C80907C1C90907D1C6091C8
:10BA00008A1C70918B1C80918C1C90918D1C6615EA
:10BA10007705880599056CF06091861C7091871CEC
:10BA20008091881C9091891C661677068806990675
:10BA300044F460937A1C70937B1C80937C1C9093DD
:10BA40007D1C8091431F4091421F8090411F912C8B
:10BA5000B12CA12C8092561C9092571CA092581C7D
:10BA6000B092591C50E070E060E040935A1C509333
:10BA70005B1C60935C1C70935D1C482E512C712CD8
:10BA8000612C40925E1C50925F1C6092601C709210
:10BA9000611C8092621C9092631CA092641CB09204
:10BAA000651C4093661C5093671C6093681C7093E0
:10BAB000691CAAE08A9FC0011124092E000CAA0B60
:10BAC000BB0B80936A1C90936B1CA0936C1CB0936F
:10BAD0006D1C20916E1C30916F1C2130310571F569
:10BAE000B094A09490948094811C911CA11CB11CD2
:10BAF0008092621C9092631CA092641CB092651CA0
:10BB000070956095509541955F4F6F4F7F4F409373
:10BB1000661C5093671C6093681C7093691CB095F9
:10BB2000A095909581959F4FAF4FBF4F80936A1C12
:10BB300090936B1CA0936C1CB0936D1C8F2F90E0A6
:10BB4000B0E0A0E08093521C9093531CA093541C2F
:10BB5000B093551C80918A1E90E0B0E0A0E08093E5
:10BB60004A1C90934B1CA0934C1CB0934D1CF98124
:10BB7000F1114EC32091471F822F90E04E2F50E0CD
:10BB800064E670E0681B790B4617570720F4E4E67B
:10BB9000E21B4E2F50E08C599F4F8417950710F4ED
:10BBA000E4E6E20FE093811EE43609F480CDAE2F87
:10BBB000B0E0A70196010F94F8B961157105A1E0F5
:10BBC0008A07910508F0AAC06E5C7F4F9B013695ED
:10BBD000279536952795ABE7B4E10F942DBA969546
:10BBE00087956C01F12CE12C62CD843609F476CD79
:10BBF000B0E0A70196010F94F8B961157105B1E0A5
:10BC00008B07910508F082C16E5C7F4F9B013695D2
:10BC1000279536952795ABE7B4E10F942DBA969505
:10BC200087956C01F12CE12C59CD6E5C7F4F8F4FC5
:10BC30009F4F2EE33AE047ED53EA0F9488BA00E2B3
:10BC40000F94B5BA7A01690186E0F694E794D79427
:10BC5000C7948A95D1F75091460C598351FF96CDE0
:10BC600060918E1E70E087ED95E00F946F47809392
:10BC7000871E8436E9F0A82FB0E0A70196010F9443
:10BC8000F8B96115710531E08307910508F074C0BA
:10BC90006E5C7F4F9B013695279536952795ABE7D0
:10BCA000B4E10F942DBA969587956C01F12CE12C97
:10BCB0007091460C798371FF6CCD60918F1E062EBA
:10BCC000000C770B685D7F4F87EB95E00F946F4713
:10BCD0008093881E843609F476C2A82FB0E0A701AD
:10BCE00096010F94F8B9D090460CD9826115710570
:10BCF000B1E08B07910508F056C06E5C7F4F9B0149
:10BD00003695279536952795ABE7B4E10F942DBA74
:10BD1000969587956C01F12CE12C3ECD6E5C7F4FA2
:10BD20008F4F9F4F2EE33AE047ED53EA0F9488BAC6
:10BD300000E20F94B5BA7A016901F6E0F694E7944F
:10BD4000D794C794FA95D1F7B2CC6E5C7F4F8F4FE2
:10BD50009F4F2EE33AE047ED53EA0F9488BA00E292
:10BD60000F94B5BA7A01690136E0F694E794D79456
:10BD7000C7943A95D1F7DDCC6E5C7F4F8F4F9F4FC4
:10BD80002EE33AE047ED53EA0F9488BA00E20F94AD
:10BD9000B5BA7A016901A6E0F694E794D794C794FE
:10BDA000AA95D1F785CF6E5C7F4F8F4F9F4F2EE3C3
:10BDB0003AE047ED53EA0F9488BA00E20F94B5BA1F
:10BDC0007A01690176E0F694E794D794C7947A955E
:10BDD000D1F7E2CC6E5C7F4F8F4F9F4F2EE33AE05E
:10BDE00047ED53EA0F9488BA00E20F94B5BA7A018E
:10BDF000690146E0F694E794D794C7944A95D1F741
:10BE0000D6CC50906A0D5092C802D701C6018D3D24
:10BE1000E5E09E07A105B10508F481CD8CED95E024
:10BE2000A0E0B0E07CCDE0916C06F0916D068289D7
:10BE30009389879770C96E5C7F4F8F4F9F4F2EE31A
:10BE40003AE047ED53EA0F9488BA00E20F94B5BA8E
:10BE50007A01690166E0F694E794D794C7946A95ED
:10BE6000D1F738CA6E5C7F4F8F4F9F4F2EE33AE079
:10BE700047ED53EA0F9488BA00E20F94B5BA7A01FD
:10BE8000690126E0F694E794D794C7942A95D1F7F0
:10BE9000BACB40915A1EA0900E1D4A1508F03ACD1B
:10BEA0008091850C8852990B2091681E3091691EF3
:10BEB000281739070CF42ECD60910C1D80910D1DB3
:10BEC00090E035E0639F800D911D1124880F991F2C
:10BED00040904A1E50904B1E8415950508F01ACDCF
:10BEE0008091C0026090840C861508F067C0B09005
:10BEF000760DB2FE5FCC8F5F8093C0025BCCA2FE5A
:10BF000075CA8D818F5F8093BD0270CA6E5C7F4F52
:10BF10008F4F9F4F2EE33AE047ED53EA0F9488BAD4
:10BF200000E20F94B5BA7A01690166E0F694E794ED
:10BF3000D794C7946A95D1F7D1CBA4E6B0E03BCBB8
:10BF4000A093C802A98360E070E0CB0157CC0460E5
:10BF50000093991E6091681E7091691E685D7F4F05
:10BF600087E596E00F946F474C01990FAA08BB082C
:10BF70006090BC02698222273327A9012819390958
:10BF80004A095B09A981B0E00F94F8B92091200C0F
:10BF900030E050E040E00F94D9B9280D391D4A1D1A
:10BFA0005B1D2C593F4F69816F5F6093BC0218C9BC
:10BFB000E0916A06F0916B068185C3C89091941E4A
:10BFC00090619093941EFBCBE0916C06F0916D060E
:10BFD0008185082E000C990B87979DC86E5C7F4F5A
:10BFE0009B013695279536952795ABE7B4E10F94DD
:10BFF0002DBA9695879593CCF13009F4E1C064E6AB
:10C0000070E07093801E60937F1EA4E6B0E045FD53
:10C01000D9CAF9CAE0916A06F0916B06828991C883
:10C0200040905F1E5090601E57FE03C05194419493
:10C030005108B090BF02B41415040CF063C0EF7C3B
:10C04000E983E093991E97FC15C46090360C681440
:10C0500019040CF0B5C080915F1E9091601E97FF8F
:10C0600003C09195819591095091320C581719068A
:10C070000CF042C08093BF020F9452864B015C01CA
:10C080002091340C30E0A0E1B7E20F942DBA860E77
:10C09000971EA81EB91E8092901E9092911EA0928B
:10C0A000921EB092931E80915F1E9091601E97FF2A
:10C0B000B1C1B091991EB062B983B093991E7090CE
:10C0C000230C7D82A0919F0CB0E075CA1092601E77
:10C0D00010925F1E2091360C30E097FE03C09194C1
:10C0E00081949108281539052CF01092601E109249
:10C0F0005F1E47C924E630E0D9015DCAE07309F04C
:10C100005ACA12CAE07309F056CA9DCF70915A1EDE
:10C1100090914C1F971708F4C1CAF091661E309099
:10C12000491FF31508F0BACA5090481F5F1608F06F
:10C13000B5CAB091AA1E70904A1F7B1608F0AECA0D
:10C140009090941E94FCAACA8090531E9090541E06
:10C15000A090551EB090561E4091260D50E0440F01
:10C16000551F052E000C660B770B481559056A05FF
:10C170007B050CF493CA4091270D50E0440F551FE6
:10C18000052E000C660B770B84169506A606B706DF
:10C190000CF484CA837009F0DACBA0908A1EAF1623
:10C1A000B0F4822F90E0DC01AD59BF4F4E2F50E02C
:10C1B000A417B5070CF4E4CCEF5F4E2F50E0E0CCB1
:10C1C0006091991E92CF3090460C3982E5CAFA15DB
:10C1D00008F0D2CC4E2F50E0822F90E064E670E061
:10C1E000681B790B641775070CF0CACCE1504E2F11
:10C1F00050E0C6CC481459046A047B040CF0F7CB19
:10C200008D929D92AD92BC921397F091661EEFCBEA
:10C210000F94747C6D837E838F8398878090761CC7
:10C220009090771CA090781CB090791C2D813E8155
:10C230004F815885281939094A095B09DA01C90172
:10C240008093821C9093831CA093841CB093851CC4
:10C25000E091701CF091711C80819181A281B38169
:10C2600089839A83AB83BC83E091741CF091751C25
:10C270004080518062807380A3019201281B390B9A
:10C280004A0B5B0B29873A874B875C876091661C5A
:10C290007091671C8091681C9091691C0F943CBA46
:10C2A00040907A1C50907B1C60907C1C70907D1C90
:10C2B000460E571E681E791E40927A1C50927B1CB7
:10C2C00060927C1C70927D1C80908A1C90908B1CCC
:10C2D000A0908C1CB0908D1C84149504A604B70407
:10C2E0000CF07FC080927A1C90927B1CA0927C1CE8
:10C2F000B0927D1C240135016091621C7091631C19
:10C300008091641C9091651C29853A854B855C85DC
:10C310000F943CBA460E571E681E791E60917E1C13
:10C3200070917F1C8091801C9091811C29813A81A1
:10C330004B815C81261B370B480B590B60916A1CA3
:10C3400070916B1C80916C1C90916D1C0F943CBA89
:10C35000461A570A680A790A84149504A604B70491
:10C360007CF08090861C9090871CA090881CB090D8
:10C37000891C84149504A604B70414F453014201E3
:10C380002090721C3090731C3A862986C501B40136
:10C3900028EE33E040E050E00F94D9B9A985BA8582
:10C3A0002D933D934D935C93139749815A816B81F3
:10C3B0007C8140937E1C50937F1C6093801C709303
:10C3C000811C2D813E814F8158852093761C3093AE
:10C3D000771C4093781C5093791CE0914E1CEC59CB
:10C3E000C9CB8091861C9091871CA091881CB0912C
:10C3F000891C481659066A067B060CF07DCF80938F
:10C400007A1C90937B1CA0937C1CB0937D1C2C0108
:10C410003D0172CF0091991E00610093991E6AE060
:10C4200070E00F9482B987E796E00F946F475C0144
:10C4300090915B0C74E6979FA001112480905C0C96
:10C4400020914A1E30914B1E4217530798F5879E44
:10C45000F0011124E217F30708F4A5C0241B350BE3
:10C46000A4E6B0E00F942DBA9F01241B350B032ED8
:10C47000000C440B550B0F940BBAE4E6E21B2E2F75
:10C4800030E0D5010F9481BA61157105F1E08F0795
:10C49000910508F0BAC09B012E5C3F4F3695279559
:10C4A00036952795ABE7B4E10F942DBA2C0156943D
:10C4B000479452018091681E9091691E6091470CCB
:10C4C00070E0FB01B8978E179F0724F5E091220CCE
:10C4D000F0E02091210CDF0197978A179B0724F544
:10C4E00030E0D5010F9481BA6115710521E0820712
:10C4F000910508F05BC09B012E5C3F4F3695279558
:10C5000036952795ABE7B4E10F942DBA2C015694DC
:10C51000479452013090230C3D825090991E5982CD
:10C52000D501AC59BF4F47C88896AC014E1B5F0B75
:10C5300034E6349FC001359F900D11246E1B7F0B94
:10C540000F9482B9361B422F4456550BDA01232F24
:10C5500030E00F9481BA6115710551E085079105AE
:10C56000E0F59B012E5C3F4F369527953695279534
:10C57000ABE7B4E10F942DBA969587958C599F4FF0
:10C580008A9D90018B9D300D9A9D300D112436951A
:10C59000279536952795ABE7B4E10F942DBA5C014A
:10C5A000B694A794B7CFB12CA12C84CF6E5C7F4FEB
:10C5B0008F4F9F4F2EE33AE047ED53EA0F9488BA2E
:10C5C00000E20F94B5BA29013A01B6E07694679477
:10C5D00057944794BA95D1F79CCF6E5C7F4F8F4F9D
:10C5E0009F4F2EE33AE047ED53EA0F9488BA00E2FA
:10C5F0000F94B5BA1901DA01C101E6E0B695A79525
:10C6000097958795EA95D1F7B9CF6E5C7F4F8F4F9D
:10C610009F4F2EE33AE047ED53EA0F9488BA00E2C9
:10C620000F94B5BA29013A0196E07694679457942D
:10C6300047949A95D1F73DCF7091991E7061709390
:10C64000991E6AE070E00F9482B987E896E00F9433
:10C650006F475C0170905B0CA4E67A9EA0011124E8
:10C6600090905C0C20914A1E30914B1E421753074C
:10C67000A0F584E6989EF0011124E217F30708F470
:10C68000A7C0241B350BA4E6B0E00F942DBA9F0180
:10C69000241B350B032E000C440B550B0F940BBAC7
:10C6A00094E6921B292F30E0D5010F9481BA6115D1
:10C6B0007105A1E08A07910508F0A4C09B012E5CDA
:10C6C0003F4F3695279536952795ABE7B4E10F9404
:10C6D0002DBA2C015694479452014091681E5091F6
:10C6E000691E6091470C70E0FB01B8974E175F0719
:10C6F00024F5E091220CF0E02091210CDF019797C6
:10C700004A175B072CF530E0D5010F9481BA61150B
:10C710007105B1E08B07910508F05DC09B012E5CAF
:10C720003F4F3695279536952795ABE7B4E10F94A3
:10C730002DBA2C01569447945201B091230CBD831D
:10C740004091991E4983D501AC59BF4F0C94DB5AD7
:10C75000485D5F4F4E1B5F0B34E6349FC001359F31
:10C76000900D11246E1B7F0B0F9482B9361BE22FA4
:10C77000E456FF0BDF01232F30E00F9481BA6115DF
:10C780007105F1E08F07910508F053C09B012E5C05
:10C790003F4F3695279536952795ABE7B4E10F9433
:10C7A0002DBA969587958C599F4F8A9D90018B9DA8
:10C7B000300D9A9D300D1124369527953695279585
:10C7C000ABE7B4E10F942DBA5C01B694A794B5CF52
:10C7D000B12CA12C82CF6E5C7F4F8F4F9F4F2EE3E9
:10C7E0003AE047ED53EA0F9488BA00E20F94B5BAE5
:10C7F00029013A01B6E07694679457944794BA9524
:10C80000D1F79ACF6E5C7F4F8F4F9F4F2EE33AE068
:10C8100047ED53EA0F9488BA00E20F94B5BA2901A4
:10C820003A0196E076946794579447949A95D1F795
:10C8300053CF6E5C7F4F8F4F9F4F2EE33AE047ED13
:10C8400053EA0F9488BA00E20F94B5BA1901DA01DD
:10C85000C101E6E0B695A79597958795EA95D1F73A
:10C86000A2CF6091991E0C94BD59B194A194B108C6
:10C870000C94985A919481949108E7CB10924E1C95
:10C8800010924F1C1092501C1092511C1092521C6E
:10C890001092531C1092541C1092551C10924A1C5A
:10C8A00010924B1C10924C1C10924D1C81E090E099
:10C8B0000F94D98490E080E00F94D98481E090E0D7
:10C8C0000F94D984A9E4BEE11092891E84E6D8961B
:10C8D0008C93D8971092AA0C1092A90CE8E9FEE16B
:10C8E0002081277F208330813F7E308341E0409349
:10C8F000F31E1092C3021092C4021092C50210924D
:10C90000C6021092C7025DE7D0965C930895FC01C1
:10C910002081422F440F550B61817281640F751F76
:10C920007283618308956F927F928F929F92BF92DC
:10C93000CF92DF92EF92FF920F931F93CF93DF93EB
:10C94000CDB7DEB761970FB6F894DEBF0FBECDBF8F
:10C950006C01B62E0F94ED442F83388749875A8790
:10C960006B877C876B2DC6010F94F1452D873E8721
:10C970004F87588B698B0D851E858F859889801709
:10C98000910741F1E988F12C48018E0C9F1C8C85A0
:10C990000F94E43FAB01E885F98580819181FA012C
:10C9A00019950E94B82938018614970431F0F301D3
:10C9B00081913F010E94B829F7CF8091970690910D
:10C9C00098060F947588CE0107960E9487640E1909
:10C9D0001F09D3CF69E973E180919706909198067A
:10C9E0000F944A8A6B2DC6010F949345872F298394
:10C9F0003A834B835C836D837E830F94E43F3B01DA
:10CA0000EA81FB818C809D80E815F90559F08081D1
:10CA10009181F30119950E94B829CE0101960E94D7
:10CA20008764EECF80919706909198060F94758851
:10CA300061960FB6F894DEBF0FBECDBFDF91CF91E8
:10CA40001F910F91FF90EF90DF90CF90BF909F903C
:10CA50008F907F906F900895CF92DF92EF92FF9228
:10CA60000F931F93CF93DF9300D000D0CDB7DEB7E5
:10CA700049835A836B837C838D839E83892F0F9494
:10CA8000E43F8B01EA81FB818C819D81E817F907E6
:10CA9000B9F0E0909706F0909806D7010D90BC9100
:10CAA000A02DCD90DC9080819181F8011995682F9F
:10CAB000C701F6011995CE0101960E948764E2CF65
:10CAC00026960FB6F894DEBF0FBECDBFDF91CF9193
:10CAD0001F910F91FF90EF90DF90CF900895EF920C
:10CAE000FF920F931F93CF93DF937B018C01D0E0D4
:10CAF000C0E0CE15DF05F9F0809197069091980679
:10CB0000DC01ED91FC910480F581E02D1995892BD4
:10CB100091F08091970690919806F80161918F01AC
:10CB2000DC01ED91FC910190F081E02D19950197C8
:10CB300011F42196DECFCE01DF91CF911F910F919D
:10CB4000FF90EF9008950F9472BA08950F931F937A
:10CB5000CF93DF930E94A3658B01D82FC92F862F17
:10CB60000E94AC27812F0E94AC278D2F0E94AC27FA
:10CB70008C2F0E94AC27B8018D2F9C2FDF91CF9175
:10CB80001F910F910895CF92DF92EF92FF92CF9372
:10CB9000DF9300D01F92CDB7DEB78091941E86FD43
:10CBA00035C020911D0C30911E0C2F37310570F5CA
:10CBB000A0911D0CB0911E0CE0911D0CF0911E0C6B
:10CBC000AA0FBB1FAA0FBB1FAC5BBC4F8D919D91E1
:10CBD0000D90BC91A02DEE0FFF1FEE0FFF1FE85B25
:10CBE000FC4F80839183A283B383E0911D0CF0916D
:10CBF0001E0CE753FD4F1082A0911D0CB0911E0C2E
:10CC00001196B0931E0CA0931D0CCBCF3091B202A5
:10CC1000C12CD12C7601311114C08CE792E00E9416
:10CC2000C827198220E041E050E0BE016F5F7F4FCE
:10CC300083E99CE10F94A1376B017C0180E00E94A5
:10CC4000AC274091B2024F3708F046C0809197065A
:10CC500090919806DC01ED91FC910480F581E02D26
:10CC60001995059720F465E060931F0C4AC0C090A9
:10CC7000B202B4E0CB9EF0011124E85BFC4F60816E
:10CC80007181828193810E94A66569837A838B83F7
:10CC90009C8320E044E050E0BE016F5F7F4F83E95A
:10CCA0009CE10F94F731E091B202F0E0E753FD4FC1
:10CCB00080810E94AC276091B20270E067537D4F83
:10CCC00083E99CE10F94057D6B017C015091B202D8
:10CCD0005F5F5093B202B5CF7091941E7F7B7093CB
:10CCE000941E10921E0C10921D0C10921F0C10928C
:10CCF000B202C701B60160957095809590950E942B
:10CD0000A6650F900F900F900F90DF91CF91FF903D
:10CD1000EF90DF90CF900895CF92DF92EF92FF9245
:10CD2000CF93DF9300D01F92CDB7DEB78091941ED2
:10CD300086FD1FC020911D0C30911E0C2F37310530
:10CD4000C0F4E0911D0CF0911E0CEE0FFF1FEE0FD2
:10CD5000FF1FE85BFC4F10821182128213828091C8
:10CD60001D0C90911E0C019690931E0C80931D0C2F
:10CD7000E1CF3091B202C12CD12C7601311114C017
:10CD80008DEF91E00E94C827198220E041E050E039
:10CD9000BE016F5F7F4F83E99CE10F94A1376B0168
:10CDA0007C0180E00E94AC274091B2024F37A8F589
:10CDB0008091970690919806DC01ED91FC9104809A
:10CDC000F581E02D1995049724F463E060931F0C1E
:10CDD00039C0C090B202B4E0CB9EF0011124E85BF0
:10CDE000FC4F60817181828193810E94A665698375
:10CDF0007A838B839C8320E044E050E0BE016F5F28
:10CE00007F4F83E99CE10F94F7316B017C015091D6
:10CE1000B2025F5F5093B202C7CF7091941E7F7BC6
:10CE20007093941E10921F0C10921E0C10921D0CE9
:10CE30001092B202C701B6016095709580959095E9
:10CE40000E94A6650F900F900F900F90DF91CF91E9
:10CE5000FF90EF90DF90CF900895CF93DF931F92D4
:10CE6000CDB7DEB7898381E090E00E94C827898131
:10CE70000E94AC2721E041E050E0BE016F5F7F4F90
:10CE800083E99CE10F94A1370E94A6650F90DF9182
:10CE9000CF9108958F929F92AF92BF92DF92EF92BF
:10CEA000FF920F931F93CF93DF9300D01F92CDB7C4
:10CEB000DEB7D62E8034910509F076C090EAE92ECF
:10CEC0009DE0F92E8A01F90130E020E04AE0842E4D
:10CED000912C45E059E0A52EB12CD70118968C91E4
:10CEE000189717969C91892798278927B4010F9442
:10CEF00082B960527109469FC001479F900D11246D
:10CF0000B5010F9482B9683DBFEF7B0714F468ED5B
:10CF10007FEF685D7F4FD8016D937D938D012193E5
:10CF20003193B2E0EB0EF11C2F5D3F4F203284E0D5
:10CF3000380799F621E040E450E067EA7DE08FE8A9
:10CF40009CE10F94A13769837A838B839C83ED2DB9
:10CF5000F0E0EE0FFF1FE65DFD4FBE016F5F7F4FFC
:10CF6000808191810F94CE5411E0D1120DC067E8F9
:10CF700078E08FEF9EE00F94FE5467EC78E08FE34B
:10CF80009FE00F94FE540CC067E079E08FE79FE0CC
:10CF90000F94FE5467E479E08FEB9FE00F94FE540A
:10CFA00080E00E942D6703C084E80E942D670F90E7
:10CFB0000F900F900F90DF91CF911F910F91FF90E5
:10CFC000EF90DF90BF90AF909F908F900895CF9299
:10CFD000DF92EF92FF921F93CF93DF93E6EBFCE09B
:10CFE00080818D7F80832CEA3EE030937B0D2093FF
:10CFF0007A0DC1E8D0E0188210928500109284006A
:10D000001092800014E018831FE216BBC0E4DFE139
:10D01000CDA430E2C39E9001112450E040E080E4B2
:10D02000C82E82E4D82E8FE0E82EF12CC701B6017D
:10D030000F94D9B93093A7022093A6024EA550E2CF
:10D04000459F9001112450E040E0C701B6010F94C4
:10D05000D9B93093A5022093A402E1EBF0E010824D
:10D0600063E86093B20071E0709370001092B000BA
:10D0700095E09083A7E0A7BBC1E9D0E018821092A9
:10D0800095001092940010929000B3E0B88318BB02
:10D09000E1E2F1E010821092250110922401109239
:10D0A0002001B0831ABBC1EAD0E018821092A5001B
:10D0B0001092A4001092A000B88319BBDF91CF9109
:10D0C0001F91FF90EF90DF90CF9008958F929F92E5
:10D0D000AF92BF92CF92DF92EF92FF920F931F9386
:10D0E000CF93DF939091261E90FF09C08091A306F5
:10D0F00097FDE2C00F94D285892B09F0E2C0009120
:10D10000971E0E7F0093971E80905A1E90901F1EB0
:10D11000891408F05CC020E030E0A90160E0D0E0B4
:10D12000C0E06093081FA091A402B091A5020F94E3
:10D13000F8B96C597F4F8F4F9F4F2EE33AE047ED80
:10D1400053EA0F9488BA00E20F94B5BA49015A0124
:10D1500087E0B694A794979487948A95D1F7AA24E8
:10D16000BB248092580A9092590AA0925A0AB0920F
:10D170005B0A209709F0B1C0BFB7F894D091A30C17
:10D18000E091A10CF091A20C9081D095D923D0838D
:10D19000BFBF1092570A1092560AF091401FF5FD3A
:10D1A00005C080916F008B7F80936F0060E080915D
:10D1B000A206DF91CF911F910F91FF90EF90DF902A
:10D1C000CF90BF90AF909F908F900D940286A090CB
:10D1D0004C1EB090201EAB1408F49DCF4091531EFE
:10D1E0005091541E6091551E7091561EDB01CA016C
:10D1F00077FF03C00196A11DB11DB595A795979521
:10D200008795C090211ED12CF12CE12C8C159D0509
:10D21000AE05BF050CF47FCF20916C1E30916D1EC2
:10D22000285D3F4FE091231EE217130611F00CF02A
:10D2300072CF10911E1E16951F73113009F49FC0F6
:10D2400008F495C0123009F47FC0133009F063CFA1
:10D25000C090241EC0919A1ED0919B1ECC0DD11D52
:10D26000C7FCDA95D7FF02C0D0E0C0E0C0904A1EEC
:10D27000D0904B1E7A0104ED13E124EC33E144E835
:10D2800053E168E08DE793E10F949340D82EDC9E44
:10D29000C001DD9E900D112468EC70E00F9482B9FE
:10D2A000EB01C93CD10514F0C8ECD0E06C2F2C2F59
:10D2B00030E050E040E035CF0F94D285892B09F063
:10D2C0001ECF8091971E81608093971E20E030E0F2
:10D2D000A90160E0D0E0C0E024CF61E08091A20627
:10D2E0000F940286C83CD105DCF0EFB6F894F090BC
:10D2F000A30CC091A10CD091A20C4881F42AF88211
:10D30000EFBE51E05093570A5093560A7091401F58
:10D3100075FD0DC0A0916F00AB7FA0936F0007C09B
:10D320001092560A30916F00346030936F00DF9195
:10D33000CF911F910F91FF90EF90DF90CF90BF9012
:10D34000AF909F908F900895C0904A1ED0904B1E32
:10D350007A0104ED13E124EC33E144E853E168E0A1
:10D360008DE793E10F949340C82FD0E09ACF28EC3B
:10D3700030E040E050E068ECC8ECD0E0D2CE9C0158
:10D38000AD012C193D094E095F09A8ECB0E00F94DE
:10D39000F8B92091221E30E050E040E02C193D0900
:10D3A0004E095F090F94D9B9E9017BCF4F925F9283
:10D3B0006F927F928F929F92AF92BF92CF92DF92A5
:10D3C000EF92FF920F931F93CF9380914F0A811199
:10D3D00013C040908A0950908B0960908C0970901E
:10D3E0008D094092A0025092A1026092A202709216
:10D3F000A30201E000934F0A1091D51C187F183446
:10D4000009F477C150909F02511024C040918A09BD
:10D4100050918B0960918C0970918D098091A002C7
:10D420009091A102A091A202B091A302481B590BB6
:10D430006A0B7B0B80914F1D22E3829FC001112458
:10D44000092E000CAA0BBB0B481759076A077B076C
:10D4500008F44EC021E020939F023091461F932F85
:10D460009370923008F454C0923009F4D8C1C0903F
:10D47000F91ED090FA1EE090FB1EF090FC1E8090EA
:10D480001E1E80FC13C180910C1F90910D1FA09156
:10D490000E1FB0910F1FC114D104E104F10409F46F
:10D4A00061C128ECC216D104E104F10434F0883CD7
:10D4B0009105A105B1050CF000C330916F003460F7
:10D4C00030936F004091F91E5091FA1E6091FB1E3F
:10D4D0007091FC1E483C51056105710514F41092D1
:10D4E000500A883C9105A105B10514F41092560A22
:10D4F000CF911F910F91FF90EF90DF90CF90BF9051
:10D50000AF909F908F907F906F905F904F90089515
:10D51000C0904A1ED0904B1E3C70E090531EF0907D
:10D52000541E343009F45DC102EA14E122E934E109
:10D5300042E554E168E08BE494E10F949340C82EF7
:10D54000D12CF12CE12CC092F91ED092FA1EE0925F
:10D55000FB1EF092FC1EC091461F4C2F4370B1F48D
:10D5600088ECC816D104E104F10484F41092F91E89
:10D570001092FA1E1092FB1E1092FC1E20E030E06A
:10D5800040E050E0C12CD12C760102C09601A701E9
:10D59000A091A402B091A5020F94F8B96C597F4FE5
:10D5A0008F4F9F4F2EE33AE047ED53EA0F9488BA2E
:10D5B00000E20F94B5BA29013A01E7E07694679446
:10D5C00057944794EA95D1F7662477244092520AFB
:10D5D0005092530A6092540A7092550A6090361E17
:10D5E00066FE4DCFC0904A1ED0904B1ECC70E0908E
:10D5F000531EF090541EC43029F4E0905A1EF12CB2
:10D60000EE0CFF1C0BE314E12BE234E14BEE53E193
:10D6100068E084EE93E10F94934090E0B0E0A0E0E6
:10D6200080930C1F90930D1FA0930E1FB0930F1F9C
:10D630005091461F537031F4883C9105A105B10506
:10D640000CF462C29C01AD01A091A402B091A502AC
:10D650000F94F8B96C597F4F8F4F9F4F2EE33AE0EC
:10D6600047ED53EA0F9488BA00E20F94B5BA490126
:10D670005A0167E0B694A794979487946A95D1F776
:10D68000AA24BB248092580A9092590AA0925A0A5E
:10D69000B0925B0AC090F91ED090FA1EE090FB1E7B
:10D6A000F090FC1E80901E1E80FEEDCEC114D104B1
:10D6B000E104F10409F4A1C088ECC816D104E10426
:10D6C000F1040CF07CC070916F00746070936F0077
:10D6D0000091F91E1091FA1E2091FB1E3091FC1E44
:10D6E000083C1105210531050CF002CF1092500ABB
:10D6F000FFCE60915E0570915F058091600590910D
:10D7000061050E94B73040914C1D60910B1E7091D5
:10D710000C1E22E731E0261B370B281B390B220F8A
:10D72000331F50E0A0E0B1E0A41BB50B0F9479BA11
:10D730006B017C01A091F61EB091F71E9A010F9427
:10D7400081BAC60ED71EE81EF91EF7FC50C09927F5
:10D75000F7FC9A958F2D7E2D6D2D7093F71E60939B
:10D76000F61E50CE0097A105B10509F0A6CE5FB612
:10D77000F8949091A60CE091A40CF091A50CC081B6
:10D7800090959C2390835FBE6FB6F8945091A30C44
:10D79000E091A10CF091A20C80805095582150830B
:10D7A0006FBE1092510A1092500A1092570A1092AE
:10D7B000560A70916F007B7F70936F0099CEAFB661
:10D7C000F894C090A60CE091A40CF091A50CE08018
:10D7D000CE28C082AFBEA1E0A093510AA093500A08
:10D7E00087CEE0905A1EF12CEE0CFF1C9DCE2FEF41
:10D7F000C20ED11CE11CF11CAACF7FB6F894909008
:10D80000A60CE091A40CF091A50CB08090949B2004
:10D8100090827FBE1092510A1092500A69CEC09039
:10D820004A1ED0904B1E3C70E090531EF090541E48
:10D83000343029F4E0905A1EF12CEE0CFF1C02EA61
:10D8400014E122E934E142E554E168E08BE494E13B
:10D850000F9493408093F81E40919E024F71413087
:10D8600009F45FC18091F61E9091F71E70900D1E15
:10D87000781619060CF05FC090900E1E98161906C7
:10D880000CF459C04091F81EB090461FB5FE04C07C
:10D890004817190609F4CFC150E070E060E04093EA
:10D8A000501D5093511D6093521D7093531D092EAE
:10D8B000000CAA0BBB0B8093541D9093551DA09395
:10D8C000561DB093571D40E050E0BA0188E59DE138
:10D8D0000F942E7B882349F12091F91EA091A40278
:10D8E000B091A50230E00F942DBA6C597F4F8F4F45
:10D8F0009F4F2EE33AE047ED53EA0F9488BA00E2D7
:10D900000F94B5BA49015A0137E0B694A794979499
:10D9100087943A95D1F7AA24BB248092520A909218
:10D92000530AA092540AB092550A5091971E5D7FF7
:10D930005093971E15C01092F91E1092FA1E109265
:10D94000FB1E1092FC1E1092520A1092530A109263
:10D95000540A1092550AA091971EA260A093971E98
:10D96000D090361ED6FEA3C0C0904A1ED0904B1E4B
:10D97000B091461FBC70E090531EF090541EB4301E
:10D9800029F4E0905A1EF12CEE0CFF1C0BE314E17D
:10D990002BE234E14BEE53E168E084EE93E10F9427
:10D9A000934080930B1FC0919E02CF71C13009F448
:10D9B000FCC08091091F90910A1FF0910D1EF8176D
:10D9C00019060CF05FC010910E1E181719060CF402
:10D9D00059C040910B1F5090461F55FE04C0481778
:10D9E000190609F467C150E070E060E04093971CAD
:10D9F0005093981C6093991C70939A1C092E000CEC
:10DA0000AA0BBB0B80939B1C90939C1CA0939D1C0A
:10DA1000B0939E1C40E050E0BA018FE99CE10F9466
:10DA20002E7B882349F120910C1FA091A402B09174
:10DA3000A50230E00F942DBA6C597F4F8F4F9F4F46
:10DA40002EE33AE047ED53EA0F9488BA00E20F94D0
:10DA5000B5BA49015A0187E0B694A7949794879480
:10DA60008A95D1F7AA24BB248092580A9092590A29
:10DA7000A0925A0AB0925B0A8091971E8B7F809386
:10DA8000971E15C010920C1F10920D1F10920E1FA2
:10DA900010920F1F1092580A1092590A10925A0AA7
:10DAA00010925B0A3091971E34603093971E9091CC
:10DAB0009E029F5F90939E02DACCDFB6F894B091FD
:10DAC000A60CE091A40CF091A50CF080BF29B083C6
:10DAD000DFBE4FB6F8946091A30CE091A10CF091D9
:10DAE000A20C1081612B60834FBEF1E0F093510ACC
:10DAF000F093500AF093570AF093560A20916F0062
:10DB00002B7F20936F00F4CC10920C1F10920D1FEE
:10DB100010920E1F10920F1F20E030E040E050E006
:10DB200093CD20910A1E30E04091091E50E0609193
:10DB3000081E70E088E59DE10F94B57A8091461F3C
:10DB4000829581706090881D662009F470C090E015
:10DB50008090641D9090651D8815990509F1A0902D
:10DB60005E1DB0905F1DB194A194B108B0925F1D8D
:10DB7000A0925E1DC090601DD090611DD194C19493
:10DB8000D108D092611DC092601DE090621DF0909E
:10DB9000631DF194E194F108F092631DE092621D1F
:10DBA0009093651D8093641D5DCE20910A1E30E028
:10DBB0004091091E50E06091081E70E08FE99CE1E1
:10DBC0000F94B57A80914B1D8170F090CF1CFF208F
:10DBD00081F190E0E091AB1CF091AC1C8E179F0797
:10DBE00009F14090A51C5090A61C519441945108F5
:10DBF0005092A61C4092A51C0091A71C1091A81C35
:10DC00001195019511091093A81C0093A71C609110
:10DC1000A91C7091AA1C7195619571097093AA1C39
:10DC20006093A91C9093AC1C8093AB1CC2CE90E077
:10DC3000B7CF90E0F7CF2091071E822F90E0B0E0A1
:10DC4000A0E08093F91E9093FA1EA093FB1EB09360
:10DC5000FC1EA091A402B091A50230E00F942DBA51
:10DC60006C597F4F8F4F9F4F2EE33AE047ED53EAB9
:10DC70000F9488BA00E20F94B5BA49015A0147E0FF
:10DC8000B694A794979487944A95D1F7AA24BB2475
:10DC90008092520A9092530AA092540AB092550A66
:10DCA00088E59DE10F94E0667091971E7D7F7093EB
:10DCB000971E56CE2091071E822F90E0B0E0A0E084
:10DCC00080930C1F90930D1FA0930E1FB0930F1FF6
:10DCD000A091A402B091A50230E00F942DBA6C5926
:10DCE0007F4F8F4F9F4F2EE33AE047ED53EA0F945B
:10DCF00088BA00E20F94B5BA49015A0197E0B69488
:10DD0000A794979487949A95D1F7AA24BB248092DC
:10DD1000580A9092590AA0925A0AB0925B0A8FE967
:10DD20009CE10F94E0662091971E2B7F2093971E15
:10DD3000BECE1F920F920FB60F9211240BB60F9208
:10DD40002F933F934F935F936F937F938F939F9303
:10DD5000AF93BF93EF93FF938091510A8823E1F132
:10DD60002091500A211138C050919D028091A40247
:10DD70009091A502B0E0A0E05111CFC04091520AAD
:10DD80005091530A6091540A7091550A48175907E7
:10DD90006A077B070CF44BC131E03093500AB1E0C5
:10DDA000B0939D02F091570AFF2309F458C1609186
:10DDB000840070918500A0919902B0919A022091FF
:10DDC0009B0230919C026A0F7B1F621B730B709346
:10DDD0008B0060938A008EC03091570A311173C056
:10DDE0004091520A5091530A6091540A7091550A19
:10DDF00014161506160617069CF43091500A3111B8
:10DE00000FC05FB7F8949091A60CE091A40CF0912C
:10DE1000A50C7081792B70835FBFB1E0B093510A7C
:10DE20008091580A9091590AA0915A0AB0915B0AC0
:10DE3000181619061A061B069CF4F091560AF111E1
:10DE40000FC06FB7F894A091A30CE091A10CF091D2
:10DE5000A20C20812A2B20836FBF41E04093570AF8
:10DE60003091510A3323A1F18091520A9091530AC3
:10DE7000A091540AB091550A4091580A5091590AFC
:10DE800060915A0A70915B0A481759076A077B0725
:10DE90000CF0B1C07091570A71111AC060918400E2
:10DEA00070918500680F791F70938B0060938A00D2
:10DEB00090939C0280939B0250939A024093990204
:10DEC00010929D0217C04091560A411189CF4CCF44
:10DED0005091570A511171C0809184009091850032
:10DEE0006091A4027091A502860F971F90938B00FA
:10DEF00080938A00FF91EF91BF91AF919F918F9195
:10DF00007F916F915F914F913F912F910F900BBE39
:10DF10000F900FBE0F901F901895E0919D02E13079
:10DF200009F4B2C02091520A3091530A4091540A28
:10DF30005091550A281739074A075B070CF0D0C0E3
:10DF40009FB7F8947091A60CE091A40CF091A50CE9
:10DF5000A08170957A2370839FBF1092510A10920E
:10DF6000500A809184009091850020919B0230910D
:10DF70009C024091A4025091A502840F951F821B20
:10DF8000930B90938B0080938A008091A4029091D0
:10DF9000A502B0E0A0E02091580A3091590A4091C2
:10DFA0005A0A50915B0A281739074A075B070CF495
:10DFB0009BC0B1E0B093560A9DCFA0918400B09170
:10DFC0008500E091580AF091590AAE0FBF1FB09337
:10DFD0008B00A0938A002091520A3091530A30930B
:10DFE0009C0220939B02F0939A02E093990291E0A5
:10DFF00090939D027FCFE0918400F0918500E80F1F
:10E00000F91FF0938B00E0938A0090939C02809319
:10E010009B0250939A024093990284179507A60792
:10E02000B70709F04DCFB2E0B0939D0263CF5FB761
:10E03000F8949091A60CE091A40CF091A50C70813D
:10E040009095972390835FBF1092510A1092500AC7
:10E05000B1E0B0939D02F091570AF111A8CE609102
:10E06000840070918500A0919B02B0919C028091E8
:10E07000A4029091A502680F791F6A1B7B0B709315
:10E080008B0060938A00CFCF2091580A3091590AB3
:10E0900040915A0A50915B0A281739074A075B07D3
:10E0A0000CF448C0E093560A10929D02F091510A78
:10E0B000FF2309F451C08091840090918500409124
:10E0C0009B0250919C022091990230919A02840FF8
:10E0D000951F821B930B90938B0080938A000ACF2D
:10E0E00061E06093500A57CF3FB7F8945091A30C6A
:10E0F000E091A10CF091A20C6081509556235083C1
:10E100003FBF1092570A1092560AA0918400B09116
:10E1100085008091990290919A024091A4025091B9
:10E12000A502A40FB51FA81BB90BB0938B00A09339
:10E130008A00E0CE9FB7F8947091A30CE091A10CF7
:10E14000F091A20CB08170957B2370839FBF1092D9
:10E15000570A1092560AA8CF6091840070918500EA
:10E16000A0919902B0919A0282CF1F920F920FB69E
:10E170000F9211240BB60F922F933F934F935F93FF
:10E180008F939F93EF93FF93809198029FB7811194
:10E190002FC0F89420919702E0919502F091960299
:10E1A0003081322B30839FBF409184005091850095
:10E1B00080918F0290919002480F591F50938900CF
:10E1C00040938800909394028093930251E050937F
:10E1D0009802FF91EF919F918F915F914F913F91A5
:10E1E0002F910F900BBE0F900FBE0F901F901895A0
:10E1F000F89430919702E0919502F0919602208177
:10E200003095322330839FBF8091840090918500A8
:10E21000E0919302F09194024091A6025091A702DE
:10E22000840F951F8E1B9F0B90938900809388000D
:10E2300010929802CECFE3E1FFE1158E168E178E75
:10E2400010A2A385B4858D919D910D90BC91A02DB8
:10E2500081A392A3A3A3B4A3118E128E138E148E46
:10E260001092BE1E1092BD1EEFE6F0E020812D7FC1
:10E2700020839FB7F89430919702E0919502F09136
:10E28000960240813095342330839FBF08954F928A
:10E290005F926F927F928F929F92AF92BF92CF9236
:10E2A000DF92EF92FF920F931F93CF93DF93CDB73F
:10E2B000DEB768970FB6F894DEBF0FBECDBF809172
:10E2C000401F84FF5EC04090DC1C40FC7FC010916A
:10E2D0004F0D107331F03091860C3370323008F0EE
:10E2E000DAC2C0904A1ED0904B1EE0905A1EF12C0C
:10E2F000EE0CFF1C00E715E120E635E140E255E1B8
:10E3000068E089E195E10F949340B8EC8B9F600140
:10E310001124D092BE1EC092BD1E31E1C31637E259
:10E32000D30608F412C240E157E25093BE1E409358
:10E33000BD1E2091A6023091A702A0E1B7E20F9482
:10E340002DBA20E137E240E050E00F940BBA209361
:10E350008F023093900240939102509392027091F9
:10E360006F007D7F70936F007FB6F894A090970246
:10E37000E0919502F0919602C080CA28C0827FBECB
:10E3800009C000916F000D7F00936F001092E41E92
:10E390001092E31E90918E029F5F90938E0268967A
:10E3A0000FB6F894DEBF0FBECDBFDF91CF911F91A6
:10E3B0000F91FF90EF90DF90CF90BF90AF909F9024
:10E3C0008F907F906F905F904F90089510918E0284
:10E3D0001770113009F432C28090531E9090541E71
:10E3E000A090551EB090561E70905D0B4091591E26
:10E3F00070FC40915F0B50E070E060E08416950681
:10E40000A606B7060CF4C4C1E090B91EF090BA1E7F
:10E41000E114F10409F452C250918E025F70513040
:10E4200009F4C7C2C0904A1ED0904B1E09E015E106
:10E4300029EF34E149EB54E168E082EB94E10F9479
:10E440009340C82EBFB6F8944090A80E5090A90EE5
:10E450006090AA0E7090AB0E49825A826B827C82C9
:10E46000BFBE6090281F7090291F80902A1F909037
:10E470002B1FE980FA800B811C81E618F708080938
:10E480001909E091261FF091271F808190E0B0E0EC
:10E49000A0E0E816F9060A071B0708F403C2E0919A
:10E4A000241FF091251F80819181880F991F31E1F0
:10E4B000832E37E2932E881A990AB12CA12CE09171
:10E4C000221FF091231F20813181A0E1B7E20F9438
:10E4D0002DBAA50194010F94D9B929013A01E0910F
:10E4E0001E1FF0911F1F2081318142815381A0E1C5
:10E4F000B7E20F94F8B9A50194010F94D9B9421A63
:10E50000530A640A750A8090301F9090311FA090C2
:10E51000321FB090331F840C951CA61CB71C809230
:10E52000301F9092311FA092321FB092331F809102
:10E53000181F9091191F20913C1F30913D1F409151
:10E540003E1F50913F1F29873A874B875C8732E3F4
:10E55000C39E600111240D2C000CEE08FF089C01E5
:10E5600050E040E02D833E834F8358872091381F31
:10E570003091391F40913A1F50913B1F2D873E87A4
:10E580004F87588B892B09F4E9C1A0E1B7E22985AF
:10E590003A854B855C850F94F8B96C197D098E0915
:10E5A0009F092D813E814F8158850F94D9B957FD20
:10E5B00053C2281539054A055B050CF45FC2A0E17A
:10E5C000B7E22D853E854F8558890F94F8B96C0DBB
:10E5D0007D1D8E1D9F1D2D813E814F8158850F947D
:10E5E000D9B957FF03C020E030E0A9018827992757
:10E5F000DC01821B930BA40BB50B88169906AA06A7
:10E60000BB0654F48093301F9093311FA093321FA8
:10E61000B093331F4C015D0160912C1F70912D1F31
:10E6200080912E1F90912F1FA3019201261B370B63
:10E63000480B590BA0911A1FB0911B1F0F94F8B9EA
:10E64000698B7A8B8B8B9C8BA091161FB091171FB7
:10E65000A30192010F94F8B96D8B7E8B8F8B988FED
:10E660002D813E814F815885C501B4010F943CBA7C
:10E670000D891E892F89388D600F711F821F931F8E
:10E6800029893A894B895C89620F731F841F951F02
:10E690002AE030E040E050E00F94D9B9C20ED31E1A
:10E6A000E41EF51EA4E6B0E029853A854B855C851D
:10E6B0000F94F8B96C157D058E059F0574F48418C8
:10E6C0009508A608B7088092301F9092311FA0923B
:10E6D000321FB092331F6B017C01A4E6B0E02D85A0
:10E6E0003E854F8558890F94F8B9C616D706E806B7
:10E6F000F9066CF484189508A608B7088092301FB4
:10E700009092311FA092321FB092331F6B01E091A3
:10E71000201FF091211FD182C08289809A80AB8016
:10E72000BC808092281F9092291FA0922A1FB0922D
:10E730002B1F40922C1F50922D1F60922E1F709203
:10E740002F1FC090BD1ED090BE1EC114D10409F071
:10E750001AC180916F008D7F80936F00DFB6F894AF
:10E76000F0909702E0919502F09196025080F0941B
:10E77000F520F082DFBEA091BD1EB091BE1EA0317B
:10E78000F7E2BF0708F0EBCDAB2B09F403CE50C086
:10E790001092301F1092311F1092321F1092331FAF
:10E7A000A0911E1FB0911F1FBA83A983AD90BD9089
:10E7B000CD90DC90A092341FB092351FC092361FCE
:10E7C000D092371F10922C1F10922D1F10922E1FC7
:10E7D00010922F1FE0905E0BB4E6EB9E60011124B7
:10E7E000D092BE1EC092BD1E2091A6023091A702FB
:10E7F000D6010F9481BA20E137E240E050E00F9457
:10E800000BBA20938F023093900240939102509361
:10E81000920240916F00426040936F00C114D10496
:10E8200009F471C020E1C21627E2D20608F097CDA4
:10E8300050916F00526050936F00ACCD20914F0DFE
:10E84000207329F03091860C33703230A0F5C090DF
:10E850004A1ED0904B1EE0905A1EF12CEE0CFF1C6D
:10E8600000E715E120E635E140E255E168E089E1A5
:10E8700095E10F94934090E0880F991F9093BA1EF2
:10E880008093B91E5090460C51FC4CC01092E41E6F
:10E890001092E31EA1CD0E943D2AC090BD1ED090D3
:10E8A000BE1E3BCDC090BD1ED090BE1EC114D10473
:10E8B00009F0B8CF4ECF0E943D2AE4CF1092301F0E
:10E8C0001092311F1092321F1092331FE0911E1FC1
:10E8D000F0911F1F80819181A281B3818093341FA9
:10E8E0009093351FA093361FB093371F10922C1FA3
:10E8F00010922D1F10922E1F10922F1F1092BE1ECD
:10E900001092BD1E26CFE981FA81608171818281DA
:10E9100093816093341F7093351F8093361F9093BB
:10E92000371F17CF60918E1E70E087E995E00F9436
:10E930006F479093E41E8093E31E6090B91E709021
:10E94000BA1E860D971D811542E0940710F08FEFD7
:10E9500091E09093BA1E8093B91E3ECD80E090E086
:10E96000DC01181419041A041B040CF046CE109292
:10E97000301F1092311F1092321F1092331F812CC2
:10E98000912C540149CEA091A602B091A702960104
:10E990000F942DBA20E137E240E050E00F940BBA1B
:10E9A00020938F02309390024093910250939202F1
:10E9B00039CF80914B0C90E0B0E0A0E040915F0C2B
:10E9C00050E070E060E0481759076A077B0784F45D
:10E9D0004093381F5093391F60933A1F70933B1F29
:10E9E00080933C1F90933D1FA0933E1FB0933F1F09
:10E9F00090904D1F97FC45C07091131F713009F422
:10EA00004DC001E00093131F0093141F0093151FC6
:10EA100021E030E03093171F2093161F3093191F09
:10EA20002093181F30931B1F20931A1FA0911C1FA7
:10EA3000B0911D1F119709F0F5CC4FEF5FEF509388
:10EA4000171F4093161F5093191F4093181F509380
:10EA50001B1F40931A1FE6CC181419041A041B0438
:10EA60000CF0ADCD812C912C54018092301F9092EE
:10EA7000311FA092321FB092331FA1CD49015A011C
:10EA8000F4CF40917B1F60917A1F8091791F0F9482
:10EA9000C67CE090B91EF090BA1EC4CC9091141FB1
:10EAA000913009F0AECFF091151FF13009F0A9CFE8
:10EAB000B9CC0F931F938091A60690E0FC01EF5410
:10EAC000F74EE491F0E0EE0FFF1FE358F74E25916B
:10EAD00034913093960220939502FC01E950F74E51
:10EAE000E491E09397028091A50690E0FC01EF5439
:10EAF000F74EE491F0E0EE0FFF1FE358F74E05915B
:10EB000014911093A50C0093A40CFC01E950F74E4E
:10EB100014911093A60C8091A40690E0FC01EF5490
:10EB2000F74EE491F0E0EE0FFF1FE358F74E4591EA
:10EB300054915093A20C4093A10CFC01E950F74E64
:10EB400034913093A30C9091D91D292F2F7330E06D
:10EB5000F901EF54F74EE491F0E0EE0FFF1FE35898
:10EB6000F74E659174917093B80A6093B70AF901F2
:10EB7000E950F74E54915093B90A2091DF1D2F733D
:10EB800030E0F901EF54F74EE491F0E0EE0FFF1F93
:10EB9000E358F74EA591B491B093B50AA093B40A87
:10EBA000F901E950F74E74917093B60AB091D41DF3
:10EBB0008B2F86958695282F30E0F901EF54F74E7C
:10EBC000E491F0E0EE0FFF1FE35EFB4E0591149120
:10EBD0001093BC0A0093BB0AF901E950F74EF49177
:10EBE000F093BA0A2091D71D2F3F19F4BC7FB09340
:10EBF000D41DB37029F096FFD2C062E00F944D7A15
:10EC000080914B0C90E0B0E0A0E040915F0C50E0B0
:10EC100070E060E0481759076A077B0784F4409367
:10EC2000381F5093391F60933A1F70933B1F809396
:10EC30003C1F90933D1FA0933E1FB0933F1F8091B8
:10EC40004D1F87FDAFC041E061E081E00F94C67CBD
:10EC5000E091401FE5FD4FC0A0911E1EA0FF2EC0F9
:10EC600070916E1FB0E27B9F9001112450E040E054
:10EC700060E472E48FE090E00F94D9B93093A5027C
:10EC80002093A4020091971E0E7F0093971E10926E
:10EC9000081F1092520A1092530A1092540A1092AE
:10ECA000550A1092580A1092590A10925A0A109254
:10ECB0005B0AF0916F00F460F0936F001092BE1E3B
:10ECC0001092BD1E10928E021092F91E1092FA1E22
:10ECD0001092FB1E1092FC1E10920C1F10920D1F22
:10ECE00010920E1F10920F1F10929E021092E51E9E
:10ECF0001F910F9108951092F71E1092F61E109218
:10ED00000A1F1092091F10916E1F40E2149F90017C
:10ED1000112450E040E060E472E48FE090E00F9452
:10ED2000D9B93093A5022093A4023091461F3370C5
:10ED3000323009F440C01092520A1092530A1092D5
:10ED4000540A1092550A1092580A1092590A1092B9
:10ED50005A0A10925B0A80916F00846080936F0062
:10ED60008091971E8D7F8093971E8091971E8B7F39
:10ED70008093971E10924F0A80914E1D8852990BD6
:10ED80002091681E3091691E281739071CF061E038
:10ED900060939F025091401F55FD90CF5DCF0F941F
:10EDA0008D7A2ECF40917B1F60917A1F8091791FC1
:10EDB0000F94C67C4DCF0091351E10E030E020E06E
:10EDC0004091341E50E070E060E088E59DE10F94D2
:10EDD000206720910A1E30E04091091E50E06091AA
:10EDE000081E70E088E59DE10F94B57A61E270E05D
:10EDF00088E59DE10F948C6788E59DE10F94807C08
:10EE00009091361E96FF97CF0091351E10E030E0AE
:10EE100020E04091341E50E070E060E08FE99CE11A
:10EE20000F94206720910A1E30E04091091E50E0A7
:10EE30006091081E70E08FE99CE10F94B57A61E261
:10EE400070E08FE99CE10F948C678FE99CE10F944F
:10EE5000807C71CF8091A70690E0FC01EF54F74EC3
:10EE6000E491F0E0EE0FFF1FE358F74E2591349147
:10EE70003093590B2093580BFC01E950F74EE49165
:10EE8000E0935A0B9FB7F8948091B81F80FD13C090
:10EE900030915A0BE091580BF091590B408130950D
:10EEA000342330839FBF7091971E777F7093971E96
:10EEB0001092071F089550915A0BE091580BF09152
:10EEC000590B6081652B6083EDCF0CB405FC0DC040
:10EED0009EBD00000DB407FEFDCF9EB58EBD0000A7
:10EEE0000DB407FEFDCF8EB508958EBD00000DB4A4
:10EEF00007FEFDCF8EB59EBD00000DB407FEFDCF11
:10EF00009EB50895CF9381EB98E1FC01E491F0E088
:10EF1000EE0FFF1FE358F74E259134913093E80729
:10EF20002093E70767EF78E1FB0144914093E907FD
:10EF3000FC01E491F0E0EE0FFF1FE358F74EA591BE
:10EF4000B491B093F707A093F607FB013491309387
:10EF5000F80710928D0210928C0210928B02109280
:10EF60008A0261E080E00F944D7A61E080E00F94C6
:10EF70004D7ACFB7F89480918902811126C0E6EED0
:10EF8000F8E15491ECE2F9E19491E52FF0E0EE0F15
:10EF9000FF1FE956F74EA591B4917C91792309F4AE
:10EFA00079C061E085E30F944D7ABCB5B061BCBD1A
:10EFB000FCB5F064FCBD61E084E30F944D7A61E040
:10EFC00083E30F944D7A809189028F5F8093890249
:10EFD000CFBF20E52CBD1DBC6091E907E091E7079C
:10EFE000F091E807408160956423608380E09FE1B1
:10EFF0000E9465773091E907E091E707F091E80713
:10F00000C081C32BC0835091F807E091F607F091BF
:10F01000F707908150955923508380E09FE10E942B
:10F020006577A091F807E091F607F091F7077081F6
:10F030007A2B7083B091E907E091E707F091E80738
:10F040008081B095B823B08380EF98E20E94657705
:10F050002091E907E091E707F091E8076081622BD2
:10F0600060834091F807E091F607F091F70730814F
:10F0700040954323408380EF98E20E946577C091DA
:10F08000F807E091F607F091F70750815C2B508369
:10F09000CF91089561E085E30F94028682CF7F923D
:10F0A0008F929F92AF92BF92CF92DF92EF92FF9298
:10F0B0000F931F93CF93DF934C015B01E901809184
:10F0C0007A0D90917B0D8217930709F040C0209133
:10F0D000B60C322F307721F02877203209F03FC06C
:10F0E000403389F467E672E00F94DD8180917A0DF8
:10F0F00090917B0DDC01ED91FC910190F081E02D70
:10F1000060E319952CC0413329F469E672E00F944D
:10F11000DD8125C06BE672E00F94DD8180917A0D70
:10F1200090917B0DDC01ED91FC910190F081E02D3F
:10F1300062E3199580917A0D90917B0DDC01ED9140
:10F14000FC910190F081E02D6BE7199508C080914A
:10F150000002882321F0109200021092AB1E42E0C0
:10F16000F80140837090491E9091951E5091951E14
:10F1700070FACC24C0F8D12CD194C194D108C926FE
:10F18000F0E8CF22DD24C526C092951E712C872D74
:10F1900090E08A159B0540F5E881F981C080D18017
:10F1A000880D991DF7011995682FCE01F601199563
:10F1B000FFE0C934DF07B1F4E091490FF0914A0F45
:10F1C0000480F581E02D89E49FE019951816190651
:10F1D0004CF08394870C8092B202AA94A718A09254
:10F1E000B1021AC07394D3CFD8011C92E881F9817F
:10F1F0000084F185E02DCE011995892B41F0E8813D
:10F20000F9810284F385E02DCE011995EFCF0091AD
:10F21000961E077F0093961EDF91CF911F910F914D
:10F22000FF90EF90DF90CF90BF90AF909F908F9026
:10F230007F9008958F929F92BF92CF92DF92EF922C
:10F24000FF920F931F93CF93DF93EB01833509F464
:10F25000CEC18A01843550F48D3409F47EC08135E5
:10F2600009F473C1823409F0D2C10DC0843659F15A
:10F2700018F4823641F0CBC1803709F405C18237DA
:10F2800009F466C1C4C138E0F8013083E881F9812E
:10F290000084F185E02DCE01199502970CF4B7C1D9
:10F2A000E881F9810284F385E02DCE011995E8818A
:10F2B000F9810284F385E02DCE0119950F947456DF
:10F2C000E8011882A4C178E0FA017083E881F9812D
:10F2D0000084F185E02DCE01199502970CF497C1B9
:10F2E000E881F9810284F385E02DCE011995E8814A
:10F2F000F9810284F385E02DCE0119950F942B1F1F
:10F300006B017C016F2D772788279927E881F98188
:10F310000190F081E02DCE011995B701882799273A
:10F32000E881F9810190F081E02DCE0119959927AE
:10F330008F2D7E2D6D2DE881F9810190F081E02DDA
:10F34000CE011995E881F9810190F081E02D6C2DB5
:10F35000CE011995E80118825AC188E0FA0180832C
:10F360008090B902811052C0E881F9810084F18552
:10F37000E02DCB01199507970CF443C0E881F98182
:10F380000284F385E02DCE011995E881F98102848C
:10F39000F385E02DCE01199580930102E881F98172
:10F3A0000284F385E02DCE011995F82EE881F981CC
:10F3B0000284F385E02DCE01199520E0382F2F2906
:10F3C0003093B8022093B702E881F9810284F38573
:10F3D000E02DCE011995982EE881F9810284F385FC
:10F3E000E02DCE01199520E0382F29293093B6025F
:10F3F0002093B50221E02093B9021092B40210923A
:10F40000B302B090B902BB2009F401C1E881F981CF
:10F410000084F185E02DCE0119954091B302509101
:10F42000B402C090B502D090B602181619061CF5A9
:10F430004C155D0500F5E881F9810284F385E02D26
:10F44000CE0119956091B7027091B802E090B302B5
:10F45000F090B4026E0D7F1D482F809101020F9431
:10F460006A1DA091B302B091B4021196B093B40298
:10F47000A093B302CBCF4C155D0508F4C8C0E801DA
:10F4800018821092B902C3C068E0FA016083E88173
:10F49000F9810084F185E02DCE01199506970CF4D1
:10F4A000B6C0E881F9810284F385E02DCE0119957B
:10F4B000E881F9810284F385E02DCE011995B82EFB
:10F4C000E881F9810284F385E02DCE011995C82EDB
:10F4D000E881F9810284F385E02DCE01199520E0C1
:10F4E000382F2C293093B8022093B702E881F98194
:10F4F0000284F385E02DCE011995E82EE881F9818B
:10F500000284F385E02DCE011995C12CD82ECE288A
:10F51000F12CE12CEC14FD04ACF4E881F98180803D
:10F5200091806091B7027091B8026E0D7F1D8B2D96
:10F530000F94CA1B682FCE01F4011995FFEFEF1A43
:10F54000FF0AE8CFE801188262C062EB73E151C0A4
:10F5500058E0F8015083E881F9810084F185E02DBD
:10F56000CB01199506970CF452C0E881F981028409
:10F57000F385E02DCE011995E881F9810284F385A8
:10F58000E02DCE011995882EE881F9810284F3855A
:10F59000E02DCE011995D82EE881F9810284F385FA
:10F5A000E02DCE011995F82EE881F9810284F385CA
:10F5B000E02DCE011995982EE881F9810284F3851A
:10F5C000E02DCE011995F8011082F0E38F121FC0D3
:10F5D00060E0782F692980E09F2D29EBE22E21E958
:10F5E000F22E9E0140E38D290E944F7810C06EE9F3
:10F5F00073E1CE01DF91CF911F910F91FF90EF90BA
:10F60000DF90CF90BF909F908F900D944A8ADF91AA
:10F61000CF911F910F91FF90EF90DF90CF90BF900F
:10F620009F908F9008952F923F924F925F926F928A
:10F630007F928F929F92AF92BF92CF92DF92EF9282
:10F64000FF920F931F93CF93DF93CDB7DEB7E4976D
:10F650000FB6F894DEBF0FBECDBF0F94747C6093DD
:10F66000AD027093AE028093AF029093B00280918E
:10F670001F0C81110DC08091970690919806DC01B6
:10F68000ED91FC910284F385E02D19958093AC02F5
:10F69000E091AC02EF53EC3310F00C94AB89F0E046
:10F6A0008827EA5AF4488F4F0D9458BAA289AB893B
:10F6B0005E807C801882AB89168143814D811682E1
:10F6C000AB892882AB892E82E783EF83F68302849D
:10F6D000B884AB8931854B8512874087D787FC83F7
:10F6E000AB89A288AB89AB89AB89AB89AB898189AE
:10F6F000927B73808A80AB80AB89AB898B812582BA
:10F70000AB892B82AB89AB89BD83AB89F983368406
:10F71000AB89C284AB893B86AB89AB893F88FF83C9
:10F72000AB897D8978E070931F0C8091970690914A
:10F730009806DC01ED91FC910084F185E02D19958E
:10F74000029714F40C94AD898091970690919806D5
:10F75000DC01ED91FC910284F385E02D19958091F7
:10F76000970690919806DC01ED91FC910284F38557
:10F77000E02D199580919706909198062091AB1EE7
:10F78000DC01ED91FC910190F081E02D60E0199594
:10F790003C0180919706909198066091AB1EDC0128
:10F7A000ED91FC910190F081E02D199502E710E0B8
:10F7B00006191709081B190B809197069091980656
:10F7C00060919B1EDC01ED91FC910190F081E02D98
:10F7D0001995081B190B8091970690919806DC01EA
:10F7E000ED91FC910190F081E02D60919A1E1995A8
:10F7F000081B190B809197069091980660919D1EA9
:10F80000DC01ED91FC910190F081E02D1995081B30
:10F81000190B8091970690919806DC01ED91FC916F
:10F820000190F081E02D60919C1E1995081B190B29
:10F83000809197069091980660914B1EDC01ED91A6
:10F84000FC910190F081E02D1995081B190B809116
:10F85000970690919806DC01ED91FC910190F08162
:10F86000E02D60914A1E1995081B190BF0917A1E24
:10F870009AE0392E932DF902700111248091970698
:10F8800090919806DC01ED91FC910190F081E02DC2
:10F890006F2D1995081B190B80919706909198066A
:10F8A000DC01ED91FC910190F081E02D6E2D199518
:10F8B000081B190B8091970690919806DC01ED9139
:10F8C000FC910190F081E02D6091E61E1995081BD6
:10F8D000190B8091970690919806DC01ED91FC91AF
:10F8E0000190F081E02D6091991E1995081B190B6C
:10F8F0008091970690919806DC01ED91FC91019022
:10F90000F081E02D60918A1E1995081B190B8091DA
:10F91000970690919806DC01ED91FC910190F081A1
:10F92000E02D60918A1E1995081B190B809197068E
:10F9300090919806DC01ED91FC910190F081E02D11
:10F9400063E61995081B190B80919706909198060C
:10F95000DC01ED91FC910190F081E02D63E61995B9
:10F96000081B190B4091591E439D70011124809171
:10F97000970690919806DC01ED91FC910190F08141
:10F98000E02D6F2D1995081B190B8091970690910A
:10F990009806DC01ED91FC910190F081E02D6E2D37
:10F9A0001995081B190B2091531E3091541E329E3D
:10F9B0007001339EF00C1124809197069091980667
:10F9C000DC01ED91FC910190F081E02D6F2D1995F6
:10F9D000081B190B8091970690919806DC01ED9118
:10F9E000FC910190F081E02D6E2D1995081B190BEB
:10F9F00080906C1E90906D1E389C7001399CF00CAC
:10FA000011248091970690919806DC01ED91FC916C
:10FA10000190F081E02D6F2D1995081B190B809135
:10FA2000970690919806DC01ED91FC910190F08190
:10FA3000E02D6E2D1995081B190B4090681E5090F3
:10FA4000691E349C7001359CF00C1124809197063E
:10FA500090919806DC01ED91FC910190F081E02DF0
:10FA60006F2D1995081B190B809197069091980698
:10FA7000DC01ED91FC910190F081E02D6E2D199546
:10FA8000081B190BF0905A1EF39C700111248091F1
:10FA9000970690919806DC01ED91FC910190F08120
:10FAA000E02D6F2D1995081B190B809197069091E9
:10FAB0009806DC01ED91FC910190F081E02D6E2D16
:10FAC0001995081B190B8091970690919806DC01F7
:10FAD000ED91FC910190F081E02D60E01995081BFB
:10FAE000190B8091970690919806DC01ED91FC919D
:10FAF0000190F081E02D6091791E1995081B190B7A
:10FB00008091970690919806DC01ED91FC9101900F
:10FB1000F081E02D60E01995081B190B8091970684
:10FB200090919806DC01ED91FC910190F081E02D1F
:10FB30006091661E1995081B190B8091970690918C
:10FB40009806DC01ED91FC910190F081E02D60E0E0
:10FB50001995081B190B8091970690919806DC0166
:10FB6000ED91FC910190F081E02D6091671E199557
:10FB7000081B190B8091970690919806DC01ED9176
:10FB8000FC910190F081E02D63E61995081B190B9B
:10FB90008091970690919806DC01ED91FC9101907F
:10FBA000F081E02D63E61995081B190BD090811E9A
:10FBB000D39C700111248091970690919806DC01E6
:10FBC000ED91FC910190F081E02D6F2D1995081BAE
:10FBD000190B8091970690919806DC01ED91FC91AC
:10FBE0000190F081E02D6E2D1995081B190B809165
:10FBF000970690919806DC01ED91FC910190F081BF
:10FC0000E02D6F2D1995081B190B80919706909187
:10FC10009806DC01ED91FC910190F081E02D6E2DB4
:10FC20001995081B190B5090841E539C70011124C8
:10FC30008091970690919806DC01ED91FC910190DE
:10FC4000F081E02D6F2D1995081B190B80919706F7
:10FC500090919806DC01ED91FC910190F081E02DEE
:10FC60006E2D1995081B190B7090821E739C7001E4
:10FC700011248091970690919806DC01ED91FC91FA
:10FC80000190F081E02D6F2D1995081B190B8091C3
:10FC9000970690919806DC01ED91FC910190F0811E
:10FCA000E02D6E2D1995081B190B809197069091E8
:10FCB0009806DC01ED91FC910190F081E02D63E666
:10FCC0001995081B190B8091970690919806DC01F5
:10FCD000ED91FC910190F081E02D63E61995081BF0
:10FCE000190B8091970690919806DC01ED91FC919B
:10FCF0000190F081E02D63E61995081B190B8091A6
:10FD0000970690919806DC01ED91FC910190F081AD
:10FD1000E02D63E61995081B190B809197069091C9
:10FD20009806DC01ED91FC910190F081E02D63E6F5
:10FD30001995081B190B8091970690919806DC0184
:10FD4000ED91FC910190F081E02D63E61995081B7F
:10FD5000190BC0907D1ED0907E1E3C9C70013D9C76
:10FD6000F00C11248091970690919806DC01ED919A
:10FD7000FC910190F081E02D6F2D1995081B190B56
:10FD80008091970690919806DC01ED91FC9101908D
:10FD9000F081E02D6E2D1995081B190BB091631E93
:10FDA000B39D700111248091970690919806DC0113
:10FDB000ED91FC910190F081E02D6F2D1995081BBC
:10FDC000190B8091970690919806DC01ED91FC91BA
:10FDD0000190F081E02D6E2D1995081B190B3091C3
:10FDE000651E339D700111248091970690919806AD
:10FDF000DC01ED91FC910190F081E02D6F2D1995C2
:10FE0000081B190B8091970690919806DC01ED91E3
:10FE1000FC910190F081E02D6E2D1995081B190BB6
:10FE20008091970690919806DC01ED91FC910190EC
:10FE3000F081E02D63E61995081B190B8091970658
:10FE400090919806DC01ED91FC910190F081E02DFC
:10FE500063E61995081B190B8091970690919806F7
:10FE6000DC01ED91FC910190F081E02D63E61995A4
:10FE7000081B190B8091970690919806DC01ED9173
:10FE8000FC910190F081E02D63E61995081B190B98
:10FE9000B0905C1E60915D1E8091970690919806CF
:10FEA000DC01ED91FC910190F081E02D1995081B8A
:10FEB000190B8091970690919806DC01ED91FC91C9
:10FEC0000190F081E02D6B2D1995081B190B909076
:10FED0005F1E6091601E8091970690919806DC01EC
:10FEE000ED91FC910190F081E02D1995081B190B03
:10FEF0008091970690919806DC01ED91FC9101901C
:10FF0000F081E02D692D1995081B190B8091741E45
:10FF10009091751E389E7001399EF00C11248091CD
:10FF2000970690919806DC01ED91FC910190F0818B
:10FF3000E02D6F2D1995081B190B80919706909154
:10FF40009806DC01ED91FC910190F081E02D6E2D81
:10FF50001995081B190B8091970690919806DC0162
:10FF6000ED91FC910190F081E02D63E61995081B5D
:10FF7000190B8091970690919806DC01ED91FC9108
:10FF80000190F081E02D63E61995081B190B809113
:10FF90009706909198062090E81E239C602D1124CE
:10FFA000DC01ED91FC910190F081E02D1995081B89
:10FFB000190B8091970690919806DC01ED91FC91C8
:10FFC0000190F081E02D63E61995081B190B8091D3
:10FFD000970690919806DC01ED91FC910190F081DB
:10FFE000E02D63E61995081B190B809197069091F7
:10FFF0009806DC01ED91FC910190F081E02D63E623
:020000021000EC
:100000001995081B190B50917B1E632D5602700128
:1000100011248091970690919806DC01ED91FC9156
:100020000190F081E02D6F2D1995081B190B80911F
:10003000970690919806DC01ED91FC910190F0817A
:10004000E02D6E2D1995081B190B70917C1EF32D58
:100050007F02700111248091970690919806DC012F
:10006000ED91FC910190F081E02D6F2D1995081B09
:10007000190B8091970690919806DC01ED91FC9107
:100080000190F081E02D6E2D1995081B190BF12CB4
:10009000E12CE016F10614F00C94AB8980919706E0
:1000A00090919806DC01ED91FC910190F081E02D9A
:1000B00063E61995BFEFEB1AFB0AEBCF2091970689
:1000C0003091980689EBE82E81E9F82E0FE11CE0CB
:1000D00041E362E870E090E080E00E944F78109287
:1000E00000020C94AD894FE15CE069E47FE082E6B8
:1000F0000E941A790C94AD891091971E1064109388
:10010000971E4FE15CE069E47FE082E40E941A7987
:100110000C94AD8980919706909198066091AC1EE1
:100120007091AD1EDC01ED91FC910190F081E02D0C
:10013000199580919706909198062091AC1E309168
:10014000AD1EDC01ED91FC910190F081E02D632F5B
:1001500019950C94AD8968E060931F0C8091970607
:1001600090919806DC01ED91FC910084F185E02DE1
:100170001995029714F40C94AD898091970690918B
:100180009806DC01ED91FC910284F385E02D199530
:100190008091970690919806DC01ED91FC91028484
:1001A000F385E02D19950F942B1F6B017C01A09115
:1001B0009706B09198066F2D772788279927ED919C
:1001C000FC9111970190F081E02DCD011995A0913E
:1001D0009706B0919806B70188279927ED91FC9171
:1001E00011970190F081E02DCD011995A09197060E
:1001F000B091980699278F2D7E2D6D2DED91FC9154
:1002000011970190F081E02DCD011995809197060D
:1002100090919806DC01ED91FC910190F081E02D28
:100220006C2D199510921F0C0C94AD8938E0309309
:100230001F0C8091970690919806DC01ED91FC913E
:100240000084F185E02D1995029714F40C94AD8982
:1002500089E49FE00F94E130C82E80919706909139
:100260009806DC01ED91FC910284F385E02D19954F
:1002700020E03C2DF901E82BCF010E94A82B109221
:100280001F0C0C94AD896DE873E1809197069091F5
:1002900098060F944A8A0C94AD89809197069091A4
:1002A0009806DC01ED91FC910190F081E02D60E079
:1002B00019958091970690919806DC01ED91FC913B
:1002C0000190F081E02D60E1199580919706909161
:1002D0009806DC01ED91FC910190F081E02D6CE23B
:1002E000199510E000E04090970650909806C801DC
:1002F0000F94C3B9D201ED91FC910190F081E02DF2
:10030000682FC20119950F5F1F4F0115B0E11B0740
:1003100051F70C94AB8958E050931F0C80919706CD
:1003200090919806DC01ED91FC910084F185E02D1F
:10033000199503973CF40E94EC27811103C00F9498
:100340008884ECCF8091970690919806DC01ED911E
:10035000FC910084F185E02D1995039714F40C9419
:10036000AD898091970690919806DC01ED91FC9102
:100370000284F385E02D1995A82E8091970690911F
:100380009806DC01ED91FC910284F385E02D19952E
:1003900020E0382F2A2910E000E02115304179F0C3
:1003A00062E773E180919706909198060F942089F7
:1003B000D4C70E94EC2781110FC00F9488848091CC
:1003C000970690919806DC01ED91FC910084F185EF
:1003D000E02D1995892B69F38091970690919806E5
:1003E000DC01ED91FC910084F185E02D1995892BBC
:1003F00009F4B1C78091970690919806DC01ED91C0
:10040000FC910284F385E02D1995E82EC8010F9424
:10041000C3B9E81621F06E2DC8010F94CBB90F5F58
:100420001F4F0115B0E11B0751F695C70F94392EE8
:100430008091970690919806DC01ED91FC910190D6
:10044000F081E02D61E0199588C70F94342D85C7A0
:100450000F944D2CEDCF0F94B52B7FC720919706AD
:1004600030919806E0910102E150EF3008F07FC131
:10047000F0E08827E15CFD478F4F0D9458BA598210
:100480004E829782A28202830D8367837F838A8351
:10049000B7839683B783B783A183AC8363EA7EE097
:1004A000C9010F94208965E083E09BE10E94936479
:1004B00054C769E97EE0C9010F94208964E27CE0B9
:1004C00080E29CE00E94052A6EE27CE084E29CE0EF
:1004D0000E94E2296CE37CE08EE29CE00E94052A07
:1004E0000CE31CE0F801619171918F0180919706F6
:1004F000909198060F94CA82FCE004341F0791F78C
:100500006FE47CE084E49CE00E94052A60914F0C3B
:100510007091500C80919706909198060F94CA8222
:1005200060EA7CE081E59CE00E94052A16C76BE842
:100530007EE0C9010F94208965E085E798E10E947B
:1005400093640BC761E87EE0C9010F942089009194
:10055000970610919806C090D01CD090D11C0D2CFD
:10056000000CEE08FF08F7FE15C0D801ED91FC91D4
:100570000190F081E02D6DE2C801199544275527BF
:10058000BA014C195D096E097F092AE0C8010F9470
:10059000CF8006C02AE0B701A601C8010F94CF8022
:1005A0006DE672E0C8010F94DD8167EE7CE182EDBB
:1005B0009CE10E94052A6BEE7CE187EE9CE10E94A3
:1005C000E2296FEE7CE18BEE9CE10E94E22969EF6B
:1005D0007CE18FEE9CE10E94E2296091F91C809100
:1005E0009706909198060F94107F60E07DE18AEF66
:1005F0009CE10E94E22960E57DE180E09DE10E94AE
:10060000052AABC668E77EE0C9010F94208965E042
:1006100087EE95E10E949364A0C66BE67EE0C90177
:100620000F9420896FE47FE180E49FE10E94052A16
:1006300065E57FE18FE49FE10E94E2296BE57FE1C0
:1006400085E59FE10E94E22964E67FE18BE59FE179
:100650000E94E2296DE67FE184E69FE10E94E229A3
:1006600060E87FE18DE69FE10E94052A6AE87FE16C
:1006700080E89FE10E94E22964E97FE18AE89FE146
:100680000E94E2296EE97FE184E99FE10E94E2296C
:1006900068EA7FE18EE99FE10E94E2296CEA7FE14E
:1006A00088EA9FE10E94E22960EB7FE18CEA9FE10A
:1006B0000E94E22964EB7FE180EB9FE10E94E22946
:1006C00060EC7FE184EB9FE10E94052A46C660E66C
:1006D0007EE0C9010F94208963E089E195E10E94E1
:1006E000936467E57EE080919706909198060F9459
:1006F000208963E08BE494E10E9493642EC669E450
:100700007EE0C9010F94208961E08AE393E10E94B1
:10071000936423C66DE37EE0C9010F94208966E7E8
:100720007DE086EB9CE00E94052A17C66FE27EE022
:10073000C9010F94208965E08CEB99E10E949364D4
:100740000CC66DE17EE0C9010F94208965E08EE260
:1007500097E10E94936401C669E07EE0C9010F94AD
:10076000208963E082EB94E10E949364F6C566EE13
:100770007DE0C9010F942089F0C58091D31F90912D
:10078000D41F009711F487ED9FE1BE016F5F7F4F8B
:10079000681B790B7093B11E6093B01E8091970611
:1007A00090919806DC01ED91FC910190F081E02D93
:1007B000199580919706909198066091B11EDC0181
:1007C000ED91FC910190F081E02D1995C6C54FE1A6
:1007D0005CE069E47FE08DE40E941A79BEC58091F7
:1007E0009706909198060F947588B7C50F94892A3B
:1007F0001FCE0F943729B1C50F94412819CE0F94FD
:100800009627ABC598E090931F0C80919706909126
:100810009806DC01ED91FC910084F185E02D19959D
:10082000181619060CF099C58091970690919806B4
:10083000DC01ED91FC910284F385E02D199540EDEA
:10084000480F4A3018F44093010285C52FE9280F5C
:10085000263020F48755809301027DC5BFEBB80F89
:10086000B63008F487538093010275C538E03093A1
:100870001F0C8091970690919806DC01ED91FC91F8
:100880000084F185E02D199506970CF466C58091DA
:10089000970690919806DC01ED91FC910284F38516
:1008A000E02D19958091970690919806DC01ED91C5
:1008B000FC910284F385E02D1995B82E809197065E
:1008C00090919806DC01ED91FC910284F385E02D76
:1008D0001995882E8091970690919806DC01ED91EC
:1008E000FC910284F385E02D199520E0382F28290A
:1008F0003093B8022093B7028091970690919806A2
:10090000DC01ED91FC910284F385E02D1995982E80
:100910008091970690919806DC01ED91FC910284FC
:10092000F385E02D199520E0382FF901E9292F01F1
:10093000F12CE12CE414F5040CF00DC5C0909706E1
:10094000D0909806D601ED91FC9120803180609185
:10095000B7027091B8026E0D7F1D8B2D0F94CA1BCC
:10096000682FC601F1011995FFEFEF1AFF0AE2CFD8
:1009700060919706709198064FE15CE081E50E94D6
:100980001A79EBC408E000931F0C809197069091B0
:100990009806FC010190F081E02D0084F185E02DA6
:1009A000199506970CF4D9C48091970690919806F2
:1009B000DC01ED91FC910284F385E02D1995809185
:1009C000970690919806DC01ED91FC910284F385E5
:1009D000E02D1995F82E8091970690919806DC01EC
:1009E000ED91FC910284F385E02D1995D82E80912C
:1009F000970690919806DC01ED91FC910284F385B5
:100A0000E02D1995582E8091970690919806DC015B
:100A1000ED91FC910284F385E02D1995782E80915B
:100A2000970690919806DC01ED91FC910284F38584
:100A3000E02D199510921F0CB0E3FB128EC460E0FC
:100A4000782F672980E0952DE9EBEE2EE1E9FE2E67
:100A50000FE11CE029E43FE040E38D290E944F783C
:100A60007CC4F091B60CF877E0909706F090980669
:100A7000F83111F0F83231F462EB73E1C7010F94F1
:100A80004A8A06C04FE15CE0B70183E50E941A790B
:100A90001092AB1E62C458E050931F0C80919706D1
:100AA00090919806DC01ED91FC910084F185E02D98
:100AB000199506970CF451C4809197069091980669
:100AC000DC01ED91FC910284F385E02D1995809174
:100AD000970690919806DC01ED91FC910284F385D4
:100AE000E02D19958091970690919806DC01ED9183
:100AF000FC910284F385E02D1995809197069091E1
:100B00009806DC01ED91FC910284F385E02D1995A6
:100B10008091970690919806DC01ED91FC910284FA
:100B2000F385E02D19958091970690919806DC0148
:100B3000ED91FC910284F385E02D19957090F41EDF
:100B4000772021F080E00E94DF2605C4B090F51EDA
:100B5000BB2009F400C49090941E96FE7AC066E013
:100B600060931F0C10E000E080919706909198062A
:100B7000DC01ED91FC910480F581E02D199504973D
:100B80001CF40093B202E7C3F801EE0FFF1FEE0F53
:100B9000FF1FE85BFC4FC080D180E280F380A09112
:100BA0009706B09198066F2D772788279927ED91A2
:100BB000FC9111970190F081E02DCD011995A09144
:100BC0009706B0919806B70188279927ED91FC9177
:100BD00011970190F081E02DCD011995A091970614
:100BE000B091980699278F2D7E2D6D2DED91FC915A
:100BF00011970190F081E02DCD0119958091970614
:100C000090919806DC01ED91FC910190F081E02D2E
:100C10006C2D19958091970690919806F801E753ED
:100C2000FD4F6081DC01ED91FC910190F081E02DA0
:100C300019950F5F1F4F0F37110509F095CF709170
:100C4000941E7F7B7093941E10921E0C10921D0CAC
:100C500082C30BE712E08091970690919806DC0121
:100C6000ED91FC910190F081E02D60E0199501502B
:100C7000110989F770C38091970690919806DC015D
:100C8000ED91FC910084F185E02D1995892B99F364
:100C90008091970690919806DC01ED91FC91028479
:100CA000F385E02D1995833008F059C0282F30E0E6
:100CB000A901440F551FFA01E45CFD4F0081118129
:100CC0004A5C5D4FFA0140815181F901ED5CFD4FB5
:100CD000A080205D3D4FD901CC90823039F00A2CA4
:100CE000000CBB080C2C000CDD0842C010E000E03A
:100CF0008091970690919806FC010190F081E02D7B
:100D00000084F185E02D1995181619068CF780914D
:100D1000970690919806DC01ED91FC910284F38591
:100D2000E02D199598012F713327232B89F4280181
:100D3000B5E055944794BA95E1F7F201E058F24FC7
:100D40008083440C551CF201E95BF74F118300834B
:100D50000F5F1F4F0115B4E01B0751F65EC0B12CA9
:100D6000A12CAAE0CA2ED12C47E858E007EC18E0E5
:100D70003A01F12CE12CE5E03E2EF9E04F2E512C0A
:100D80008091970690919806DC01ED91FC9100848A
:100D9000F185E02D199502979CF38091970690912B
:100DA0009806DC01ED91FC910284F385E02D199504
:100DB000282E8091970690919806DC01ED91FC9188
:100DC0000284F385E02D1995982E812CB601C4017B
:100DD00082290F9482B960527109369EC001379EF4
:100DE000900D1124B2010F9482B96A0D7B1D77FF1B
:100DF00002C070E060E0F801619371938F01D3014C
:100E0000ED92FD923D010F949055B0E2EB0EF11C76
:100E1000E114E4E0FE0609F0B3CF0F9490550F946F
:100E200090559BC2D0901F0C5090140B5520E9F0A8
:100E3000D11008C062E473E1809197069091980602
:100E40000F9420898091970690919806DC01ED918E
:100E5000FC910084F185E02D1995892B99F360E0D0
:100E60008091130B0F94028678C2D11076C26DE187
:100E700073E180919706909198060F9420896DC236
:100E800060910102CE0101960F94A31AB985B33087
:100E900009F463C2B130B1F028F0B23009F476C081
:100EA0000F94D9BA80919706909198064F815885F2
:100EB00069817A81DC01ED91FC910280F381E02D62
:100EC000199564C06B8189819A810F94F1452AA399
:100ED0003BA34CA35DA36EA3FE01B296DE019796E1
:100EE00035E001900D923A95E1F769A47AA4EBA45C
:100EF000F12C8FA098A48614970481F08091970616
:100F000090919806DC01ED91FC910280F381E02D37
:100F1000A701B40119958E189F08EDCF6B818981C7
:100F20009A810F9493452A873B874C875D876E870C
:100F30007F8716E0FE013A96DE015696F12E01906B
:100F40000D92FA94E1F74E895F89688D798D8A8DCB
:100F50009B8D0E942C656B8189819A810F94ED4451
:100F6000288B398B4A8B5B8B6C8B7D8BFE0170964B
:100F7000DE015C9601900D921A95E1F74C8D5D8D26
:100F80006E8D7F8D88A199A10E942C65BE016F5F37
:100F90007F4FCE018C960F94BE16FE01BC96DE01EB
:100FA000119689E001900D928A95E1F76FCF98E054
:100FB00090931F0C40910102A0919706B091980662
:100FC000ED91FC9111970084F185E02D2EEF240F17
:100FD0002230D8F04530C9F04B30B9F04E30A9F08E
:100FE000CD01199502970CF4B8C1809197069091A4
:100FF0009806DC01ED91FC910284F385E02D1995B2
:101000009093B8028093B70223C0CD01199503973E
:101010000CF4A3C18091970690919806DC01ED91A4
:10102000FC910284F385E02D1995382E8091970666
:1010300090919806DC01ED91FC910284F385E02DFE
:10104000199520E0382F23293093B8022093B70256
:101050008091970690919806DC01ED91FC910284B5
:10106000F385E02D19956091B7027091B802482F71
:10107000809101020F946A1D10921F0C6EC1809125
:10108000970690919806DC01ED91FC910084F18522
:10109000E02D199507970CF460C180919706909107
:1010A0009806DC01ED91FC910284F385E02D199501
:1010B0008091970690919806DC01ED91FC91028455
:1010C000F385E02D19958093010280919706909108
:1010D0009806DC01ED91FC910284F385E02D1995D1
:1010E000182F8091970690919806DC01ED91FC9164
:1010F0000284F385E02D199520E0382F212B3093C1
:10110000B8022093B7028091970690919806DC016F
:10111000ED91FC910284F385E02D1995282E8091A4
:10112000970690919806DC01ED91FC910284F3857D
:10113000E02D199520E0382F22293093B602209314
:10114000B5020BC165E173E1809197069091980615
:101150000F94208907E019E067E4E62E69E0F62E97
:1011600077E4A72E79E0B72EF801419151918F01D4
:1011700070E060E02AE080919706909198060F94C5
:10118000CF8060E772E080919706909198060F9467
:10119000DD81D7016D917D917D01809197069091C0
:1011A00098060F94CA82A016B106F1F66AE073E1C0
:1011B00080919706909198060F94208907E818E08F
:1011C00047EC842E48E0942E57EC652E58E0752E9F
:1011D000F801419151918F0170E060E02AE0809127
:1011E0009706909198060F94CF8060E772E0809107
:1011F0009706909198060F94DD81D4016D917D91B1
:101200004D0180919706909198060F94CA826016BE
:101210007106F1F667E073E1809197069091980668
:101220000F94208907E418E020E8C22E2DE0D22E8A
:1012300037E8432E38E0532EF801419151918F0148
:1012400070E060E02AE080919706909198060F94F4
:10125000CF8060E772E080919706909198060F9496
:10126000DD81D6016D916D01809197069091980670
:101270000F94107F40165106F9F663E073E18091F8
:101280009706909198060F9420890FEE1CE184E256
:10129000A82E8CE0B82E99EF292E9CE1392EF8016A
:1012A00041918F0150E070E060E02AE08091970664
:1012B000909198060F94CF8060E073E1809197063B
:1012C000909198060F944A8AD5016D915D018091A5
:1012D0009706909198060F94107F20163106F9F624
:1012E0008091970690919806FC010190F081E02D85
:1012F0000680F781E02D199530C080E00E94DF263E
:101300002CC018E010931F0C8091970690919806BE
:10131000DC01ED91FC910084F185E02D1995181602
:101320001906DCF48091970690919806DC01ED9106
:10133000FC910284F385E02D19958093D91C1092BD
:101340001F0C0BC06BEA7EE0809197069091980687
:101350000F94208902C010921F0CE4960FB6F894E7
:10136000DEBF0FBECDBFDF91CF911F910F91FF90D8
:10137000EF90DF90CF90BF90AF909F908F907F9035
:101380006F905F904F903F902F9008956F927F9253
:101390008F929F92AF92BF92CF92DF92EF92FF9285
:1013A0000F931F93CF93DF9300D000D01F921F9213
:1013B000CDB7DEB780911F0C883019F40E94137BE3
:1013C00068C38091970690919806DC01ED91FC919D
:1013D0000084F185E02D1995892B09F444C06090B3
:1013E0001F0C611040C08091970690919806DC0117
:1013F000ED91FC910484F585E02D1995803F61F411
:101400008091970690919806DC01ED91FC91028401
:10141000F385E02D19953DC3863481F29FEB980F3B
:101420009A3310F08F3321F47090971E77FCC6CF5B
:101430000F94747C6093AD027093AE028093AF0200
:101440009093B0020E9454289093AB028093AA021A
:101450000E94EC27811107C01092A9021092A802E5
:1014600007E000931F0CB2E0AB2E19E7B12E00E4A9
:10147000902E8091970690919806DC01ED91FC9159
:101480000084F185E02D19951816190624F41091A1
:101490001F0C173069F00E94EC27882309F4F9C269
:1014A00010921F0C0E94D12780E80E942D67F1C284
:1014B0002091A8023091A902C090AA02D090AB025C
:1014C0002C153D05D0F48091970690919806DC018B
:1014D000ED91FC910284F385E02D19954091A802CD
:1014E0005091A902FA01E056F24F80834F5F5F4F9F
:1014F0005093A9024093A802BCCF0E9435286B01EB
:101500007C0110921F0C0E94EC278111B2CF4091F8
:10151000AA025091AB0221E060EA7DE083E99CE100
:101520000F94A1376C157D058E059F0509F0ABC2A0
:10153000E091A00DE154E83308F09CC2F0E0882768
:10154000EB55F5478F4F0D9458BADD8AE48A1A8B14
:101550003A8D2C8B4A8B3A8D578B638B708B3A8DDF
:101560003A8DA38B3A8DEC8B3A8D458C3A8D528C0B
:101570006E8C0F8D3A8D3A8DF88B3A8D3A8D3A8D6F
:101580003A8D3A8D3A8D3A8D3A8D3A8DFD8A3A8D63
:10159000278B3A8D398B3A8D5D8B3A8D768B7C8B90
:1015A0003A8D3A8D3A8DF28B048C3A8D2D8C3A8D92
:1015B0007F8C3A8D3A8D3D8DFE8B62E870E090E035
:1015C00080E00E946A2759C29091971E9064909380
:1015D000971E6091AE0C7091AF0C8091B00C909101
:1015E000B10C60577F428C4F9F4F6093AE0C70934D
:1015F000AF0C8093B00C9093B10C0F945286009175
:10160000AE0C1091AF0C2091B00C3091B10C0617BC
:1016100017072807390748F01091971E106110939B
:10162000971E84E00E942D6728C28091A20D0F941E
:101630007456F7CF42E050E064EE7DE080EA9DE032
:101640000F94AAB982E090E00E941B2A16C28091F2
:10165000A20D0F942B1F66C08091A10D9091A20D39
:101660009827892798270E94A82B80E00E942D6741
:1016700004C21092A00DA092A10D1092A20DB092E2
:10168000A30D1092A40D9092A50D86E090E00E940B
:101690001B2AF3C144E050E060EE7DE080EA9DE06B
:1016A0000F94AAB984E090E00E941B2AE6C10F942F
:1016B000392E80E00E942D67E0C10F94342D80E028
:1016C0000E942D67DAC142E050E06EED7DE080EAD5
:1016D0009DE00F94AAB984E090E00E941B2ACDC13E
:1016E0000F944D2C80E00E942D67C7C10F94B52B3D
:1016F00080E00E942D67C1C1E091A20D8AE59EE0C5
:10170000E33038F4F0E0EE0FFF1FE65DFD4F80811F
:101710009181BE016B5F7F4F0F94B0546D817E81CC
:101720008F8198850E94A3651092A00D6093A10DF2
:101730007093A20D8093A30D9093A40D85E090E08B
:101740000E941B2A9AC10091A50D1091A60D8091AF
:10175000A30D9091A40DE090A20DEE2DF0E0EE0F00
:10176000FF1FE852FC4EC590D490AC01400F511FB2
:10177000C416D50648F060EAC62E6DE0D62E9C0150
:10178000205A3D40390104C084E80E942D6775C18C
:10179000D601A05ABD40A017B10760F4B3016C0D8B
:1017A0007D1DF60147818E2D0F946A1DBFEFCB1A68
:1017B000DB0AEECF0F945286605C7D4B804F9F4FCB
:1017C0006093AE0C7093AF0C8093B00C9093B10CFF
:1017D00080E00E942D6751C10F94892A80E00E9409
:1017E0002D674BC10F94372980E00E942D6745C1BA
:1017F0000F94412880E00E942D673FC10F949627E7
:1018000080E00E942D6739C1C090A50DD090A60D33
:101810001092A00DE091A30DF091A40D8090A20D67
:1018200000EA1DE0CF01805A9D403C019801205AFA
:101830003D402C153D0560F4B301600F711F882DEC
:101840000F94CA1BD80111968C930F5F1F4FEECFD8
:10185000C60101960E941B2A10C15091A20DE09072
:10186000A30DF090A40D0091A50D1091A60D50337D
:1018700049F4B801C7010E946A27C80101960E9475
:101880001B2AFBC05F3009F0F8C041E150E06DEC6D
:101890007DE080EA9DE00F94AAB981E190E00E948A
:1018A0001B2AEBC044E150E069EB7DE080EA9DE05B
:1018B0000F94AAB984E190E00E941B2A1092AB1EFB
:1018C000609197067091980669547F4009F0D5C0E1
:1018D000F091981EFF7DF093981ECFC01092B20237
:1018E0007091F41E772319F00E948C66C6C0B091E7
:1018F000F51EBB2309F4C1C00E94C365BEC0309170
:10190000A20DC090A30DD090A40DDC24CD24DC2426
:10191000E090A50DF090A60DFE24EF24FE243230B9
:1019200009F067C0E8E6F6E0C114D10411F0E6E979
:10193000F4E010E000E060E070E0CB0138016C0CF6
:101940007D1C0E151F0551F1C8018F719927892B38
:10195000B9F4930145E0369527954A95E1F7B90129
:101960006058724FD801A056B24F17964C91DB01C8
:101970004C93220F331FD901A95BB74F6D927C9214
:10198000B8016955724F20E041E050E08FE89CE1DA
:1019900019950F5F1F4FE6E9F4E0D0CFBFEF6B164C
:1019A000B3E07B06B8F0609570958095909569835B
:1019B0007A838B839C83BE016F5F7F4F82E69EE0BC
:1019C0000F94CE5467E478E08FE99EE00F94FE54C4
:1019D0000F94837D80E00E942D67809197069091FF
:1019E0009806DC01ED91FC910680F781E02D1995B8
:1019F00044C0313049F427E838E047EC58E061E072
:101A0000C7010E944A6739C03111BECE27E039E0D4
:101A100047E459E060E0C7010E944A672EC0D090B9
:101A20001F0C8091970690919806F090140BFF2060
:101A3000D1F0D11004C069E87DE00F942089809135
:101A4000970690919806FC010190F081E02D0084AA
:101A5000F185E02D1995892B91F360E08091130BAE
:101A60000F9402860AC0D11008C064E67DE00F948E
:101A7000208903C083E80E942D673091971E3F772D
:101A80003093971EF6CC82E80E942D670E94D127E2
:101A9000F0CC28960FB6F894DEBF0FBECDBFDF9115
:101AA000CF911F910F91FF90EF90DF90CF90BF905B
:101AB000AF909F908F907F906F900895AF92BF925C
:101AC000CF92DF92EF92FF920F931F93CF93DF930A
:101AD00000D000D000D0CDB7DEB78091B60C8877AB
:101AE0008832C9F4A090981EA5FE15C080917A0D89
:101AF00090917B0D90939806809397060E94C689DB
:101B0000F0901F0CF1105EC149E45FE0509398061D
:101B10004093970657C1B090BB02B1100DC08091A1
:101B20007A0D90917B0DDC01ED91FC910284F3859F
:101B3000E02D19958093BA020091BA02033509F499
:101B40000DC128F5073409F467C098F4013409F48D
:101B500040C0023409F036C11091971E10641093F2
:101B6000971E60917A0D70917B0D4BEB52E082E4F1
:101B700017C10D3409F4C0C0013509F023C16091CB
:101B80007A0D70917B0D4BEB52E081E509C10E3669
:101B900009F4BAC068F40236B9F1043609F012C18A
:101BA00060917A0D70917B0D4BEB52E084E6F8C0AA
:101BB000023709F4C4C0033709F4C9C0003709F07B
:101BC00001C160917A0D70917B0D4BEB52E080E783
:101BD000E7C020917A0D30917B0D4091B60C48778B
:101BE0005CE4E52E5FE8F52E442321F049EBE42E7A
:101BF00041E9F42E0BEB12E041E36BE470E090E07E
:101C000080E00E944F78DEC060917A0D70917B0D6C
:101C10004BEB52E082E6C4C028E02093BB028091E7
:101C20007A0D90917B0DDC01ED91FC910084F185A2
:101C3000E02D199509970CF4C5C01092BB02809154
:101C40007A0D90917B0DDC01ED91FC910284F3857E
:101C5000E02D1995E82E80917A0D90917B0DDC0195
:101C6000ED91FC910284F385E02D19956C01EE2035
:101C700009F4A8C08E010F5F1F4F5E01B9E0AB0EE3
:101C8000B11C780180917A0D90917B0DDC01ED9172
:101C9000FC910284F385E02D1995F80181938F0161
:101CA000AE16BF0679F7C6019927FC01EA54F34F37
:101CB00021A9277030E0F701E20FF31F6081409106
:101CC000F70C5091F80C082E02C0569547950A94CF
:101CD000E2F740FF06C02C0F3D1FD9011296DC90A1
:101CE00001C0D12C880F991FFC01E054F14E3D2D0D
:101CF000262F3183208366C060917A0D70917B0D11
:101D00004BEB52E08DE44CC020917A0D30917B0D6D
:101D10005091B60C58779CE4E92E9FE8F92E552394
:101D200021F089EBE82E81E9F82E0BEB12E042E37B
:101D30006BE770E090E080E00E944F7843C06091D4
:101D40007A0D70917B0D4BEB52E082E729C063EC7A
:101D500073E180917A0D90917B0D10C020917A0DE6
:101D600030917B0D9091B60C98774BEB52E0B90116
:101D700083E59831A9F462EB73E1C90129960FB6A6
:101D8000F894DEBF0FBECDBFDF91CF911F910F91B1
:101D9000FF90EF90DF90CF90BF90AF900D944A8A64
:101DA00029960FB6F894DEBF0FBECDBFDF91CF915D
:101DB0001F910F91FF90EF90DF90CF90BF90AF9069
:101DC0000C941A7929960FB6F894DEBF0FBECDBFDA
:101DD000DF91CF911F910F91FF90EF90DF90CF9007
:101DE000BF90AF900895EF92FF920F931F93809151
:101DF0001F0C833011F1B8F4813069F1823009F0A1
:101E000046C06091B10270E08091B20299EBE92E78
:101E100091E9F92E0FE11CE029E43FE040E390E076
:101E20000E944F7834C0843071F0853081F51F9165
:101E30000F91FF90EF900C94C3651F910F91FF904D
:101E4000EF900C948C668091B2021F910F91FF90DD
:101E5000EF900C94DF266091AA027091AB02809102
:101E6000A8029091A9020F94387DAC019093A90229
:101E70008093A8022091AA023091AB022C5F3F4FC1
:101E800091E02417350709F490E090931F0C1F91FF
:101E90000F91FF90EF900895CF93DF931F921F92C1
:101EA000CDB7DEB7FC014091491E8091951E9091FF
:101EB000951E242F217030E0319521953109282776
:101EC0002078332729272093951EEB37F10530F032
:101ED00080E00F900F90DF91CF9108958827EC5804
:101EE000F0478F4F0D9458BAB091AD91AA91999146
:101EF000969193918F918B918891859182917F9109
:101F00007C9179917691739170916D916A916791BD
:101F10006491619157915491519146914B913591B2
:101F200023911C910D910A910591FF90FC90F990DD
:101F3000F690F390F090ED90EA90E790E490E190C5
:101F4000DE90DB90D890D590D290CF90CC90C99075
:101F5000C690C390C090BD90BA90B790B490B19025
:101F6000AE90AB90A890A590A2909F909C909990D5
:101F70009690939090908D908A908790688F8190A2
:101F80007E907B907890759072906F906C90699035
:101F90006690639060905D905A90579054905190E5
:101FA0004790449041903E903B90389035903290CD
:101FB0002F902C9029902690239020901D901A907D
:101FC0001790149011900D900A9007900490019032
:101FD000FE8FFB8FF88FF58FF28FEF8F84908091BB
:101FE000071F77CF8091581E74CF8091571E71CFF5
:101FF0008091111F6ECF8091E51E6BCF80917C1E6A
:1020000068CF80917B1E65CF8091651E62CF8091E5
:10201000641E5FCF8091881E5CCF80918F1E885D8B
:1020200058CF8091101F55CF80910C1F52CF8091B7
:102030000B1F4FCF8091091F4CCF8091971E49CF26
:102040008091081F46CF8091051F43CF8091041FC8
:1020500040CF8091031F3DCF8091011F3ACF8091E7
:10206000001F37CF8091FF1E34CF8091851E31CF66
:102070008091E41E2ECF8091E31E2BCF8091F91E1C
:1020800028CF8091F81E25CF8091F61E22CF809117
:102090005F1E9091601E6AE070E00F9482B9862FF7
:1020A00018CF80918B1E15CF8091BF1E12CF8091CB
:1020B000FE1E0FCF8091FD1E0CCF8091ED1E09CF2B
:1020C0008091EC1E06CF8091E91E03CF8091E81E1F
:1020D00000CF8091061FFDCE8091961EFACE809192
:1020E000A11EF7CE8091A01EF4CE80919F1EF1CE4E
:1020F00080919E1EEECE80919D1EEBCE80919C1E07
:10210000E8CE8091861EE5CE8091121FE2CE8091AE
:102110005B1EDFCE8091DF1EDCCE8091DE1ED9CE2D
:102120008091DD1ED6CE8091DC1ED3CE8091DB1E49
:10213000D0CE8091DA1ECDCE8091D91ECACE8091AC
:10214000D81EC7CE8091D71EC4CE8091D61EC1CED8
:102150008091D51EBECE8091D41EBBCE8091D31E61
:10216000B8CE8091D21EB5CE8091D11EB2CE8091D4
:10217000D01EAFCE8091CF1EACCE8091CE1EA9CE08
:102180008091CD1EA6CE8091CC1EA3CE8091CB1E79
:10219000A0CE8091CA1E9DCE8091C91E9ACE8091FC
:1021A000C81E97CE8091C71E94CE8091C61E91CE38
:1021B0008091C51E8ECE8091C41E8BCE8091C31E91
:1021C00088CE8091C21E85CE8091C11E82CE809124
:1021D000C01E7FCE8091591E7CCE8091671E79CE25
:1021E0008091BB1E76CE8091BF1E73CE8091891EDA
:1021F00070CE8091871E6DCE80918E1E6ACE8091AA
:10220000611E9091621E892F64CE8091611E909113
:10221000621E5FCE8091951E5CCE2091BD1E3091D6
:10222000BE1E3695279536952795ABE7B4E10F94FA
:102230002DBA969587954DCE8091B91E9091BA1E74
:102240009695879546CE2091D31F3091D41F2115A6
:10225000310509F488C0CE010196821B930B90933F
:10226000B11E8093B01E892F34CE6091D31F709120
:10227000D41F6115710509F479C0CE010196861B42
:10228000970B9093B11E8093B01E23CE8091AC1E0D
:102290009091AD1E1ECE8091AC1E9091AD1E892FE7
:1022A00018CE80915A1E15CE80917A1E12CE809142
:1022B0005C1E90915D1E6AE070E00F9482B9862FDB
:1022C00008CE80919B1E05CE80919A1E02CE8091F1
:1022D0008A1EFFCD8091631EFCCD80917D1EF9CDBD
:1022E00080917F1EF6CD80914B1EF3CD80914A1ECA
:1022F000F0CD8091821EEDCD8091841EEACD80913B
:10230000811EE7CD8091661EE4CD8091791EE1CDDE
:102310008091831EDECD8091681E885DDACD80912C
:102320006C1E885DD6CD8091541ED3CD8091531EF6
:10233000D0CD2091741E3091751E2E5C3F4F369586
:10234000279536952795ABE7B4E10F942DBA96956E
:102350008795BFCD8091991EBCCD8091941EB9CD3B
:102360008091AB1EB6CD27ED3FE175CF67ED7FE1E4
:1023700084CFCF93DF931F921F92CDB7DEB7823801
:10238000910530F080E00F900F90DF91CF9108958C
:10239000FC018827E153FE468F4F0D9458BA1394E1
:1023A00010940D940A94079404940094FC93F99368
:1023B000F693F393F093ED93EA93E793E493DD932D
:1023C000DA93D793D493D193CE93CB93C893C093FE
:1023D000BD93C393B793A69394938D937C93799372
:1023E00074936E936B936893659362935F935C931E
:1023F00059935693539350934D934A9347934493D1
:1024000041933E933B933893359332932F932C9380
:1024100029932693239320931D931A931793149330
:1024200011930E930B93089305930293FF92FC92E2
:10243000F992F692C291F392F092ED92EA92E792BB
:10244000E492E192DE92DB92D892D592D292CF9230
:10245000CC92C992C692C392C092BD92BA92B792E0
:10246000B492B192AE92AB92A892A592A2929F9290
:102470009C9299929692939290928D928A92879240
:10248000849281927E927A927792749271926E92F5
:102490006B926892659262925D92579254925192B9
:1024A00016948091F31E6FCF8091981E6CCF80910F
:1024B000761E9091771E892F66CF8091761E90911F
:1024C000771E61CF8091121F5ECF8091071F5BCF77
:1024D0008091581E58CF8091571E55CF8091111F63
:1024E00052CF80917C1E4FCF80917B1E4CCF80912C
:1024F000881E49CF80918F1E885D45CF8091101F27
:1025000042CF80910C1F3FCF80910B1F3CCF809119
:102510000A1F39CF8091091F36CF8091971E33CF84
:102520008091081F30CF8091051F2DCF8091041F0F
:102530002ACF8091031F27CF8091011F24CF809144
:10254000001F21CF8091FF1E1ECF8091631E1BCFE5
:102550008091851E18CF8091E41E15CF8091E31ED7
:1025600012CF8091F91E0FCF8091F81E0CCF809171
:10257000F71E09CF8091F61E06CF8091601E03CF13
:1025800080915F1E00CF80918B1EFDCE8091751EC5
:10259000FACE8091741EF7CE8091ED1EF4CE80911C
:1025A000EC1EF1CE8091E91EEECE8091E81EEBCEBE
:1025B0008091061FE8CE8091961EE5CE8091A11EE7
:1025C000E2CE8091A01EDFCE80919F1EDCCE809156
:1025D0009E1ED9CE80919D1ED6CE80919C1ED3CEBC
:1025E00080919B1ED0CE80919A1ECDCE80915B1E95
:1025F000CACE8091DF1EC7CE8091DE1EC4CE8091F0
:10260000DD1EC1CE8091DC1EBECE8091DB1EBBCE16
:102610008091DA1EB8CE8091D91EB5CE8091D81E99
:10262000B2CE8091D71EAFCE8091D61EACCE809117
:10263000D51EA9CE8091D41EA6CE8091D31EA3CE46
:102640008091D21EA0CE8091D11E9DCE8091D01EB1
:102650009ACE8091CF1E97CE8091CE1E94CE80913F
:10266000CD1E91CE8091CC1E8ECE8091CB1E8BCE76
:102670008091CA1E88CE8091C91E85CE8091C81EC9
:1026800082CE8091C71E7FCE8091C61E7CCE809167
:10269000C51E79CE8091C41E76CE8091C31E73CEA6
:1026A0008091C21E70CE8091C11E6DCE8091C01EE1
:1026B0006ACE8091591E67CE8091671E64CE80914C
:1026C000BB1E61CE8091BF1E5ECE8091891E5BCE07
:1026D0008091871E58CE80918E1E55CE8091611EAE
:1026E0009091621E892F4FCE8091611E9091621E43
:1026F0004ACE8091951E47CE2091BD1E3091BE1EC0
:102700002E5C3F4F3695279536952795ABE7B4E17C
:102710000F942DBA9695879536CE8091B91E9091DB
:10272000BA1E969587952FCE2091D31F3091D41F36
:102730002115310509F480C0CE010196821B930B4F
:102740009093B11E8093B01E892F1DCE4091D31F50
:102750005091D41F4115510509F46BC0CE0101966B
:10276000841B950B9093B11E8093B01E0CCE80916C
:10277000AC1E9091AD1E892F06CE80915A1E03CEBD
:1027800080917A1E00CE8091AC1E9091AD1EFBCD43
:1027900080915D1EF8CD80915C1EF5CD80918A1EE2
:1027A000F2CD8091651EEFCD8091641EECCD8091BD
:1027B0007E1EE9CD80917D1EE6CD80917F1E909199
:1027C000801E96958795DFCD80914B1EDCCD809144
:1027D0004A1ED9CD8091821ED6CD8091841ED3CD44
:1027E0008091811ED0CD8091661ECDCD8091791EC5
:1027F000CACD8091831EC7CD8091681E885DC3CDF0
:1028000080916C1E885DBFCD8091541EBCCD80919F
:10281000531EB9CD8091F11EB6CD8091991EB3CDD6
:102820008091941EB0CD8091AB1EADCD8091F21EF3
:10283000AACD47ED5FE192CF27ED3FE17DCF8AE062
:1028400090E090939605809395052CE130E03093CD
:1028500094052093930508956F927F928F929F9293
:10286000AF92BF92CF92DF92EF92FF920F931F939E
:10287000CF93DF9300D000D000D01F92CDB7DEB74A
:102880004091DC1C4C714C3009F418C124E230E05A
:10289000E091D01CF091D11C8091190B90911A0BF2
:1028A0008E1B9F0B6AE070E00F9482B96150710932
:1028B0007C836B83261737070CF0DDC0621B730B1C
:1028C0007C836B83161617060CF0D9C026173707C2
:1028D00014F43C832B8380910C0890910D088E1B7F
:1028E0009F0B6AE070E00F9482B9615071097E839A
:1028F0006D83261737070CF0B5C0621B730B7E8300
:102900006D83161617060CF0B1C02617370714F49E
:102910003E832D8380910A0890910B088E1B9F0B9C
:102920006AE070E00F9482B96150710978876F8313
:10293000261737070CF08DC0621B730B78876F83E7
:10294000161617060CF089C02617370714F43887B7
:102950002F8380910608909107088E1B9F0B6AE0D9
:1029600070E00F9482B9615071097A8769872617E0
:1029700037070CF065C0621B730B7A8769871616E0
:1029800017060CF061C02617370714F43A87298719
:102990008090AF069090B0066090B1067090B2063D
:1029A0004C3009F492C06B817C816815790509F47B
:1029B0006BC06615770509F467C04D815E814815C7
:1029C000590509F469C04615570509F465C02F81FA
:1029D00038852815390509F467C02615370509F427
:1029E00063C089859A858815990509F465C086159F
:1029F000970509F461C0709396056093950550930F
:102A000094054093930530939205209391059093FC
:102A10007605809375052A960FB6F894DEBF0FBE33
:102A2000CDBFDF91CF911F910F91FF90EF90DF907D
:102A3000CF90BF90AF909F908F907F906F900895B0
:102A4000161617060CF4A4CF620F731F7A876987D6
:102A50009ACF161617060CF47CCF620F731F788777
:102A60006F8372CF161617060CF454CF620F731FC4
:102A70007E836D834ACF161617060CF42CCF620F97
:102A8000731F7C836B8322CF615071094D815E81FE
:102A90004815590509F097CF415051092F813885C4
:102AA0002815390509F099CF2150310989859A8572
:102AB0008815990509F09BCF01979DCF8091D51C72
:102AC00028E430E081FFE4CEE1CEE091B306F0915E
:102AD000B406A091B506B091B60684010C5D1F4FF7
:102AE000730184E2E80EF11C6F0184E2C80ED11C70
:102AF0005D0184E2A80EB11C6B817C8168157905AB
:102B0000A9F06615770591F0E617F70779F0A61793
:102B1000B70761F00617170749F0E616F70631F018
:102B2000C616D70619F0A616B70611F4615071093A
:102B30004D815E8148155905A9F04615570591F05C
:102B4000E417F50779F0A417B50761F00417150726
:102B500049F0E416F50631F0C416D50619F0A416AE
:102B6000B50611F4415051092F81388528153905D2
:102B7000A9F02615370591F0E217F30779F0A217AF
:102B8000B30761F00217130749F0E216F30631F0BC
:102B9000C216D30619F0A216B30611F4215031095A
:102BA00089859A858815990509F486CF8615970534
:102BB00009F482CFE817F90709F47ECFA817B907FF
:102BC00009F47ACF0817190709F476CFE816F90641
:102BD00009F472CFC816D90609F46ECFA816B90643
:102BE00009F009CF69CF2091D01C3091D11C821BF4
:102BF000930B40910E0250910F0297FD3AC0481777
:102C00005907A4F16091AF067091B0066817790773
:102C100054F5A091B106B091B206A817B90764F5B2
:102C2000E091B306F091B406E817F9074CF520914E
:102C3000B5063091B6062817390724F54091B70636
:102C40005091B80648175907FCF46091B906709185
:102C5000BA0668177907D4F4A091BB06B091BC06F8
:102C6000A817B907ACF487E090E00895841B950B92
:102C7000C9CF840F951FC6CF82E08150990B08956C
:102C800083E0FBCF84E0F9CF85E0F7CF86E0F5CF96
:102C900087E0F3CF8091190B90911A0B0E94F39566
:102CA000909396058093950580910C0890910D085E
:102CB0000E94F395909394058093930580910A0860
:102CC00090910B080E94F395909392058093910543
:102CD00008958091E9069091EA06439760F121E01A
:102CE00030E03093EA062093E9064091E5065091E2
:102CF000E6066091E7067091E8064093E10650937E
:102D0000E2066093E3067093E40660918305709198
:102D1000840580918505909186056093E506709302
:102D2000E6068093E7069093E8063091A80691E0C6
:102D300039273093A8065091DC1C5C715C3019F186
:102D40007091460C70737033F1F0A091491EAE7F04
:102D5000A093491E8091961E80618093961E80915B
:102D6000B51E9091B61EA091B71EB091B81E0196E7
:102D7000A11DB11D8093B51E9093B61EA093B71EE2
:102D8000B093B81E0895E091320AF091330AEF2B08
:102D900099F02091491E21602093491E4091961E72
:102DA0004F7E4093961E6091D81C6F77C1F61092AB
:102DB000330A1092320AD3CFB091D51CB1FDE9CFBE
:102DC000F091491EF0FFC6CFCACFCF92DF92EF92AB
:102DD000FF92CF93DF930F945286609371057093A7
:102DE000720580937305909374058091710590919D
:102DF0007205A0917305B09174054091350A509108
:102E0000360A6091370A7091380A841B950BA60B1D
:102E1000B70B80937B0590937C05A0937D05B093C1
:102E20007E05C0907B05D0907C05E0907D05F090FC
:102E30007E052091DD063091DE064091DF0650913F
:102E4000E006C216D306E406F506D0F060917105DF
:102E50007091720580917305909174056093350AA5
:102E60007093360A8093370A9093380AD090491E9F
:102E7000D0FE2DC0A6E0B0E0B093EA06A093E9062C
:102E80008091E5069091E606A091E706B091E806EC
:102E90004091E1065091E2066091E3067091E406EC
:102EA000841B950BA60BB70BB695A79597958795A1
:102EB0008093DD069093DE06A093DF06B093E006D4
:102EC000DF91CF91FF90EF90DF90CF9008950F9416
:102ED00052866093BF0A7093C00A8093C10A909390
:102EE000C20A0F9452866B017C01C091DF1C2C2F0B
:102EF00030E050E040E060E87DE88BE590E00F9442
:102F00000BBAC21AD30AE40AF50AC092EB06D092B1
:102F1000EC06E092ED06F092EE06D0E0D093EA06E1
:102F2000C093E9063091F11E3F5F3093F11E50913E
:102F3000491E51605093491EA3CF0F94528660934F
:102F40007105709372058093730590937405809159
:102F5000710590917205A0917305B091740540912F
:102F6000350A5091360A6091370A7091380A841BED
:102F7000950BA60BB70B80937B0590937C05A093D4
:102F80007D05B0937E052091350A3091360A409137
:102F9000370A5091380A232B242B252B61F5809179
:102FA0007F0590918005A0918105B0918205880FE1
:102FB000991FAA1FBB1F80936D0590936E05A09368
:102FC0006F05B093700510927B0510927C051092EE
:102FD0007D0510927E05609171057091720580915A
:102FE0007305909174056093350A7093360A809347
:102FF000370A9093380A40917B0550917C05609187
:103000007D0570917E058091DD069091DE06A09190
:10301000DF06B091E006481759076A077B0708F4F6
:1030200087C0A091320AB091330A1196B093330A47
:10303000A093320A20917105309172054091730579
:10304000509174052093350A3093360A4093370A1D
:103050005093380A5091D81C5F779091401F95FF8C
:1030600063C051117EC0E0911202F09113021995D4
:10307000AC01893621E092070CF443C09C0129562B
:103080003140A3E8BDE20F942DBA0024880F991FA8
:10309000001C880F991F001C892F902D877099277D
:1030A00048565140493621E052075CF1009719F12A
:1030B00081309105D1F082309105A9F083309105DE
:1030C00081F08430910559F08530910531F00697F3
:1030D00011F04856514048565140485651404856C4
:1030E0005140485651404856514048565140493643
:1030F00021E0520734F040545B40493681E05807E4
:10310000D4F76091D01C7091D11C461B570B3091A5
:10311000461F3370323009F45FC05093F71E40935E
:10312000F61E5091D81C5F77552319F0533011F1DA
:10313000089591E09093A80680917B0590917C057D
:10314000A0917D05B0917E05B695A7959795879539
:103150008093DD069093DE06A093DF06B093E00631
:103160000895533029F7E091320AF091330A3697E7
:1031700009F479CF20917B0530917C0540917D0544
:1031800050917E0580916D0590916E05A0916F051F
:10319000B0917005281739074A075B0710F1A09115
:1031A000320AB091330A169709F44EC0E091320A00
:1031B000F091330A349709F45AC04091320A509181
:1031C000330A4330510509F467C041E050E05093A1
:1031D000330A4093320A089570910D1E471B51091E
:1031E0009CCF60917B0570917C0580917D059091CD
:1031F0007E0596958795779567956093DD06709324
:10320000DE068093DF069093E00640917B055091A7
:103210007C0560917D0570917E05DB01CA01880FF8
:10322000991FAA1FBB1F840F951FA61FB71FB69516
:10323000A7959795879580936D0590936E05A093BC
:103240006F05B093700508951092A806A091E90645
:10325000B091EA06539708F0B8CFE091E906F091F3
:10326000EA067296F093EA06E093E906AECFF1E043
:10327000F093A8062091E9063091EA062231310543
:1032800008F4A3CF8091E9069091EA0642979093C3
:10329000EA068093E90699CFB1E0B093A806609161
:1032A000E9067091EA066331710508F08ECFD5CF3B
:1032B000CF92DF92EF92FF92CF93DF93F894C09179
:1032C000E906D091EA06C090BF0AD090C00AE0900B
:1032D000C10AF090C20A0F94528660938D057093D4
:1032E0008E0580938F059093900578948091AD061C
:1032F0009091AE062097A1F0FE01EE0FFF1FE3555F
:10330000F94F80819181CC0FDD1FC555D94F2881A0
:103310003981AC01421B530B5093F7064093F606DC
:1033200020918D0530918E0540918F05509190052B
:103330002C193D094E095F092093890530938A05B0
:1033400040938B0550938C05E090D01CF090D11CDD
:10335000E80EF91EA0918705B09188050F94F8B981
:10336000DC01CB01905CAF4FBF4F9D01990F221F35
:10337000331FA12DAA1FB12DC9018E0D9F1D803DA8
:1033800052E095074CF0805D9240DF91CF91FF9025
:10339000EF90DF90CF90089597FFF7CF80539D4F28
:1033A000DF91CF91FF90EF90DF90CF9008958AE565
:1033B00090E09093F7068093F60623E630E0309392
:1033C000EA062093E9063091D51C32603093D51C73
:1033D00047E050E05093F5064093F40661E070E05A
:1033E0007093EA066093E9061092770510927805CB
:1033F0001092790510927A0510927B0510927C0547
:1034000010927D0510927E0510927F051092800526
:1034100010928105109282055091491E51FF87C07C
:103420001092BF0A1092C00A1092C10A1092C20AEA
:103430001092EB061092EC061092ED061092EE063A
:10344000AAEBBFEFB093AE06A093AD061092B00604
:103450001092AF06EAEAF0E0F093B206E093B1060C
:1034600080EF90E09093B4068093B3062AE931E0B0
:103470003093B6062093B50640EE51E05093B8065F
:103480004093B70663E072E07093BA066093B906A2
:10349000AAE8B2E0B093BC06A093BB06E0EDF2E070
:1034A000F093BE06E093BD062091F6063091F70634
:1034B000A5E0BDE00F942DBA60930A0270930B0251
:1034C00080930C0290930D028CED95E0A0E0B0E0AB
:1034D0008093F0069093F106A093F206B093F30662
:1034E0001092DD061092DE061092DF061092E006C2
:1034F0007091270B7F7E7093270B9091270B9F7BFA
:103500009093270BB091270BB77FB093270BF091C7
:10351000961EFF7EF093961E3091270B3E7F3093D0
:10352000270B5091270B52605093270B08950F944F
:1035300052866093BF0A7093C00A8093C10A909329
:10354000C20A76CF1092E5061092E6061092E706C0
:103550001092E8068091E5069091E606A091E706B4
:10356000B091E8060A97A105B10580F58091E506BE
:103570009091E606A091E706B091E806880F991FA2
:103580008355994FFC01118210822091E5063091FC
:10359000E6064091E7065091E8062F5F3F4F4F4FF8
:1035A0005F4F2093E5063093E6064093E70650937D
:1035B000E8064091E5065091E6066091E7067091B5
:1035C000E8064A3051056105710580F26CE570E04E
:1035D00080E090E06093F0067093F1068093F2062D
:1035E0009093F30685E09DE0A0E0B0E08093DD06D7
:1035F0009093DE06A093DF06B093E00634E23093AA
:10360000DF1CAAE0B0E0B093F706A093F606E4E270
:10361000F0E0F093F506E093F4061092EB061092BA
:10362000EC061092ED061092EE061092EA06109249
:10363000E9061092330A1092320A10920107109292
:1036400000071092E5061092E6061092E706109227
:10365000E8061092E1061092E2061092E30610923C
:10366000E4061092A8062091F6063091F706AAE02B
:10367000BAE10F942DBA60930A0270930B02809303
:103680000C0290930D025091270B58605093270B1A
:103690000895CF92DF92EF92FF92CF93462F209121
:1036A000D01C3091D11CFC01E21BF30BC0916805CA
:1036B00020916605309167055C2F5F7121153105FA
:1036C00009F04AC08C2FCC0F990B880F892F881FC7
:1036D000990B2FEF3FEF052E02C0220F331F0A94E4
:1036E000E2F720953095BF01770F660B762F2623E2
:1036F00037232E0F3F1F02C0359527955A95E2F7C5
:1037000028273927281B390B215031096091DF1CEC
:1037100070E0842F90E06B01C80ED91E12161306BC
:103720000CF040C0C216D306D4F1E090F406F0903D
:10373000F506E216F30620F46217730708F0970106
:103740008E0D9F1D2817390708F4C901CF91FF90EE
:10375000EF90DF90CF900895DF010F9479BA6C015C
:10376000FF24D7FCF094EF2C9601C6FF0EC08C2FDF
:10377000CC0F990B880F892F881F990B9F01282741
:103780003927281B390B2C0D3D1D02C03595279577
:103790005A95E2F7832F880F211D311DB5CF2C19C3
:1037A0003D09C3CF2C0D3D1DC0CFCF938091DC1CB4
:1037B0008C718C3099F1C0E06C2F8091190B909135
:1037C0001A0B0E94499B90939605809395056C2F48
:1037D00080910C0890910D080E94499B909394054C
:1037E000809393059093C31E8093C21E6C2F80918B
:1037F0000A0890910B080E94499B90939205809330
:1038000091056C2F80910608909107080E94499BB2
:103810009093760580937505CF9108952091D51CDE
:10382000C091DF1C21FFC8CFC6CF0895EF92FF9251
:103830000F931F93F894E091320AF091330A40916C
:10384000BF0A5091C00A6091C10A7091C20A3FB785
:10385000F89480917C0D90917D0DA0917E0DB0919A
:103860007F0D26B5A89B05C02F3F19F00196A11D1D
:10387000B11D3FBFBA2FA92F982F8827820F911D06
:10388000A11DB11D880F991FAA1FBB1F880F991F6B
:10389000AA1FBB1F80938D0590938E05A0938F0563
:1038A000B09390057894EE0FFF1FE355F94F019008
:1038B000F081E02DE090D01CF090D11CEE0DFF1DAA
:1038C00080918D0590918E05A0918F05B091900506
:1038D0007C018D01E41AF50A060B170BA80197016C
:1038E0002093890530938A0540938B0550938C056E
:1038F000A0918705B09188050F94F8B9DC01CB0140
:10390000905CAF4FBF4F9D01990F221F331FA12D18
:10391000AA1FB12DC9018E0F9F1F803D02E09007A5
:103920003CF0805D92401F910F91FF90EF900895C1
:1039300097FFF9CF88599E4F1F910F91FF90EF90FD
:1039400008951092F7061092F6068091270B8E7F4D
:103950008093270B2091270B2D7F2093270B3091ED
:10396000270B377F3093270B4CE25DE063E070E07C
:1039700040930A0250930B0260930C0270930D0265
:103980005091491E51FD0AC00F9452866093BF0AA0
:103990007093C00A8093C10A9093C20A6CED75E0DF
:1039A00080E090E06093F0067093F1068093F20659
:1039B0009093F3067091270B70627093270B10920F
:1039C000B0061092AF06A8E2B0E0B093B206A093A2
:1039D000B106EEE6F0E0F093B406E093B30684EBB4
:1039E00090E09093B6068093B5062CED30E03093CE
:1039F000B8062093B70642E251E05093BA064093CE
:103A0000B9060895CF92DF92EF92FF92CF93462F9F
:103A10002091D01C3091D11CFC01E21BF30BC09112
:103A2000680520916605309167055C2F5F7121154F
:103A3000310509F04AC02C2FCC0F330B220F232F56
:103A4000221F330B8FEF9FEF052E02C0880F991FA7
:103A50000A94E2F780959095BF01770F660B762F59
:103A6000862397238E0F9F1F02C0959587955A95A1
:103A7000E2F782279327821B930B01972091DF1C8B
:103A8000240F3327331F181619060CF057C02817B8
:103A90003907E4F1AC014151510942305105F0F1CF
:103AA000425151094230510508F44BC0425151096D
:103AB0004230510508F44DC087349105B8F5CF91D7
:103AC000FF90EF90DF90CF900895DF010F9479BAC7
:103AD0006C01FF24D7FCF094EF2CC601C6FF0EC08A
:103AE0002C2FCC0F330B220F232F221F330BCF0190
:103AF00082279327821B930B8C0D9D1D02C09595E9
:103B000087955A95E2F797FD0196B7CF821B930BE5
:103B1000AC01415151094230510510F680E190E06D
:103B2000CF91FF90EF90DF90CF90089586E490E0E2
:103B3000CF91FF90EF90DF90CF900895820F931F69
:103B4000A9CF82E290E0CF91FF90EF90DF90CF90ED
:103B5000089584E390E0CF91FF90EF90DF90CF90B5
:103B60000895CF938091DC1C8C718C3079F1C0E08A
:103B70006C2F8091190B90911A0B0E94029D9093CB
:103B80009605809395056C2F80910C0890910D08F7
:103B90000E94029D90939405809393056C2F8091D1
:103BA0000A0890910B080E94029D909392058093C1
:103BB00091056C2F80910608909107080E94029D44
:103BC0009093760580937505CF9108952091D51C2B
:103BD000C091DF1C21FFCCCFCACF0F931F938091E0
:103BE000DC1C8C718C3041F00091460C007300336A
:103BF00019F01F910F9108950F94528660937105EB
:103C0000709372058093730590937405809171058C
:103C100090917205A0917305B09174054091350A99
:103C20005091360A6091370A7091380A841B950BBF
:103C3000A60BB70B80937B0590937C05A0937D0525
:103C4000B0937E0520917B0530917C0540917D05E8
:103C500050917E056091DD067091DE068091DF0651
:103C60009091E006621773078407950710F600919C
:103C7000350A1091360A2091370A3091380A012B03
:103C8000022B032B09F453C18091BF0A9091C00A03
:103C9000A091C10AB091C20A892B8A2B8B2B09F4FF
:103CA00046C14091EB065091EC066091ED06709193
:103CB000EE06452B462B472B09F439C18091BF0AEC
:103CC0009091C00AA091C10AB091C20A4091EB063E
:103CD0005091EC066091ED067091EE0600917B0527
:103CE00010917C0520917D0530917E05841B950BFC
:103CF000A60BB70BAC01BD01440F551F661F771F04
:103D0000840F951FA61FB71F081719072A073B071F
:103D100008F445C18091320A9091330A892B09F445
:103D2000F2C01091EF06112309F4EDC03091340A6E
:103D30009091440C92959F70332389F0E091340A5E
:103D40004091320A5091330AF0E0EE0FFF1FE15527
:103D5000F94F208131812417350709F472C110927F
:103D6000340A992309F4CFC0AFEAB6E001E0090FA5
:103D700081E0977009F462C0913009F451C092302B
:103D800009F443C09330B1F1943049F19530E1F03A
:103D9000963079F0E091AF06F091B006A1EBB6E075
:103DA0006091320A7091330AE617F70709F4F2C0FE
:103DB00082E02D913D914091320A5091330A2417AF
:103DC000350709F4E1C08F5F6D917D912091320A32
:103DD0003091330A6217730709F4D0C08F5F6D9179
:103DE0007D914091320A5091330A6417750709F4A6
:103DF000BFC08F5F2D913D916091320A7091330A5F
:103E00002617370709F4AEC08F5F2D913D91409181
:103E1000320A5091330A2417350709F49BC08F5F8B
:103E20006D917D912091320A3091330A62177307A8
:103E300009F401C18F5F801709F465C0FD0161912C
:103E400071914091320A5091330A6417750709F451
:103E5000D5C08F5F382FA081B1816091320A7091F7
:103E6000330AA617B70709F4C3C081E0830F628144
:103E700073814091320A5091330A6417750709F42F
:103E8000C2C082E0830FA481B5816091320A709133
:103E9000330AA617B70709F4BAC083E0830FA681D7
:103EA000B7814091320A5091330AA417B50709F43B
:103EB000B6C084E0830F60857185A091320AB0910D
:103EC000330A6A177B0709F4A6C085E0830F628571
:103ED00073854091320A5091330A6417750709F4CB
:103EE000A2C086E0830F64857585DF011E96409130
:103EF000320A5091330A6417750709F498C087E0B5
:103F0000830F80139BCF8091320A9091330A809364
:103F1000EF0621E030E03093330A2093320A10920A
:103F2000DD061092DE061092DF061092E006609128
:103F3000710570917205809173059091740560937D
:103F4000350A7093360A8093370A9093380A1F9186
:103F50000F910895FD0134975081151360CF809320
:103F6000340AD1CFFD013497908119134DCFF7CF8B
:103F7000FD013497308113133CCFF1CFFD0134970D
:103F8000F0811F132BCFEBCFFD01349770811713F6
:103F90001ACFE5CF5091AD0615130ACFE0CFA0910F
:103FA000320AB091330AAB2B09F4C1CFE091320A47
:103FB000F091330A3196F093330AE093320A60911C
:103FC0007B0570917C0580917D0590917E0596958D
:103FD000879577956795969587957795679560937B
:103FE000DD067093DE068093DF069093E0069FCF98
:103FF000DF0112979C91191338CFB1CF1297BC9162
:104000001B1327CFACCF508115133BCFA8CF2281F4
:10401000121343CFA4CFB6811B1357CFA0CF748107
:10402000171347CF9CCF908519135BCF98CFF2859C
:104030001F1365CF94CFFD01349770811713FACE0B
:104040008ECF1091340A1F5F1093340A0091340A06
:10405000901708F058CFE1E0E093340A54CFCF92A4
:10406000DF92EF92FF920F931F938091DC1C8C7173
:104070008C3061F00091460C0073003339F01F91D1
:104080000F91FF90EF90DF90CF9008950F9452869C
:104090006093710570937205809373059093740516
:1040A000E0919D06F0919E06C08090919C06C922E9
:1040B00009F001C1E0907105F0907205009173055F
:1040C000109174054091350A5091360A6091370A73
:1040D0007091380AE41AF50A060B170BE0927B057B
:1040E000F0927C0500937D0510937E0520917B0561
:1040F00030917C0540917D0550917E056091DD06F3
:104100007091DE068091DF069091E00662177307DA
:104110008407950708F0B3CF8091350A9091360A4D
:10412000A091370AB091380A892B8A2B8B2B09F47E
:104130009BC0009162051091630520916405309148
:104140006505012B022B032B09F48EC0A091320AC6
:10415000B091330AAB2B49F0E091320AF091330A67
:104160003196F093330AE093320A8091350A9091A8
:10417000360AA091370AB091380AC0906205D090F3
:104180006305E0906405F090650500917B05109152
:104190007C0520917D0530917E058C199D09AE0925
:1041A000BF09AC01BD01440F551F661F771F840F67
:1041B000951FA61FB71FB695A795979587950817C2
:1041C00019072A073B0708F48DC04091F806509163
:1041D000F9066091FA067091FB06C090350AD090FE
:1041E000360AE090370AF090380A80917105909174
:1041F0007205A0917305B09174050091F8061091B5
:10420000F9062091FA063091FB064C195D096E09FA
:104210007F09801B910BA20BB30B481759076A0744
:104220007B0708F07FC0E091320AF091330AEF2B50
:1042300009F48DC04091320A5091330A483051053B
:1042400009F485C08091320A9091330A892B21F0BC
:104250001092330A1092320A1092DD061092DE0696
:104260001092DF061092E006E090350AF090360AD0
:104270000091370A1091380AE0926205F0926305C6
:104280000093640510936505C0907105D090720588
:10429000E0907305F0907405C092350AD092360A0A
:1042A000E092370AF092380A1F910F91FF90EF9039
:1042B000DF90CF9008952091710530917205409163
:1042C0007305509174052093F8063093F9064093D6
:1042D000FA065093FB061F910F91FF90EF90DF902D
:1042E000CF9008958091320A9091330A892B09F476
:1042F000BBCFE0907B05F0907C0500917D0510918F
:104300007E0516950795F794E79416950795F7940B
:10431000E794E092DD06F092DE060093DF0610934C
:10432000E006A2CFA091320AB091330AAB2B41F044
:104330002091320A3091330A2530310509F082CFBD
:1043400065E070E07093330A6093320A85CF01E034
:1043500010E01093330A0093320A7ECFE091DF1C05
:10436000F0E088E691E0BF010F9482B97093F70600
:104370006093F6068091D51C81FF09C080ED92E024
:10438000BF010F9482B97093F7066093F6062FEF82
:1043900030E03093EA062093E9064CE251E0E49FD6
:1043A000B001E59F700DF49F700D11249B0150E04A
:1043B00040E060E472E48FE090E00F94D9B920937C
:1043C000F0063093F1064093F2065093F30682E82C
:1043D00096E0A0E0B0E08093DD069093DE06A09327
:1043E000DF06B093E0063091270B3E7F3093270B1A
:1043F0005091270B52605093270B7091270B7064DC
:104400007093270B9091270B98609093270B209126
:10441000F6063091F706A5E0BDE00F942DBA609343
:104420000A0270930B0280930C0290930D02089580
:10443000CF92DF92EF92FF92CF93462F2091D01C24
:104440003091D11CFC01E21BF30BC0916805209157
:104450006605309167055C2F5F712115310509F004
:1044600049C08C2FCC0F990B880F892F881F990B6F
:104470002FEF3FEF052E02C0220F331F0A94E2F701
:1044800020953095BF01770F660B762F26233723B3
:104490002E0F3F1F02C0359527955A95E2F7282722
:1044A0003927281B390B842F90E0BC016C5D7F4FAE
:1044B00021503109121613060CF042C0621773071F
:1044C000E4F1C090F406D090F506C216D30630F49D
:1044D000E090DF1CE216130608F096018C0D9D1D7E
:1044E0002817390708F4C901CF91FF90EF90DF90AA
:1044F000CF900895DF010F9479BA6C01FF24D7FCA7
:10450000F094EF2C9601C6FF0EC08C2FCC0F990BA8
:10451000880F892F881F990B9F0128273927281B6F
:10452000390B2C0D3D1D02C0359527955A95E2F7A4
:10453000832F880F211D311DB6CF261B370BC1CF0E
:10454000260F371FBECFCF938091DC1C8C718C302F
:1045500079F1C0E06C2F8091190B90911A0B0E9499
:1045600018A290939605809395056C2F80910C0866
:1045700090910D080E9418A2909394058093930542
:104580006C2F80910A0890910B080E9418A29093BA
:104590009205809391056C2F8091060890910708F1
:1045A0000E9418A29093760580937505CF91089587
:1045B0002091D51CC4E221FFCDCFCBCFCF92DF928B
:1045C000EF92FF92F8942091E9063091EA069091DB
:1045D000A806C090BF0AD090C00AE090C10AF0902F
:1045E000C20A78944091F6065091F706215031099D
:1045F000249FF001259FF00D349FF00D1124609150
:10460000D01C7091D11CE60FF71F992321F08091E7
:10461000D51C81FF6CC03FB7F89440917C0D509140
:104620007D0D60917E0D70917F0DA6B5A89B06C093
:10463000AF3F21F04F5F5F4F6F4F7F4F3FBF22274C
:10464000342F452F562F2A0F311D411D511D220F8A
:10465000331F441F551F220F331F441F551F209324
:104660008D0530938E0540938F05509390052C193E
:104670003D094E095F092093890530938A054093CF
:104680008B0550938C05A0918705B09188050F94F8
:10469000F8B9DC01CB01905CAF4FBF4F9D01990F82
:1046A000221F331FA12DAA1FB12DC9018E0F9F1FDD
:1046B000803D22E092073CF0805D9240FF90EF90B9
:1046C000DF90CF90089597FFF9CFE0901602F09019
:1046D000170240910E0250910F024E155F0554F0E3
:1046E000840F951FFF90EF90DF90CF900895E859C9
:1046F000FE4F91CFA701840F951FF4CFCF92DF9289
:10470000EF92FF923FB7F89480917C0D90917D0DD0
:10471000A0917E0DB0917F0D26B5A89B05C02F3FBF
:1047200019F00196A11DB11D3FBFCC24D82EE92E52
:10473000FA2EC20ED11CE11CF11CCC0CDD1CEE1CAF
:10474000FF1CCC0CDD1CEE1CFF1CC0927105D0922E
:104750007205E0927305F092740580917105909155
:104760007205A0917305B09174054091350A50917E
:10477000360A6091370A7091380A841B950BA60B94
:10478000B70B80937B0590937C05A0937D05B09338
:104790007E056091350A7091360A8091370A9091B2
:1047A000380A672B682B692BC1F410927B05109295
:1047B0007C0510927D0510927E0520917105309147
:1047C000720540917305509174052093350A30931A
:1047D000360A4093370A5093380AC0907B05D09030
:1047E0007C05E0907D05F0907E058091DD0690913E
:1047F000DE06A091DF06B091E006C816D906EA06EB
:10480000FB0608F4D4C08091350A9091360AA09135
:10481000370AB091380A4091620550916305609162
:10482000640570916505841B950BA60BB70BAC0155
:10483000BD01440F551F661F771F840F951FA61FCC
:10484000B71FB695A7959795879580936D0590931B
:104850006E05A0936F05B09370056091350A709155
:10486000360A8091370A9091380A609362057093F6
:104870006305809364059093650520917B053091D5
:104880007C0540917D0550917E05C0906D05D090CE
:104890006E05E0906F05F09070052C153D054E05F6
:1048A0005F0508F489C081E090E09093330A80931B
:1048B000320A8093A8061092DD061092DE0610924E
:1048C000DF061092E00640917105509172056091EB
:1048D0007305709174054093350A5093360A6093BE
:1048E000370A7093380AD090401FD5FE60C0E09020
:1048F000A806EE2009F45BC06091320A7091330A79
:104900006130710509F053C0E0911202F091130279
:104910001995AC01893621E092070CF443C09C0143
:1049200029563140A3E8BDE20F942DBA0024880F28
:10493000991F001C880F991F001C892F902D8770CC
:10494000992748565140493621E052075CF10097BB
:1049500019F181309105D1F082309105A9F08330B1
:10496000910581F08430910559F08530910531F041
:10497000069711F04856514048565140485651400C
:10498000485651404856514048565140485651406B
:10499000493681E0580734F040545B40493681E0A5
:1049A0005807D4F77091461F7370723071F1FF9001
:1049B000EF90DF90CF900895A091320AB091330A22
:1049C000159709F470CF80917B0590917C05A0919B
:1049D0007D05B0917E05B695A79597958795B69577
:1049E000A795979587958093DD069093DE06A09313
:1049F000DF06B093E006E091320AF091330A319677
:104A0000F093330AE093320A5ECFE0914C1D9A0195
:104A1000220F331FF0E0A0E0B1E0AE1BBF0B0F94FC
:104A200079BA6B017C019F01DA010F9481BAC60E3D
:104A3000D71EE81EF91EF7FE05C02FEFC20ED11CCF
:104A4000E11CF11C9927F7FC9A958F2D7E2D6D2D79
:104A500088E691E06C01C61AD70A20910B1E3091AE
:104A60000C1EC21AD30AD092F71EC092F61E9FCF18
:104A70003FB7F89480917C0D90917D0DA0917E0DB3
:104A8000B0917F0D26B5A89B05C02F3F19F0019668
:104A9000A11DB11D3FBFBA2FA92F982F8827820FC4
:104AA000911DA11DB11D880F991FAA1FBB1F880F43
:104AB000991FAA1FBB1F8093710590937205A09345
:104AC0007305B09374058091710590917205A09162
:104AD0007305B09174054091350A5091360A609182
:104AE000370A7091380A841B950BA60BB70B80937D
:104AF0007B0590937C05A0937D05B0937E05209166
:104B00007B0530917C0540917D0550917E0560913B
:104B1000DD067091DE068091DF069091E006261793
:104B200037074807590708F455C02091710530919F
:104B3000720540917305509174052093350A3093A6
:104B4000360A4093370A5093380AA091320AB0913E
:104B5000330A129709F462C09091491E90FD0DC06E
:104B6000E091E906F091EA06339738F08091320A35
:104B70009091330A892B09F4A4C080917F0590910C
:104B80008005A0918105B091820540917F055091EB
:104B900080056091810570918205B695A7959795DE
:104BA0008795840F951FA61FB71F8093DD069093EE
:104BB000DE06A093DF06B093E006A091320AB09122
:104BC000330A1196B093330AA093320AB1E0B0933E
:104BD000EF06089580917F0590918005A091810551
:104BE000B091820540917F055091800560918105CB
:104BF00070918205B695A79597958795840F951F17
:104C0000A61FB71F8093DD069093DE06A093DF06F4
:104C1000B093E00651E05093EF0608957091EF06CF
:104C2000733009F099CF3091491E30FF70C08091E8
:104C3000DF1C6091E9067091EA0690E09C0121502A
:104C400031092617370791F04091B51E5091B61ED5
:104C50006091B71E7091B81E433051056105710512
:104C600028F05091F11E5F5F5093F11E7091D61C99
:104C700077FF05C001979093EA068093E90691E0DB
:104C80009093A80680917F0590918005A091810561
:104C9000B0918205880F991FAA1FBB1F880F991F0B
:104CA000AA1FBB1F8093DD069093DE06A093DF064C
:104CB000B093E006E1E0F0E0F093330AE093320ACB
:104CC00008950F9452866093BF0A7093C00A809330
:104CD000C10A9093C20A0F9452866056734E864161
:104CE00091096093EB067093EC068093ED06909328
:104CF000EE0681E090E09093EA068093E9068093C7
:104D0000A806F091491EF160F093491E08950F9492
:104D100052866093BF0A7093C00A8093C10A909331
:104D2000C20A0F9452866056734E86419109609371
:104D3000EB067093EC068093ED069093EE0680915F
:104D4000DF1C8150990B9093EA068093E9068091CD
:104D5000491E81608093491E92CF80917A1E8930CE
:104D6000CCF020E130E0309396052093950544E0A7
:104D700050E0509394054093930568E070E0709381
:104D8000920560939105ACE0B0E0B0937605A093F6
:104D900075050895E1E0F0E0F0939605E093950540
:104DA00085E090E0909394058093930529E030E0AE
:104DB00030939205209391054DE050E05093760595
:104DC000409375050895EF92FF920F931F93F89407
:104DD000E091E906F091EA064091BF0A5091C00ABD
:104DE0006091C10A7091C20A3FB7F89480917C0D1E
:104DF00090917D0DA0917E0DB0917F0D26B5A89B61
:104E000005C02F3F19F00196A11DB11D3FBFBA2F5C
:104E1000A92F982F8827820F911DA11DB11D880FE2
:104E2000991FAA1FBB1F880F991FAA1FBB1F809322
:104E30008D0590938E05A0938F05B093900578947F
:104E4000EE0FFF1FE555F94F0190F081E02DE09046
:104E5000D01CF090D11CEE0DFF1D80918D0590911E
:104E60008E05A0918F05B09190057C018D01E41A0B
:104E7000F50A060B170BA8019701209389053093BB
:104E80008A0540938B0550938C05A0918705B091BE
:104E900088050F94F8B9DC01CB01905CAF4FBF4F90
:104EA0009D01990F221F331FA12DAA1FB12DC901EA
:104EB0008E0F9F1F803D02E090073CF0805D924086
:104EC0001F910F91FF90EF90089597FFF9CF8859A8
:104ED0009E4F1F910F91FF90EF900895E091A006D3
:104EE000F091A106808190919F068923B1F0709185
:104EF000491E70FF35C0E091E906F091EA063D9742
:104F000011F1B091F11EBF5FB093F11E8DE090E002
:104F10009093EA068093E90608952091491E20FFA8
:104F200013C04091E9065091EA064530510559F009
:104F30003091F11E3F5F3093F11E65E070E0709399
:104F4000EA066093E9060895A5E0B0E0B093EA06AA
:104F5000A093E9065091491E51605093491E08954F
:104F60002DE030E03093EA062093E906F091491EE7
:104F7000F160F093491E089589E090E0A0E0B0E070
:104F80008093F0069093F106A093F206B093F30697
:104F90001092DD061092DE061092DF061092E006F7
:104FA0001092330A1092320A2091270B2E7F209301
:104FB000270B3091270B32603093270B4091270B42
:104FC00048604093270B61E070E07093EA066093BD
:104FD000E906A4E1B0E0B093F706A093F60650917D
:104FE000270B5F7B5093270B1092340A81ED9AEBCD
:104FF000A4E0B0E080930A0290930B02A0930C020D
:10500000B0930D02EDEAF6E027EC32E03183208325
:105010004FE650E05383428363E870E07583648316
:10502000A7E9B0E0B783A6838BEA90E091878087F9
:1050300023E231E03387228747E351E055874487F5
:105040006BE471E077876687AFE5B1E0B18BA08B49
:1050500087ED91E0938B828B2BEE31E0358B248BA7
:105060004FEF51E0578B468B63E172E0718F608F99
:10507000ABE8B2E0B38FA28F8FE992E0958F848F77
:1050800023EB32E0378F268F08958091440C807F88
:105090008034E9F0803609F0089520917A1E2A3094
:1050A000B4F124310CF05CC0E3E2F0E0F09396053B
:1050B000E093950589E090E09093940580939305A3
:1050C00026E130E0309392052093910508953091C8
:1050D0007A1E3A307CF034316CF543E250E0509364
:1050E000960540939505A0E1B0E0B0939405A09398
:1050F0009305089564E270E07093960560939505BA
:10510000A0E1B0E0B0939405A0939305089544E224
:1051100050E0509396054093950569E070E07093D8
:10512000940560939305A7E1B0E0B0939205A09336
:10513000910508953E313CF422E230E0309396052B
:1051400020939505D0CFEFE1F0E0F0939605E09342
:1051500095058DE090E090939405809393050895D4
:105160002E31ACF0283234F5E1E2F0E0F093960510
:10517000E093950586E090E09093940580939305E5
:1051800024E130E03093920520939105089542E2A6
:1051900050E0509396054093950566E070E070935B
:1051A000940560939305A5E1B0E0B0939205A093B8
:1051B000910508954FE150E0509396054093950571
:1051C00066E070E07093940560939305A3E1B0E00E
:1051D000B0939205A0939105089508950895CF92F4
:1051E000DF92EF92FF92CF93DF93F894C091E9069C
:1051F000D091EA06C090BF0AD090C00AE090C10AE0
:10520000F090C20A0F94528660938D0570938E05BC
:1052100080938F05909390057894CD7FE091D01C7A
:10522000F091D11C219711F0E356FF4F20918D058D
:1052300030918E0540918F05509190052C193D09B4
:105240004E095F092093890530938A0540938B05A9
:1052500050938C05A0918705B09188050F94F8B9FB
:10526000DC01CB01905CAF4FBF4F9D01990F221F16
:10527000331FA12DAA1FB12DC9018E0F9F1F803D85
:1052800022E092074CF0805D9240DF91CF91FF9039
:10529000EF90DF90CF90089597FFF7CF88599E4FFA
:1052A000DF91CF91FF90EF90DF90CF9008950F9412
:1052B000528660938305709384058093850590934F
:1052C00086058091830590918405A0918505B09114
:1052D00086054091BF0A5091C00A6091C10A709141
:1052E000C20A841B950BA60BB70B80937F05909386
:1052F0008005A0938105B09382052091340A2F5F29
:105300002093340A3091270B30623093270B509151
:10531000491E50FF7BC0A091E906B091EA0680913A
:10532000F4069091F506A817B90709F0C0C061E02E
:1053300070E07093EA066093E9062091E5063091EB
:10534000E6064091E7065091E8062093E106309387
:10535000E2064093E3065093E406409183055091A2
:10536000840560918505709186054093E50650930C
:10537000E6066093E7067093E8069091491E9160F7
:105380009093491E8091B51E9091B61EA091B71EB4
:10539000B091B81E0196A11DB11D8093B51E9093CA
:1053A000B61EA093B71EB093B81E64E170E080E013
:1053B00090E06093F0067093F1068093F20690936C
:1053C000F306B091DC1CB7FD89C08091BF0A9091B3
:1053D000C00AA091C10AB091C20A8093EB069093D3
:1053E000EC06A093ED06B093EE06609183057091F4
:1053F000840580918505909186056093BF0A70931E
:10540000C00A8093C10A9093C20A08956091340A39
:105410006330D8F27091440C707F703309F480C00F
:105420008091BF0A9091C00AA091C10AB091C20AAE
:105430004091EB065091EC066091ED067091EE06FE
:10544000841B950BA60BB70BAC01BD01440F551F78
:10545000661F771F840F951FA61FB71F33E0B695F1
:10546000A795979587953A95D1F740917F055091EB
:1054700080056091810570918205481759076A0778
:105480007B0708F0A2CFE2E0F0E0F093EA06E093B9
:10549000E906F091491EF160F093491E8093F006F1
:1054A0009093F106A093F206B093F3068ECFE091AD
:1054B000E906F091EA063196F093EA06E093E906F0
:1054C00060917F05709180058091810590918205A2
:1054D0000E949144B091DC1CB7FF77CF3091991EA8
:1054E00031FF73CFA091E906B091EA061197A9F1B7
:1054F000E091E906F091EA06329791F12091E906F0
:105500003091EA062330310571F14091E90650915E
:10551000EA064430510509F058CF0E9495FF55CF57
:105520008091BF0A9091C00AA091C10AB091C20AAD
:105530002091EB063091EC064091ED065091EE067D
:10554000821B930BA40BB50BB695A79597958795E2
:10555000B695A7959795879588CF0F94A50135CFD8
:105560000F94F50032CF0F9445002FCF0F931F9368
:105570000F9452866093830570938405809385050C
:1055800090938605E091A006F091A106808190910C
:105590009F06892321E030E011F430E020E0009103
:1055A000BE070217130609F45BC01091270B15FF05
:1055B0004BC08091830590918405A0918505B091A1
:1055C000860540917B0550917C0560917D05709129
:1055D0007E05841B950BA60BB70B4091A906509135
:1055E000AA066091AB067091AC06440F551F661F6A
:1055F000771FE091E906F091EA06481759076A0714
:105600007B0708F0E9C0EF2B09F405C12091E906FA
:105610003091EA062630310509F4FDC07091F11E83
:105620007F5F7093F11E41E050E05093EA06409393
:10563000E9068093A9069093AA06A093AB06B093BF
:10564000AC061F910F9108952091270B25FDF9CFEE
:105650003091270B30623093270B1F910F910895E3
:105660008091830590918405A0918505B091860570
:1056700080937B0590937C05A0937D05B0937E0578
:105680000091830510918405209185053091860550
:105690006091BF0A7091C00A8091C10A9091C20ABC
:1056A000061B170B280B390B00937F051093800501
:1056B000209381053093820520917F0530918005EC
:1056C00040918105509182058091F0069091F106FC
:1056D000A091F206B091F306281739074A075B0735
:1056E00008F491C0B091270BB062B093270BE09102
:1056F000E906F091EA06EF2B09F463C09091270BBD
:1057000090629093270B4091E9065091EA06413050
:10571000510509F4E6C06091E9067091EA0662302D
:10572000710509F4AFC02091E9063091EA062330F3
:10573000310509F434C10091E9061091EA060430FC
:10574000110509F47AC06091E9067091EA066530A6
:10575000710509F497C02091E9063091EA062630D8
:10576000310509F41CC18091BF0A9091C00AA09133
:10577000C10AB091C20A8093EB069093EC06A09305
:10578000ED06B093EE06409183055091840560913B
:105790008505709186054093BF0A5093C00A6093B7
:1057A000C10A7093C20A6091F0067091F10680916F
:1057B000F2069091F3066135734C8105910508F46A
:1057C00040CF1092F0061092F1061092F20610925D
:1057D000F3061F910F910895369719F16091E9062C
:1057E0007091EA066F5F7F4F7093EA066093E90657
:1057F0008093A9069093AA06A093AB06B093AC063B
:105800001F910F910895A091270BAF7DA093270BB7
:105810001F910F910895F091491EF160F093491E78
:1058200002CF01E010E01093EA060093E9065091E0
:10583000F11E5F5F5093F11EDBCF1093330A00938C
:10584000320A86E490E09093F7068093F606609122
:105850007F05709180058091810590918205660F8A
:10586000771F881F991F660F771F881F991F27E0D2
:1058700030E040E050E00F940BBACA01B9010E9439
:10588000914471CF7093330A6093320AE8E2F0E0FA
:10589000F093F706E093F60600917F0510918005DE
:1058A0002091810530918205C901B801660F771FEB
:1058B000881F991F660F771F881F991F660F771F14
:1058C000881F991F601B710B820B930B9695879510
:1058D0007795679596958795779567950E949144FA
:1058E00042CF5093330A4093320A46E450E050933B
:1058F000F7064093F6060091E5061091E606209122
:10590000E7063091E8060093E1061093E206209343
:10591000E3063093E40660918305709184058091DD
:105920008505909186056093E5067093E606809361
:10593000E7069093E8061091491E11601093491EE6
:1059400060917F057091800580918105909182051D
:10595000660F771F881F991F660F771F881F991F73
:1059600027E030E040E050E00F940BBACA01B901E3
:105970000E9491442091B51E3091B61E4091B71EF1
:105980005091B81E2F5F3F4F4F4F5F4F2093B51E72
:105990003093B61E4093B71E5093B81EE4CE30939A
:1059A000330A2093320AA6E4B0E0B093F706A0933E
:1059B000F60660917F057091800580918105909138
:1059C00082050E949144CFCE80917F059091800501
:1059D000A0918105B09182058093A9069093AA06B3
:1059E000A093AB06B093AC063FB7F89440917C0D02
:1059F00050917D0D60917E0D70917F0D26B5A89B15
:105A000006C02F3F21F04F5F5F4F6F4F7F4F3FBF6B
:105A1000962F852F742F6627620F711D811D911D92
:105A2000660F771F881F991F660F771F881F991FA2
:105A30006093830570938405809385059093860514
:105A40008091830590918405A0918505B09186058C
:105A50004091BF0A5091C00A6091C10A7091C20A78
:105A6000841B950BA60BB70B80937F059093800545
:105A7000A0938105B093820540917F0550918005E8
:105A800060918105709182059091DC1C92959695AC
:105A900093709130A1F008F4D7C0923009F4B4C0EB
:105AA000933009F0D1C0DB01CA01880F991FAA1FEA
:105AB000BB1F840F951FA61FB71FAC01BD017695B4
:105AC0006795579547957695679557954795409370
:105AD000F0065093F1066093F2067093F30620915E
:105AE0007F0530918005409181055091820560913C
:105AF000F0067091F1068091F2069091F30662171C
:105B000073078407950708F09EC0E091A006F09106
:105B1000A106508170919F06572309F482C03091ED
:105B2000270B30623093270B8091A9069091AA062B
:105B3000A091AB06B091AC068093690590936A057D
:105B4000A0936B05B0936C05E091E906F091EA062D
:105B50003196F093EA06E093E90640917F05509173
:105B60008005609181057091820580916905909111
:105B70006A05A0916B05B0916C0584179507A6077F
:105B8000B70708F46AC022E030E03093EA062093B9
:105B9000E9066DE970E07093F7066093F6062091D0
:105BA000BF0A3091C00A4091C10A5091C20A2093A5
:105BB000EB063093EC064093ED065093EE066091B1
:105BC0008305709184058091850590918605609389
:105BD000BF0A7093C00A8093C10A9093C20A409191
:105BE000B51E5091B61E6091B71E7091B81E4F5FE2
:105BF0005F4F6F4F7F4F4093B51E5093B61E60931B
:105C0000B71E7093B81E089576956795579547957A
:105C10004093F0065093F1066093F2067093F306FA
:105C20005ECFA091491EA0FF05C0B091F11EBF5FDD
:105C3000B093F11EF091491EFE7FF093491E109221
:105C4000EA061092E90608951092F0061092F10605
:105C50001092F2061092F30642CFA1E0B0E0B093AA
:105C6000EA06A093E9061092F7061092F606409114
:105C7000E5065091E6066091E7067091E8064093CC
:105C8000E1065093E2066093E3067093E406809188
:105C9000830590918405A0918505B0918605809338
:105CA000E5069093E606A093E706B093E806909188
:105CB000491E91609093491E72CF0895CF92DF9252
:105CC000EF92FF92CF93DF93F894C091E906D091C1
:105CD000EA06C090BF0AD090C00AE090C10AF090D6
:105CE000C20A0F94528660938D0570938E0580933F
:105CF0008F05909390057894CC0FDD1FC555D94F33
:105D0000E881F9818091D01C9091D11CE80FF91F96
:105D100020918D0530918E0540918F055091900511
:105D20002C193D094E095F092093890530938A0596
:105D300040938B0550938C05A0918705B091880501
:105D40000F94F8B9DC01CB01905CAF4FBF4F9D01C0
:105D5000990F221F331FA12DAA1FB12DC9018E0F2C
:105D60009F1F803D22E092074CF0805D9240DF91C2
:105D7000CF91FF90EF90DF90CF90089597FFF7CFEE
:105D8000409116025091170220910E0230910F029D
:105D9000241735074CF0820F931FDF91CF91FF90AE
:105DA000EF90DF90CF9008959A01820F931FF5CF67
:105DB000CF93C091440C2C2F22952F70622F70E04E
:105DC0006F5F7F4F7093F5066093F40680ED92E06D
:105DD0000F9496B97093F7066093F60630E050E0A2
:105DE00040E065E07DE080E090E00F940BBA209306
:105DF000F0063093F1064093F2065093F30680913B
:105E0000F0069091F106A091F206B091F306B695D6
:105E1000A795979587958093F0069093F106A093A8
:105E2000F206B093F3062091270B2E7F2093270BC9
:105E30003091270B32603093270B4091270B477F1F
:105E40004093270B2091F6063091F706ACEEBCE1AB
:105E50000F942DBA60930A0270930B0280930C0288
:105E600090930D02C07F1092AE061092AD066EE1C7
:105E700070E07093B0066093AF06C033A1F0A4EB5E
:105E8000B0E0B093B206A093B106E8E6F1E0F0937B
:105E9000B406E093B3068CE192E09093B60680934B
:105EA000B506CF91089520EF30E03093B2062093ED
:105EB000B10640EE51E05093B4064093B306CF9143
:105EC000089590917A1E8091DC1C8C718C30E1F0E9
:105ED0009A306CF421E030E03093960520939505DC
:105EE00044E050E05093940540939305089566E094
:105EF00070E07093960560939505A3E0B0E0B093D1
:105F00009405A093930508959A30CCF06CE070E06E
:105F10007093960560939505A3E0B0E0B093940567
:105F2000A0939305E6E0F0E0F0939205E0939105ED
:105F300089E090E090937605809375050895E1E0FF
:105F4000F0E0F0939605E093950584E090E090935F
:105F500094058093930527E030E0309392052093D9
:105F600091054AE050E050937605409375050895F9
:105F70008F929F92AF92BF92CF92DF92EF92FF9259
:105F80000F931F93CF93DF938091491E80FD0FC025
:105F900090E080E0DF91CF911F910F91FF90EF9003
:105FA000DF90CF90BF90AF909F908F900895F8941E
:105FB000E091E906F091EA064091BF0A5091C00ACB
:105FC0006091C10A7091C20A3FB7F89480917C0D2C
:105FD00090917D0DA0917E0DB0917F0D26B5A89B6F
:105FE00005C02F3F19F00196A11DB11D3FBF8824A8
:105FF000982EA92EBA2E820E911CA11CB11C880CC1
:10600000991CAA1CBB1C880C991CAA1CBB1C809246
:106010008D0590928E05A0928F05B0929005789490
:10602000EE0FFF1FE555F94FC081D181A090D01C24
:10603000B090D11CCA0DDB1D80918D0590918E050D
:10604000A0918F05B09190057C018D01E41AF50AAD
:10605000060B170BA80197012093890530938A0539
:1060600040938B0550938C05F8949090270B96FEE7
:106070002EC0C090BF0AD090C00AE090C10AF09034
:10608000C20A8090EB069090EC06A090ED06B090CE
:10609000EE06A091F606B091F70678940F94F8B941
:1060A000A7019601281939094A095B090F940BBA0F
:1060B000C9018C0F9D1F803D02E090072CF497FFD3
:1060C00069CF88599E4F66CF805D924063CF7894A8
:1060D000A0918705B09188050F94F8B9DC01CB0138
:1060E000905CAF4FBF4F9D01990F221F331FA12D11
:1060F000AA1FB12DC901DDCF81E00C942D5081E0A4
:106100000E942D504091DA0A5091DB0A6091DC0A1E
:106110007091DD0A440F551F661F771F4B3428E925
:10612000520725E06207710520F44BE458E965E069
:1061300070E040930A0250930B0260930C0270933C
:106140000D02089581E00C942D508091B51E909120
:10615000B61EA091B71EB091B81E892B8A2B8B2B2F
:1061600019F490E080E0089581E00C942D50209186
:106170004A1E30914B1E8091E11E9091E21E28171D
:106180003907A8F59091440C907F9034E1F0903657
:10619000C1F44091E9065091EA064930510589F071
:1061A0006091E9067091EA066C30710551F0A0919A
:1061B000E906B091EA06919721F05091270B56FD20
:1061C00019C0C9010895E091E906F091EA067397B4
:1061D000C1F38091E9069091EA06409791F34091CE
:1061E000E9065091EA064232510539F7EACF80E0DC
:1061F0000C942D5060E084E20C94724F80914A1E02
:1062000090914B1E2091E11E3091E21E8217930760
:1062100068F56091E9067091EA064091AF065091E9
:10622000B0064617570709F1A091E906B091EA06B2
:10623000E091B106F091B206EA17FB07B1F02091A8
:10624000E9063091EA066091B3067091B4066217D0
:10625000730759F0A091E906B091EA064091B5069E
:106260005091B6064A175B0721F4089580E00C941C
:106270002D5060E084E20C94724F80914A1E909100
:106280004B1E2091E11E3091E21E8217930740F4CD
:106290003091270B36FF089560E084E20C94724F32
:1062A00080E00C942D5080914A1E90914B1E2091BD
:1062B000E11E3091E21E8217930760F44091E906D7
:1062C0005091EA064130510509F4089560E084E2F6
:1062D0000C94724F80E00C942D5080914A1E909146
:1062E0004B1E2091E11E3091E21E8217930760F44D
:1062F0004091E9065091EA064431510521F0309170
:10630000270B36FD04C0089580E00C942D5060E00A
:1063100084E20C94724F0F945286609383057093BD
:1063200084058093850590938605809183059091DF
:106330008405A0918505B09186054091BF0A5091D2
:10634000C00A6091C10A7091C20A841B950BA60B0A
:10635000B70B80937F0590938005A0938105B09340
:10636000820520917F0530918005409181055091F3
:1063700082056091F0067091F1068091F20690918D
:10638000F306261737074807590708F4A2C0A0915B
:10639000E906B091EA061196B093EA06A093E906E1
:1063A0007091270B70627093270B8091BF0A9091B8
:1063B000C00AA091C10AB091C20A4091EB06509167
:1063C000EC066091ED067091EE06841B950BA60B12
:1063D000B70BAC01BD01440F551F661F771F840F1B
:1063E000951FA61FB71F80936D0590936E05A09310
:1063F0006F05B093700580916D0590916E05A09129
:106400006F05B0917005B695A79597958795809380
:10641000690590936A05A0936B05B0936C05209174
:10642000BF0A3091C00A4091C10A5091C20A232B81
:10643000242B252B09F0EFC010927F0510928005C8
:10644000109281051092820540917F055091800540
:1064500060918105709182058091690590916A052E
:10646000A0916B05B0916C0584179507A607B70737
:1064700008F085C020917F0530918005409181050D
:106480005091820560916D0570916E0580916F0548
:1064900090917005261737074807590708F4D2C0AE
:1064A000E1E0F0E0F093EA06E093E906B091491EDE
:1064B000B160B093491E3091270B3F7B3093270B7F
:1064C0001092F0061092F1061092F2061092F30666
:1064D00056C0A091E906B091EA06959708F4A9C0C4
:1064E00081E090E09093EA068093E9063091A80657
:1064F00091E039273093A8064091E5065091E606D1
:106500006091E7067091E8064093E1065093E20639
:106510006093E3067093E40620918305309184052F
:1065200040918505509186052093E5063093E60657
:106530004093E7065093E8066091B51E7091B61E31
:106540008091B71E9091B81E6F5F7F4F8F4F9F4F06
:106550006093B51E7093B61E8093B71E9093B81EBD
:1065600060917F05709180058091810590918205F1
:106570000E9491445091270B50645093270B4091F7
:10658000BF0A5091C00A6091C10A7091C20A40933B
:10659000EB065093EC066093ED067093EE06809147
:1065A000830590918405A0918505B091860580931F
:1065B000BF0A9093C00AA093C10AB093C20A9091F7
:1065C000460C96FF3EC02091E9063091EA066091A4
:1065D000F6067091F70621503109269FC001279FCA
:1065E000900D369F900D1124E091D01CF091D11C9C
:1065F0008E0F9F1FA0910E02B0910F0297FD2EC02B
:10660000A817B90714F48A1B9B0B6091E9067091D7
:10661000EA060C94D2366091EB067091EC068091FC
:10662000ED069091EE06672B682B692B09F00CCFD5
:1066300003CFE091E906F091EA06319709F090CF97
:106640004FCF0895A4E1B0E0B093EA06A093E90625
:10665000F091491EF160F093491E2DCF8A0F9B1FC8
:106660006091E9067091EA060C94D2360F931F935D
:106670000F945286609383057093840580938505FB
:10668000909386058091830590918405A09185055E
:10669000B09186054091BF0A5091C00A6091C10A2D
:1066A0007091C20A841B950BA60BB70B80937F05D4
:1066B00090938005A0938105B093820500917F059A
:1066C0001091800520918105309182056091F0063E
:1066D0007091F1068091F2069091F3060617170764
:1066E0002807390768F42091B51E3091B61E4091F5
:1066F000B71E5091B81E232B242B252B09F0D9C08F
:10670000A091E906B091EA061196B093EA06A0932B
:10671000E9061091270B10621093270B8091BF0A96
:106720009091C00AA091C10AB091C20A8093EB0671
:106730009093EC06A093ED06B093EE06409183058E
:106740005091840560918505709186054093BF0A3C
:106750005093C00A6093C10A7093C20A00917F05EA
:1067600010918005209181053091820560917B0513
:1067700070917C0580917D0590917E056017710771
:106780008207930708F098C040917B0550917C05E3
:1067900060917D0570917E05409377055093780553
:1067A0006093790570937A0500917F0510918005BB
:1067B000209181053091820500937B0510937C0523
:1067C00020937D0530937E05A091F406B091F506E7
:1067D00011966091E9067091EA06A617B70709F4C9
:1067E000D6C02091E9063091EA06A217B30708F453
:1067F000B7C0E091E906F091EA06E330F10509F44B
:1068000080C008F47BC03597329708F47AC0209195
:106810007F053091800540918105509182058091DE
:106820007B0590917C05A0917D05B0917E05281790
:1068300039074A075B0708F4F6C05091491E50FF1C
:1068400038C0E091E906F091EA063197E730F105AA
:1068500008F4DCC01092F0061092F1061092F206D5
:106860001092F306B091460CB6FF23C0E091E90602
:10687000F091EA06EE0FFF1FE355F94F80819181F9
:10688000A091D01CB091D11C8A0F9B1F00910E02C9
:1068900010910F0297FD0AC10817190714F4801B05
:1068A000910B6091E9067091EA061F910F910C948B
:1068B000D2361F910F91089520917B0530917C0570
:1068C00040917D0550917E058091770590917805E6
:1068D000A0917905B0917A0582179307A407B507AF
:1068E00008F452CFE6E0F0E0F093EA06E093E90620
:1068F0003091491E31603093491E46CF319709F0DF
:1069000086CF40917F0550918005609181057091FF
:10691000820500917B0510917C0520917D053091C9
:106920007E05041715072607370708F086CF109154
:10693000491E1E7F1093491E3091F11E3F5F309318
:10694000F11E1092F0061092F1061092F2061092CB
:10695000F30662E070E07093EA066093E9066DCF9B
:106960007091491E7E7F7093491E9091F11E9F5F2A
:106970009093F11E1092F0061092F1061092F2061A
:106980001092F3061092EA061092E90632CF509167
:10699000491E50FF26CF81E090E09093EA06809355
:1069A000E9064091E5065091E6066091E706709190
:1069B000E8064093E1065093E2066093E306709385
:1069C000E40600918305109184052091850530919E
:1069D00086050093E5061093E6062093E7063093BC
:1069E000E8066091B51E7091B61E8091B71E909119
:1069F000B81E6E5F7F4F8F4F9F4F6093B51E709391
:106A0000B61E8093B71E9093B81EF3CE8827E45F1E
:106A1000FA448F4F0D9458BAB4B577B5B4B577B57D
:106A20002CB559B52CB5B091491EBE7FB093491E07
:106A3000F091F11EFF5FF093F11E1092F00610929C
:106A4000F1061092F2061092F306A1E0B0E0B093C6
:106A5000EA06A093E906F1CEE091DC1CE295E6950A
:106A6000E370E23009F43AC108F007C1E13009F0FF
:106A7000F1CE60917F0570918005809181059091A4
:106A800082059695879577956795969587957795DD
:106A9000679596958795779567956093F0067093BF
:106AA000F1068093F2069093F306DCCE800F911FDF
:106AB000F8CE7091DC1C729576957370723009F483
:106AC00026C108F0BFC0713009F0C4CE20917F0507
:106AD0003091800540918105509182052093F00608
:106AE0003093F1064093F2065093F306BBCEE0914B
:106AF000DC1CE295E695E370E23009F41DC108F470
:106B0000B5CF80917F0590918005A0918105B091CE
:106B1000820540917F0550918005609181057091BB
:106B2000820542954F70529545275F7045276295C3
:106B300056276F705627729567277F706727B6951F
:106B4000A79597958795B695A79597958795840F5F
:106B5000951FA61FB71F8093F0069093F106A09390
:106B6000F206B093F3067ECE9091DC1C929596953A
:106B70009370923009F417C180F5913009F06ACE14
:106B800080917F0590918005A0918105B09182054B
:106B900020917F05309180054091810550918205BB
:106BA0005695479537952795569547953795279547
:106BB0005695479537952795B695A79597958795B7
:106BC000820F931FA41FB51F8093F0069093F106C8
:106BD000A093F206B093F30645CE80917F05909185
:106BE0008005A0918105B091820500917F051091EB
:106BF0008005209181053091820540917F0550915B
:106C000080056091810570918205B695A79597954D
:106C10008795769567955795479576956795579596
:106C20004795840F951FA61FB71F800F911FA21FA6
:106C3000B31F8093F0069093F106A093F206B093F1
:106C4000F30610CE40917F0550918005609181053B
:106C500070918205DB01CA01880F991FAA1FBB1F13
:106C6000840F951FA61FB71F8093F0069093F1061F
:106C7000A093F206B093F306F5CD80917F05909135
:106C80008005A0918105B091820540917F055091CA
:106C9000800560918105709182057695679557957D
:106CA0004795769567955795479576956795579546
:106CB0004795B695A79597958795B695A795979576
:106CC0008795840F951FA61FB71F8093F00690939A
:106CD000F106A093F206B093F306C4CD60917F0550
:106CE0007091800580918105909182059695879598
:106CF0007795679596958795779567956093F00654
:106D00007093F1068093F2069093F306ABCD8091D9
:106D10007F0590918005A0918105B0918205880F33
:106D2000991FAA1FBB1F8093F0069093F106A093B2
:106D3000F206B093F30696CD00917F051091800581
:106D400020918105309182053695279517950795F5
:106D50003695279517950795369527951795079595
:106D600060917F05709180058091810590918205E9
:106D700062956F70729567277F7067278295782775
:106D80008F707827929589279F708927060F171F84
:106D9000281F391F0093F0061093F1062093F20686
:106DA0003093F3065FCD80917F0590918005A0918F
:106DB0008105B091820520917F0530918005409139
:106DC000810550918205B695A79597958795B695BB
:106DD000A79597958795820F931FA41FB51F809342
:106DE000F0069093F106A093F206B093F3063ACD25
:106DF0003FB7F89480917C0D90917D0DA0917E0D10
:106E0000B0917F0D26B5A89B05C02F3F19F00196C4
:106E1000A11DB11D3FBF6627782F892F9A2F620FC2
:106E2000711D811D911D660F771F881F991F660FA9
:106E3000771F881F991F6093830570938405809343
:106E40008505909386058091830590918405A09196
:106E50008505B09186054091BF0A5091C00A6091A6
:106E6000C10A7091C20A841B950BA60BB70B8093C5
:106E70007F0590938005A0938105B09382052091B2
:106E80007F05309180054091810550918205609188
:106E9000F0067091F1068091F2069091F3062617A4
:106EA00037074807590708F459C18091BF0A9091E4
:106EB000C00AA091C10AB091C20A892B8A2B8B2BE0
:106EC00009F4F3C04091EB065091EC066091ED0699
:106ED0007091EE06452B462B472B09F4E6C08091B6
:106EE000BF0A9091C00AA091C10AB091C20A209134
:106EF000EB063091EC064091ED065091EE06821BB8
:106F0000930BA40BB50BAC01BD01440F551F661FBD
:106F1000771F840F951FA61FB71FB695A795979546
:106F200087958093690590936A05A0936B05B0934C
:106F30006C0540917F0550918005609181057091AD
:106F400082058091690590916A05A0916B05B091C9
:106F50006C0584179507A607B70708F033C1409161
:106F60000207509103076091040770910507440FD1
:106F7000551F661F771F440F551F661F771F4093CD
:106F800002075093030760930407709305078091ED
:106F9000020790910307A0910407B091050701969D
:106FA000A11DB11D8093020790930307A0930407CE
:106FB000B0930507E091E906F091EA063196F09367
:106FC000EA06E093E906A091E906B091EA06119677
:106FD000B093EA06A093E9066091E9067091EA068B
:106FE0008091F4069091F5066817790708F45DC062
:106FF00040910207509103076091040770910507C3
:107000004F3B5F4F6D4F7D4F09F4ACC0409102077D
:107010005091030760910407709105074F375B4F4C
:107020006F4F7D4D09F417C140910207509103073E
:1070300060910407709105074F37574F6F4F7B4D95
:1070400009F437C14091020750910307609104078A
:10705000709105074D3B5F4F674F7D4F09F44CC161
:107060004091020750910307609104077091050752
:107070004D3F5F4F674F7F4F09F461C12091E90693
:107080003091EA0601968217930778F45091491ED1
:107090005E7F5093491E7091961E7F7E7093961E60
:1070A0009091F11E9F5F9093F11E8091BF0A909185
:1070B000C00AA091C10AB091C20A8093EB069093D6
:1070C000EC06A093ED06B093EE0640918305509137
:1070D000840560918505709186054093BF0A5093A1
:1070E000C00A6093C10A7093C20A3091460C36FF01
:1070F00035C05091991E51FD31C02091E906309163
:10710000EA06E091F606F091F706215031092E9F2C
:10711000C0012F9F900D3E9F900D1124A091D01C77
:10712000B091D11C8A0F9B1F60910E0270910F02CB
:1071300097FD15C06817790714F4861B970B70919B
:10714000DC1C7C717C3021F4B091A806B11176C0B2
:107150006091E9067091EA060C94D2360895860F84
:10716000971FEDCF8091AD069091AE06059739F14E
:1071700041E050E05093B0064093AF062BE030E082
:107180003093B2062093B106E3E1F0E0F093B40649
:10719000E093B306AEE1B0E0B093B606A093B506B7
:1071A00085E090E09093AE068093AD06F4E0F09316
:1071B000E01C64E270E07093F5066093F4060E94B0
:1071C000699673CF6091020770910307809104075D
:1071D00090910507660F771F881F991F609302071C
:1071E000709303078093040790930507209102078B
:1071F0003091030740910407509105072F5F3F4FDF
:107200004F4F5F4F209302073093030740930407CB
:1072100050930507A091E906B091EA061196B09344
:10722000EA06A093E90660917F0570918005809140
:107230008105909182050E949144CECE2091E9066D
:107240003091EA066091DF1C620F732F711D88591F
:107250009E4F0C94D2368091AD069091AE06049765
:1072600009F4ADCF48E050E05093B0064093AF062C
:107270002BE030E03093B2062093B106E9E1F0E074
:10728000F093B406E093B306ABE1B0E0B093B6067A
:10729000A093B50684E090E09093AE068093AD068F
:1072A0008093E01C64E270E07093F5066093F4064E
:1072B00086CF4091AD065091AE064330510509F49A
:1072C0007ECF28E030E03093B0062093AF06EAE0AE
:1072D000F0E0F093B206E093B106A8E1B0E0B0931D
:1072E000B406A093B3066BE170E07093B6066093AA
:1072F000B50683E090E056CF4091AD065091AE06C2
:107300004230510509F45BCF21E030E03093B00604
:107310002093AF06ECE0F0E0F093B206E093B10604
:10732000A1E1B0E0B093B406A093B3066DE170E0C4
:107330007093B6066093B50682E090E033CFE0919B
:10734000AD06F091AE06319709F439CFA1E0B0E077
:10735000B093B006A093AF0662E170E07093B206FE
:107360006093B106B093AE06A093AD06B2E0B093C1
:10737000E01C84E290E09093F5068093F4061FCF22
:107380003FB7F89480917C0D90917D0DA0917E0D7A
:10739000B0917F0D26B5A89B05C02F3F19F001962F
:1073A000A11DB11D3FBF6627782F892F9A2F620F2D
:1073B000711D811D911D660F771F881F991F660F14
:1073C000771F881F991F60938305709384058093AE
:1073D0008505909386058091830590918405A09101
:1073E0008505B09186054091FC065091FD0660919F
:1073F000FE067091FF06841B950BA60BB70B8093BE
:107400007F0590938005A0938105B093820520911C
:107410007F053091800540918105509182056091F2
:10742000F0067091F1068091F2069091F30626170E
:1074300037074807590708F4FFC05091340A5F5FC7
:107440005093340A8091FC069091FD06A091FE06AF
:10745000B091FF06892B8A2B8B2B09F0EEC020E020
:1074600031EE45EF55E02093690530936A0540936E
:107470006B0550936C0520917F05309180054091FC
:107480008105509182056091690570916A0580912E
:107490006B0590916C05261737074807590708F4C4
:1074A0004DC17091340A7F5F7093340A9091340A11
:1074B0009F5F9093340AA091340AAC3099F0B09158
:1074C000491EBE7FB093491EE091F11EEF5FE0932D
:1074D000F11EF1E0F093340A81E090E09093EA0627
:1074E0008093E9064091FC065091FD066091FE06EE
:1074F0007091FF064093F8065093F9066093FA06E0
:107500007093FB0620918305309184054091850599
:10751000509186052093FC063093FD064093FE06AD
:107520005093FF063091340A3C3069F06091BF0AF5
:107530007091C00A8091C10A9091C20A672B682B92
:10754000692B09F079C0A091E906B091EA0611967D
:10755000B093EA06A093E9065091440C507F503650
:1075600009F4F7C0503409F496C0F1E0F093340AFE
:107570008091BF0A9091C00AA091C10AB091C20A3D
:107580008093EB069093EC06A093ED06B093EE0685
:107590004091830550918405609185057091860521
:1075A0004093BF0A5093C00A6093C10A7093C20A05
:1075B0003091460C36FF40C05091991E51FD3CC0A1
:1075C000E091E906F091EA062091F6063091F7067F
:1075D0003197E29FC001E39F900DF29F900D11241F
:1075E0006091D01C7091D11C860F971FA0910E0244
:1075F000B0910F0297FDB8C0A817B9070CF4B1C03D
:107600007091DC1C7C717C3009F092C0B091A806AE
:10761000BB2309F48DC0F091D51CF1FD89C02091E8
:10762000E9063091EA066091DF1C620F732F711D2D
:1076300088599E4F0C94D23608954091F806509187
:10764000F9066091FA067091FB06452B462B472BF5
:1076500009F405CF8091FC069091FD06A091FE06ED
:10766000B091FF064091F8065091F9066091FA0634
:107670007091FB06841B950BA60BB70B880F991F07
:10768000AA1FBB1F8093690590936A05A0936B05A1
:10769000B0936C05F0CEE091E906F091EA063597DB
:1076A00009F063CF4091E5065091E6066091E70648
:1076B0007091E8064093E1065093E2066093E3067A
:1076C0007093E406209183053091840540918505EF
:1076D000509186052093E5063093E6064093E70631
:1076E0005093E8067091491E71607093491E609135
:1076F000B51E7091B61E8091B71E9091B81E6F5F37
:107700007F4F8F4F9F4F6093B51E7093B61E80932F
:10771000B71E9093B81EB091A80691E0B927B09318
:10772000A806A1E0B0E0B093EA06A093E9061DCF59
:107730006091E9067091EA060C94D23660917F055B
:107740007091800580918105909182050E949144FD
:10775000C9CE8091E9069091EA06079709F005CF16
:10776000A1CF8A1B9B0B4CCF8A0F9B1F49CFCF9277
:10777000DF92EF92FF920F931F933FB7F89480919F
:107780007C0D90917D0DA0917E0DB0917F0D26B561
:10779000A89B05C02F3F19F00196A11DB11D3FBF49
:1077A000CC24D82EE92EFA2EC20ED11CE11CF11CDD
:1077B000CC0CDD1CEE1CFF1CCC0CDD1CEE1CFF1CDD
:1077C000C0928305D0928405E0928505F0928605EB
:1077D000E091A006F091A106D08090919F06D92259
:1077E00009F04EC1E0908305F09084050091850575
:1077F000109186054091BF0A5091C00A6091C10A5C
:107800007091C20AE41AF50A060B170BE0927F0585
:10781000F0928005009381051093820500917F0509
:107820001091800520918105309182056091F006CC
:107830007091F1068091F2069091F30606171707F2
:107840002807390708F42CC1A091E906B091EA068F
:107850001196B093EA06A093E9061091270B1062E7
:107860001093270B8091BF0A9091C00AA091C10A82
:10787000B091C20A892B8A2B8B2B09F43AC1209133
:10788000EB063091EC064091ED065091EE06232B6D
:10789000242B252B09F42DC1E091E906F091EA068D
:1078A000719779F04091E9065091EA06433251050B
:1078B00041F0F090491EF0FC0DC15091961E54FD10
:1078C00009C1C090BF0AD090C00AE090C10AF090F0
:1078D000C20A0091EB061091EC062091ED06309162
:1078E000EE0660917F0570918005809181059091F1
:1078F0008205C01AD10AE20AF30ACC0CDD1CEE1C88
:10790000FF1CC616D706E806F90608F0D0C010928C
:10791000F0061092F1061092F2061092F306109102
:10792000270B1F7B1093270B4091FC065091FD06FF
:107930006091FE067091FF06C090BF0AD090C00A09
:10794000E090C10AF090C20A80918305909184056D
:10795000A0918505B09186050091FC061091FD0669
:107960002091FE063091FF064C195D096E097F09D2
:10797000801B910BA20BB30B481759076A077B07B3
:1079800008F066C1E1E0F0E0F093EA06E093E90672
:107990006091E5067091E6068091E7069091E80611
:1079A0006093E1067093E2068093E3069093E40609
:1079B000E0908305F090840500918505109186057F
:1079C000E092E506F092E6060093E7061093E806DB
:1079D000D090491ED0FE43C14091B51E5091B61EB5
:1079E0006091B71E7091B81E4F5F5F4F6F4F7F4F12
:1079F0004093B51E5093B61E6093B71E7093B81E89
:107A0000A091460C5091DC1C5C715C3009F4E2C022
:107A10007A2F7073703309F4DDC09091491E916024
:107A20009093491E1091961E1F7E1093961E609192
:107A3000EB067091EC068091ED069091EE060091B8
:107A4000BF0A1091C00A2091C10A3091C20AC090A9
:107A50008305D0908405E0908505F09086056C0D37
:107A60007D1D8E1D9F1D601B710B820B930B609300
:107A7000EB067093EC068093ED069093EE064BC0F8
:107A80008091830590918405A0918505B09186052C
:107A90008093FC069093FD06A093FE06B093FF062C
:107AA0001F910F91FF90EF90DF90CF90089570910C
:107AB000491E70FF05C0B091F11EBF5FB093F11E6B
:107AC000F091491EFE7FF093491E3091961E3F7E35
:107AD0003093961E60917F0570918005809181059D
:107AE000909182050E9491449091270B906490930D
:107AF000270BE090BF0AF090C00A0091C10A1091D4
:107B0000C20AE092EB06F092EC060093ED061093A9
:107B1000EE06A091460CE0908305F090840500915C
:107B2000850510918605E092BF0AF092C00A009385
:107B3000C10A1093C20AA6FFB3CFA091991EA1FD5E
:107B4000AFCFE091E906F091EA064091F606509138
:107B5000F7063197E49FC001E59F900DF49F900DCB
:107B600011242091D01C3091D11C820F931F609161
:107B70000E0270910F0297FD2AC06817790714F45E
:107B8000861B970B5091DC1C5C715C30A1F4D0908B
:107B9000A806DD2081F0F090D51CF1FC0CC02091EE
:107BA000E9063091EA066091DF1C620F732F711DA8
:107BB00088599E4F04C06091E9067091EA061F91B2
:107BC0000F91FF90EF90DF90CF900C94D236860FFC
:107BD000971FD8CFB091440CB07FB03409F448C09F
:107BE000B03609F46FC0B038F9F48091E90690918D
:107BF000EA06019709F4B2C00091E9061091EA067D
:107C00000331110509F4D1C02091E9063091EA064B
:107C10002130310509F4D4C04091E9065091EA06BB
:107C20004331510509F4D7C0F090491EF0FE05C05C
:107C30007091F11E7F5F7093F11EB091491EBE7F5F
:107C4000B093491EF091961EF061F093961EEFCE10
:107C500023E130E03093EA062093E906D1CE10927A
:107C6000B51E1092B61E1092B71E1092B81EC8CE46
:107C70008091E9069091EA06019709F44BC0E091E2
:107C8000E906F091EA06739709F45FC04091E906AE
:107C90005091EA064130510509F474C00091E9069B
:107CA0001091EA060331110509F0BECF2091320A86
:107CB0003091330A2730310509F0B6CF31E03093E7
:107CC000A806ABCE8091E9069091EA060197A1F152
:107CD0000091E9061091EA060331110509F448C044
:107CE0002091E9063091EA062130310509F452C0AD
:107CF0006091E9067091EA066331710509F094CF4D
:107D00004091340A4530D1F25091340A563009F08E
:107D10008BCFD4CF0091320A1091330A0130110574
:107D200041F02091320A3091330A2230310509F0B6
:107D3000A6CF1092A80671CEB091340AB130C9F323
:107D4000F091340AF23021F6F4CF6091320A70914A
:107D5000330A6430710509F099CFEBCFF091340A02
:107D6000F13039F33091340A323009F045CFE1CFA8
:107D70003091340A3230E9F29091340A933009F0AC
:107D8000AFCFD7CF8091320A9091330A059709F08F
:107D900085CF94CF1091340A143009F48FCFE0913D
:107DA000340AE53009F0A4CF89CF9091340A93309A
:107DB00009F4BFCF1091340A143009F025CFB9CFA0
:107DC000E091340AE53009F479CF6091340A6630E5
:107DD00009F022CF73CF5091340A573009F46ECF97
:107DE0007091340A783009F01FCF68CF0F931F933A
:107DF0003FB7F89480917C0D90917D0DA0917E0D00
:107E0000B0917F0D26B5A89B05C02F3F19F00196B4
:107E1000A11DB11D3FBF6627782F892F9A2F620FB2
:107E2000711D811D911D660F771F881F991F660F99
:107E3000771F881F991F6093830570938405809333
:107E40008505909386050091830510918405209106
:107E50008505309186054091BF0A5091C00A609116
:107E6000C10A7091C20A041B150B260B370B009335
:107E70007F05109380052093810530938205209122
:107E80007F05309180054091810550918205809158
:107E9000F0069091F106A091F206B091F306281732
:107EA00039074A075B0708F402C1A091E906B091BF
:107EB000EA061196B093EA06A093E9069091EF06C0
:107EC000992319F09F5F9093EF060091DD061091C2
:107ED000DE062091DF063091E00640917F0550914B
:107EE00080056091810570918205401751076207F6
:107EF000730700F140917F055091800560918105E5
:107F00007091820500917F05109180052091810577
:107F1000309182057695679557954795400F511F8B
:107F2000621F731F4093DD065093DE066093DF06E9
:107F30007093E0061091270B10621093270B20918D
:107F4000BF0A3091C00A4091C10A5091C20A2093E1
:107F5000EB063093EC064093ED065093EE0640910D
:107F60008305509184056091850570918605409345
:107F7000BF0A5093C00A6093C10A7093C20A50911D
:107F8000491E50FF97C08091E9069091EA0601973B
:107F900051F0A091E906B091EA06F091DF1CFA17C2
:107FA0001B0608F040C001E010E01093EA060093C1
:107FB000E906B091A80631E0B327B093A806209156
:107FC000E5063091E6064091E7065091E8062093D9
:107FD000E1063093E2064093E3065093E4064091B5
:107FE00083055091840560918505709186054093C5
:107FF000E5065093E6066093E7067093E806609105
:10800000B51E7091B61E8091B71E9091B81E6F5F1D
:108010007F4F8F4F9F4F6093B51E7093B61E809316
:10802000B71E9093B81E60917F0570918005809176
:108030008105909182050E9491449091460C96FF93
:1080400036C01091991E11FD32C0E091E906F09101
:10805000EA06A091F606B091F7063197EA9FC001B3
:10806000EB9F900DFA9F900D11240091D01C109160
:10807000D11C800F911F5091DC1C5C715C3091F51C
:108080007091A806772371F1F091D51CF1FD2AC0FB
:108090002091E9063091EA066091DF1C620F732F90
:1080A000711D88599E4F1F910F910C94D2361F91CC
:1080B0000F910895E091320AF091330A319709F057
:1080C000BCCF943009F0B9CF62E070E07093EA065B
:1080D0006093E9067091491E71607093491E109279
:1080E000A806ABCF6091E9067091EA061F910F9147
:1080F0000C94D2363FB7F89480917C0D90917D0D11
:10810000A0917E0DB0917F0D26B5A89B05C02F3F95
:1081100019F00196A11DB11D3FBF6627782F892F49
:108120009A2F620F711D811D911D660F771F881F89
:10813000991F660F771F881F991F6093830570939F
:1081400084058093850590938605809183059091A1
:108150008405A0918505B09186054091BF0A509194
:10816000C00A6091C10A7091C20A841B950BA60BCC
:10817000B70B80937F0590938005A0938105B09302
:10818000820520917F0530918005409181055091B5
:1081900082056091F0067091F1068091F20690914F
:1081A000F306261737074807590708F47FC0A09140
:1081B000E906B091EA061196B093EA06A093E906A3
:1081C0005091270B50625093270B8091BF0A9091DA
:1081D000C00AA091C10AB091C20A892B8A2B8B2BAD
:1081E00009F065C010927F051092800510928105FC
:1081F00010928205E091E906F091EA06719720F06D
:108200007091491E70FD61C01092F0061092F10647
:108210001092F2061092F3069091270B9F7B909399
:10822000270B2091BF0A3091C00A4091C10A50919A
:10823000C20A2093EB063093EC064093ED06509370
:10824000EE0660918305709184058091850590917B
:1082500086056093BF0A7093C00A8093C10A909309
:10826000C20AB091460CB6FF21C0E091E906F09138
:10827000EA06EE0FFF1FE555F94F80819181A0912D
:10828000D01CB091D11C8A0F9B1F40910E025091BF
:108290000F0297FD55C04817590714F4841B950B1E
:1082A0006091E9067091EA060C94D23608954091E7
:1082B000EB065091EC066091ED067091EE06452BB1
:1082C000462B472B09F096CF8DCF21E030E030933D
:1082D000EA062093E9066091E5067091E606809132
:1082E000E7069091E8066093E1067093E2068093BA
:1082F000E3069093E4068091830590918405A09114
:108300008505B09186058093E5069093E606A093D7
:10831000E706B093E8064091B51E5091B61E6091F5
:10832000B71E7091B81E4F5F5F4F6F4F7F4F4093E6
:10833000B51E5093B61E6093B71E7093B81E64CFDF
:10834000840F951F6091E9067091EA060C94D2366D
:108350003FB7F89480917C0D90917D0DA0917E0D9A
:10836000B0917F0D26B5A89B05C02F3F19F001964F
:10837000A11DB11D3FBF6627782F892F9A2F620F4D
:10838000711D811D911D660F771F881F991F660F34
:10839000771F881F991F60938305709384058093CE
:1083A0008505909386058091830590918405A09121
:1083B0008505B09186054091BF0A5091C00A609131
:1083C000C10A7091C20A841B950BA60BB70B809350
:1083D0007F0590938005A0938105B093820520913D
:1083E0007F05309180054091810550918205609113
:1083F000F0067091F1068091F2069091F30626172F
:1084000037074807590708F4CFC0A091E906B09193
:10841000EA061196B093EA06A093E9065091270B5D
:1084200050625093270B7091340A711120C08091D3
:10843000BF0A9091C00AA091C10AB091C20A4091AE
:10844000EB065091EC066091ED067091EE06841BF0
:10845000950BA60BB70B880F991FAA1FBB1F809304
:10846000690590936A05A0936B05B0936C05209104
:10847000BF0A3091C00A4091C10A5091C20A232B11
:10848000242B252B09F091C010927F0510928005B6
:10849000109281051092820540917F0550918005D0
:1084A00060918105709182058091690590916A05BE
:1084B000A0916B05B0916C0584179507A607B707C7
:1084C00008F081C09091340A913009F4DAC0B1E02B
:1084D000B093340AA091E906B091EA061196B093E0
:1084E000EA06A093E9068091E9069091EA060196D2
:1084F0009093EA068093E9065091270B5F7B509397
:10850000270B1092F0061092F1061092F2061092CC
:10851000F3062091BF0A3091C00A4091C10A5091E0
:10852000C20A2093EB063093EC064093ED0650937D
:10853000EE068091830590918405A0918505B09108
:1085400086058093BF0A9093C00AA093C10AB09396
:10855000C20A7091460C76FF27C0E091E906F091BF
:10856000EA06A091F606B091F7063197EA9FC0019E
:10857000EB9F900DFA9F900D11246091D01C70918B
:10858000D11C860F971F40910E0250910F0297FD4C
:1085900087C04817590714F4841B950B6091E906AE
:1085A0007091EA060C94D23608956091EB067091B2
:1085B000EC068091ED069091EE06672B682B692BF7
:1085C00009F06ACF61CFE091E906F091EA06B5972C
:1085D000B8F49091340A913009F471C060917F052C
:1085E0007091800580918105909182050E9491444F
:1085F000E091270BE064E093270B1092340A89CFB7
:1086000061E070E07093EA066093E9065091A80675
:1086100071E057275093A8064091E5065091E60671
:108620006091E7067091E8064093E1065093E206F8
:108630006093E3067093E40680918305909184052E
:10864000A0918505B09186058093E5069093E60696
:10865000A093E706B093E8062091B51E3091B61EB0
:108660004091B71E5091B81E2F5F3F4F4F4F5F4F45
:108670002093B51E3093B61E4093B71E5093B81E7C
:10868000ADCFF091440CF07FF03469F1F03681F019
:108690001092340A3091491E31603093491E2CCF1C
:1086A000840F951F6091E9067091EA060C94D2360A
:1086B0006CE070E07093EA066093E906E9CFB09150
:1086C000440CB07FB034B1F0B03609F087CFA2E2ED
:1086D000B0E0B093EA06A093E906F091491EF1607C
:1086E000F093491E7BCF43E150E05093EA0640935C
:1086F000E906CECF23E230E03093EA062093E90684
:108700003091491E31603093491E68CF8091B61F69
:1087100090E09C01220F331F820F931F409144076A
:10872000509145074817590760F560914F0D6095C6
:1087300061708091B0070F94028660E08091AE076F
:108740000F94028661E08091AF070F9402860F9428
:10875000528660934B0770934C0780934D0790931C
:108760004E0731E030934A078091440790914507C6
:10877000019690934507809344073093430780E028
:10878000089581E00895CF93DF9380914A07813067
:1087900041F020914A07223021F080E0DF91CF9113
:1087A000089530914A07C0914107D0914207313076
:1087B00021F0C0913F07D09140070F945286AB0142
:1087C000BC0180914B0790914C07A0914D07B0914F
:1087D0004E078C0F9D1FA11DB11D84179507A6077D
:1087E000B70740F540914A07413041F110924A07DE
:1087F00050914F0D57FDD1CFA0914607B09147073B
:10880000E0914807F09149078091B71F90E0BF01C0
:10881000681B790BA617B7070CF4BFCF8E0F9F1FED
:108820008A179B070CF4B9CF61E08091AE070F94D3
:108830000286B3CF81E0DF91CF91089560E080910F
:10884000AF070F9402860F94528660934B07709384
:108850004C0780934D0790934E0772E070934A0740
:1088600081E09CCF209148073091490780914607CD
:1088700090914707281B390B8091B71F682F7727E6
:1088800061950CF470952617370724F082171306AC
:108890000CF041C090914F0D8091B007692F61702D
:1088A00037FF2DC0692F609561700F940286E091AB
:1088B0004607F09147073197F0934707E093460743
:1088C00060E08091AE070F94028661E08091AF076F
:1088D0000F9402860F94528660934B0770934C0757
:1088E00080934D0790934E0721E020934A072093F1
:1088F00043073091951E30643093951E08950F9470
:108900000286A0914607B09147071196B09347079A
:10891000A0934607D5CF8091951E8F7B8093951E9F
:108920000895CF92DF92EF92FF920F931F93CF9310
:10893000DF938091440C807F803409F4B6C0803688
:1089400009F48FC02091F6063091F706A5E0BDE04E
:108950000F942DBA60930A0270930B0280930C025D
:1089600090930D025091270B577F5093270B71E086
:108970007093340AC1E0D0E0D093EA06C093E906D0
:108980001092BF0A1092C00A1092C10A1092C20A35
:10899000C091F606D091F7067E01D7FF03C0D195AE
:1089A000C195D109CE010F9460BA0FE010E0081B09
:1089B000190BCE0101978C239D23892B09F46FC0DD
:1089C000C8010197CC24C394D12CB60102C0660F14
:1089D000771F8A95E2F790E080E0CB017727662742
:1089E0009E0150E040E00F940BBAC901C29FF00114
:1089F000C39FF00DD29FF00D1124AE014E0F5F1FEB
:108A0000002E02C0CC0CDD1C0A94E2F74C155D056B
:108A1000B8F401500196F7FE04C000689195819565
:108A20009109909367058093660500936805DF912F
:108A3000CF911F910F91FF90EF90DF90CF9008950D
:108A4000C901880F991FAA27BB27AE1BBF0B9D0129
:108A5000220F331F2C173D0708F445C00196006410
:108A6000D9CF0CE310E01093F7060093F60616E05A
:108A70001093DF1C1092E01C26E030E03093F506E6
:108A80002093F40642E350E060E070E04093F0068B
:108A90005093F1066093F2067093F30653CF9F2D27
:108AA0009078092B90E080E0BCCF6AE570E070938D
:108AB000F7066093F60634E03093DF1C1092E01C5A
:108AC000A4E0B0E0B093F506A093F4068BE490E048
:108AD000A0E0B0E08093F0069093F106A093F20638
:108AE000B093F3062FCF2A173B0708F0B8CF0196B3
:108AF000B6CFCF92DF92EF92FF920F931F93CF9357
:108B0000DF938091270B8E7F8093270B0091270B9B
:108B100002600093270B1091270B18601093270B0E
:108B200024E22093DF1C4AE050E05093F706409384
:108B3000F6066091F6067091F70688E691E00F94CC
:108B400096B99B0150E040E065E07DE080E090E078
:108B50000F94D9B92093F0063093F1064093F206B2
:108B60005093F3061092EA061092E9061092E50679
:108B70001092E6061092E7061092E8061092E106BF
:108B80001092E2061092E3061092E4061092EB06B1
:108B90001092EC061092ED061092EE061092FC0672
:108BA0001092FD061092FE061092FF062091F60626
:108BB0003091F706AAE0BAE10F942DBA60930A0249
:108BC00070930B0280930C0290930D023091440C31
:108BD000307F303409F4E4C068E871E080E090E070
:108BE0006093DD067093DE068093DF069093E006C7
:108BF0001092330A1092320A1092340A1092F80638
:108C00001092F9061092FA061092FB061092350A9D
:108C10001092360A1092370A1092380A10926205A2
:108C2000109263051092640510926505303609F0C4
:108C30007FC001E010E01093AE060093AD0683E024
:108C400090E09093B0068093AF061093B206009325
:108C5000B10622E030E03093B4062093B30690933F
:108C6000B6068093B5063093B8062093B7061093E6
:108C7000BA060093B9069093BC068093BB06C091D8
:108C8000F606D091F7067E01D7FF03C0D195C195B6
:108C9000D109CE010F9460BA0FE010E0081B190B48
:108CA000CE0101978C239D23892B09F473C0C80141
:108CB0000197CC24C394D12CB60102C0660F771F54
:108CC0008A95E2F790E080E0CB01772766279E0146
:108CD00050E040E00F940BBAC901C29FD001C39F7E
:108CE000B00DD29FB00D1124BE016A0F7B1F002E64
:108CF00002C0CC0CDD1C0A94E2F76C157D0508F06F
:108D00007AC001500196F7FE04C0006891958195E4
:108D10009109909367058093660500936805DF913C
:108D2000CF911F910F91FF90EF90DF90CF9008951A
:108D3000303809F0A4CFA3E0B0E0B093AE06A09322
:108D4000AD06C1E0D0E0D093B006C093AF06D0939B
:108D5000B206C093B106E2E0F0E0F093B406E0930F
:108D6000B306B093B606A093B506F093B806E093A9
:108D7000B706F093BA06E093B906D093BC06C09349
:108D8000BB06B093BE06A093BD06D093C006C093A9
:108D9000BF0675CF5F2D5078052B90E080E0B9CFEE
:108DA0004AE952E060E070E04093DD065093DE0651
:108DB0006093DF067093E0061092330A1092320A35
:108DC0001092340A1092F8061092F9061092FA06E0
:108DD0001092FB061092350A1092360A1092370A4A
:108DE0001092380A10926205109263051092640581
:108DF0001092650544CF880F991FEE27FF27EA1BC5
:108E0000FB0B9F01220F331F2C173D0718F0019613
:108E1000006478CF2E173F07D8F70196F9CFCF928D
:108E2000DF92EF92FF920F931F93CF93DF9384E231
:108E30008093DF1C01E00093E01C1091D51C1D7F86
:108E40001093D51C2AE030E03093F7062093F60605
:108E500043E250E05093F5064093F4066CE570E071
:108E600080E090E06093F0067093F1068093F20644
:108E70009093F30680ED90E0A0E0B0E08093DD06F3
:108E80009093DE06A093DF06B093E0063091270BA7
:108E90003E7F3093270B5091270B52605093270B46
:108EA0007091270B78607093270B92E19093EF06F7
:108EB0001092EB061092EC061092ED061092EE0660
:108EC0001092EA061092E9061092330A1092320AC2
:108ED0001092E5061092E6061092E7061092E80658
:108EE0001092E1061092E2061092E3061092E40658
:108EF0002091F6063091F706AAE0BAE10F942DBA58
:108F000060930A0270930B0280930C0290930D02FF
:108F1000C091F606D091F7067E01D7FF03C0D19528
:108F2000C195D109CE010F9460BA0FE010E0081B83
:108F3000190BCE0101978C239D23892B09F44FC077
:108F4000C8010197CC24C394D12CB60102C0660F8E
:108F5000771F8A95E2F790E080E0CB0177276627BC
:108F60009E0150E040E00F940BBAC901C29FF0018E
:108F7000C39FF00DD29FF00D1124DE01AE0FBF1F75
:108F8000002E02C0CC0CDD1C0A94E2F7AC15BD0526
:108F9000B8F401500196F7FE04C0006891958195E0
:108FA0009109909367058093660500936805DF91AA
:108FB000CF911F910F91FF90EF90DF90CF90089588
:108FC000880F991F442755274E1B5F0B9A01220FCC
:108FD000331F2C173D0748F001960064DBCFBF2DEF
:108FE000B0780B2B90E080E0DCCF24173507A8F792
:108FF0000196F3CFCF92DF92EF92FF92CF93DF9360
:109000008091491E80FF7DC0C090E11C24E6C29E75
:109010007001112440914A1E50914B1E4E155F0560
:1090200008F078C06091BF0A7091C00A8091C10AAF
:109030009091C20A672B682B692B09F462C080915A
:10904000EB069091EC06A091ED06B091EE06892B0F
:109050008A2B8B2B09F455C0F894C091F606D09159
:10906000F7066091E5067091E6068091E70690911B
:10907000E806C090E106D090E206E090E306F090AA
:10908000E4066C197D098E099F090E945E4CC09010
:10909000BF0AD090C00AE090C10AF090C20A2091A5
:1090A000EB063091EC064091ED065091EE06C21AA7
:1090B000D30AE40AF50A7894DE0120E83DE84BE59E
:1090C00050E00F9403BAA7019601220F331F441FEB
:1090D000551F220F331F441F551F220F331F441FDC
:1090E000551F2C0D3D1D4E1D5F1D220F331F441FAC
:1090F000551F220F331F441F551F0F940BBAC90170
:1091000002C090E080E0DF91CF91FF90EF90DF9080
:10911000CF90089580E0DF91CF91FF90EF90DF90A6
:10912000CF900C942D50CF92DF92EF92FF92CF937D
:10913000DF938091491E80FF7DC0C090E11C24E632
:10914000C29E7001112440914A1E50914B1E4E1533
:109150005F0508F078C06091BF0A7091C00A8091E5
:10916000C10A9091C20A672B682B692B09F462C06F
:109170008091EB069091EC06A091ED06B091EE0681
:10918000892B8A2B8B2B09F455C0F894C091F606D5
:10919000D091F7066091E5067091E6068091E706AA
:1091A0009091E806C090E106D090E206E090E306D8
:1091B000F090E4066C197D098E099F090E945E4CAF
:1091C000C090BF0AD090C00AE090C10AF090C20AD5
:1091D0002091EB063091EC064091ED065091EE06A1
:1091E000C21AD30AE40AF50A7894DE0120E83DE8C1
:1091F0004BE550E00F9403BAA7019601220F331FED
:10920000441F551F220F331F441F551F220F331FAA
:10921000441F551F2C0D3D1D4E1D5F1D220F331F7A
:10922000441F551F220F331F441F551F0F940BBAA5
:10923000C90102C090E080E0DF91CF91FF90EF90F4
:10924000DF90CF90089580E0DF91CF91FF90EF9075
:10925000DF90CF900C942D508091460C807380331A
:1092600009F0B1C028E631E03093170220931602CE
:109270004091540B5091550B569547955093550B73
:109280004093540B3091440C32953F70363009F4C2
:109290003FC0383009F464C0343009F094C05091B4
:1092A0004B1D5670C9F42AE636E03093F710209330
:1092B000F61040E454E05093F9104093F81064EA3B
:1092C00070E07093E1106093E010A6E5B1E0B09318
:1092D000E310A093E21018C066EB71E07093F710F2
:1092E0006093F610ACE0B6E0B093F910A093F810DC
:1092F000E2EDF4E0F093E110E093E01084E994E013
:109300009093E3108093E21072E0709310025BC0C0
:1093100026EB31E03093F7102093F6104CE056E046
:109320005093F9104093F8106AE671E07093E110E1
:109330006093E010A4E7B4E0B093E310A093E210D0
:10934000E4E8F5E0F093CB10E093CA1080EF93E0EF
:109350009093CD108093CC10B3E0B093100233C043
:10936000E4EAF2E0F093F710E093F61082E491E083
:109370009093F9108093F8102EE835E03093E110C7
:109380002093E0104EEF54E05093E3104093E2102E
:1093900060E273E07093CB106093CA10ACE1B6E06A
:1093A000B093CD10A093CC10EAE5F6E0F093B510A1
:1093B000E093B4108AE096E09093B7108093B610D3
:1093C00094E090931002F091DC1CFC71FC3009F0E9
:1093D00086C028E631E030930F0220930E025091B0
:1093E000440C52955F70252F30E0359527952093DA
:1093F00011025630F9F0583009F441C0543009F0E8
:109400006EC04CE752E050936810409367106AE7D3
:1094100070E070936A1060936910A2E3B1E0B093BA
:109420004910A0934810E8EAF6E0F0934B10E0935F
:109430004A1008954AE154E0509368104093671031
:109440006CE371E070936A1060936910A8E3B6E072
:10945000B0934910A0934810E6E3F3E0F0934B106B
:10946000E0934A108AE492E090932A1080932910A6
:1094700020E733E030932C1020932B10089586EBD7
:1094800090E0909368108093671028E136E0309365
:109490006A102093691046E156E0509349104093BA
:1094A000481062EB70E070934B1060934A10AEE985
:1094B000B3E0B0932A10A0932910E4ECF0E0F0930D
:1094C0002C10E0932B1084ED95E090930B1080937B
:1094D0000A102EE734E030930D1020930C100895FD
:1094E000F8948091460C8073803309F08CC04091D1
:1094F000160250911702403D524009F484C0209159
:10950000F310233009F47FC03091DD10333009F4BB
:109510007AC05091C710533009F475C06091B110F2
:10952000633009F470C070919B10733009F46BC004
:1095300090918510933009F466C0A0EDB2E0B0932D
:109540001702A0931602E091540BF091550BEE0F09
:10955000FF1FF093550BE093540B86E091E090933E
:10956000F7108093F6104CEF50E05093F9104093B1
:10957000F8102CEE30E03093E1102093E0106CEB0B
:1095800072E07093E3106093E210A8EFB2E0B09342
:10959000CB10A093CA10ECEEF3E0F093CD10E09363
:1095A000CC1084E095E09093B5108093B41046E61B
:1095B00053E05093B7104093B61028E332E0309355
:1095C0009F1020939E106CE374E07093A110609341
:1095D000A010A8E0B4E0B0938910A0938810E0E553
:1095E000F1E0F0938B10E0938A10B091440CB295A7
:1095F000BF70B63031F0B83019F0B43021F401C08A
:10960000B8E0B09310027894F091DC1CFC71FC304F
:1096100009F099C080910E0290910F02803D924016
:1096200009F491C030916610333009F48CC0509128
:109630004710533009F487C070912810733009F433
:1096400082C040ED52E050930F0240930E02909181
:10965000440C92959F70909311029630F9F09830D7
:1096600009F441C0943009F06EC026E035E0309333
:1096700068102093671062E472E070936A10609340
:109680006910AEE7B3E0B0934910A0934810E4E945
:10969000F5E0F0934B10E0934A10089526E035E092
:1096A000309368102093671062E472E070936A1040
:1096B00060936910AEE7B3E0B0934910A0934810EF
:1096C000E4E9F5E0F0934B10E0934A108EE591E069
:1096D00090932A108093291044E655E050932C1063
:1096E00040932B10089586E095E090936810809346
:1096F000671042E452E050936A10409369102EE7DD
:1097000033E0309349102093481064E975E070937A
:109710004B1060934A10AEE5B1E0B0932A10A093CD
:109720002910E4E6F5E0F0932C10E0932B1089EE7D
:109730009FEF90930B1080930A1045E95FEF5093D1
:109740000D1040930C1008951F93CF93DF938091D9
:10975000BF07EDEFE80FC0E0E33120F4F0E0EE5B8F
:10976000FD4FC081E091C307E350D0E0E33120F426
:10977000F0E0EE5BFD4FD081E091C107E35010E0D7
:10978000E33120F4F0E0EE5BFD4F10810F948D7A11
:109790008091C3070F948D7A8091C1070F948D7AC1
:1097A0008C2F0F9446888D2F0F944688812F0F940D
:1097B00046881092BE071092C2071092C0074091CF
:1097C000D51CE42FE695E695E695EC3110F00C9467
:1097D0007BD4F0E08827E051F4438F4F0D9458BAC2
:1097E0000CCC7CCCA7CCE6CC47CD78CDACCDE0CDB5
:1097F0005ACE2ECF6ACFFECF2AD0A1D0D5D000D15D
:1098000059D1EBD17DD2B1D2EDD229D365D39ED33C
:10981000CFD305D450D4AFCE0E948F35A2E6B9E4A1
:10982000B0930502A093040287EA91E290930902A3
:109830008093080244E850E25093070240930602E6
:1098400060E973E57093190260931802E4EEFFE19A
:10985000F0931302E093120224EA3FE130931502E1
:10986000209314025091D51C50FD04C073E07093F6
:10987000BE0703C032E03093BE079091D61C90FD26
:1098800004C0F3E0F093C20703C0B2E0B093C20794
:10989000A091361EA7FD04C043E04093C00703C05B
:1098A00082E08093C0074091BE0750E062E679E411
:1098B0008C2F0F94B27DC091270BC3FF0AC040913B
:1098C000C20750E060910802709109028D2F0F9439
:1098D000B27DD091361ED6FD02C00C949CD440912E
:1098E000C00750E06091060270910702812FDF915E
:1098F000CF911F910D94B27D0E9413344AEC56E42F
:10990000509305024093040266E373E570931902D5
:1099100060931802E0E0FCE1F0931302E09312027E
:1099200026EF3AE13093150220931402D091D51C12
:10993000D0FD04C013E01093BE0703C0F2E0F09323
:10994000BE074091BE0750E06AEC76E4EFC70E9484
:10995000AD3443E258E4509305024093040262EFB1
:109960007DE17093090260930802E3E7F3E5F09369
:109970001902E093180224E63DE13093130220938C
:109980001202A8E2BDE1B0931502A0931402509117
:10999000D51C50FD04C073E07093BE0703C032E0D5
:1099A0003093BE079091D61C90FD04C0B3E0B093F5
:1099B000C20703C082E08093C2074091BE0750E017
:1099C00063E278E48C2F0F94B27D5DC76CE370E0A6
:1099D0007093F7066093F606D091270BDE7FD09345
:1099E000270B7091270B7D7F7093270B9091270B8E
:1099F000977F9093270B2091F6063091F706A5E00C
:109A0000BDE00F942DBA60930A0270930B0280930D
:109A10000C0290930D02E6E3F3E4F0930502E09369
:109A2000040221E532E53093190220931802A6E6DC
:109A3000BAE1B0931302A09312028CE39AE19093DF
:109A400015028093140240FD08C043E050E066E335
:109A500073E48C2F0F94B27D07C042E050E066E3C0
:109A600073E48C2F0F94B27DB091D51CB0FD04C06F
:109A700013E01093BE0703C0F2E0F093BE074091DD
:109A8000BE0750E060910402709105024FC70E942A
:109A900022334DEB5EE35093050240930402EAE16A
:109AA000F9E1F0930902E093080220E632E53093F1
:109AB000190220931802A6E5B8E1B0931302A0930F
:109AC000120280E098E1909315028093140251E015
:109AD0005093BE0732E03093C207C83008F0D3C6B7
:109AE00041E050E06DEB7EE38C2F0F94907ECBC66F
:109AF0000E94533240E257E1509305024093040222
:109B0000E8E1F7E1F0930902E09308022DE532E580
:109B10003093190220931802ABE9B6E1B093130217
:109B2000A09312028AE996E19093150280931402A1
:109B3000B091D51CB0FD04C013E01093BE0703C064
:109B4000F2E0F093BE0761E06093C2074091BE0768
:109B500050E060E277E194C60E94D231E1EEF5E494
:109B6000F0930502E093040225E936E130930902FF
:109B700020930802AAE5B2E5B0931902A093180257
:109B80008CE196E190931302809312026BE176E1EF
:109B900070931502609314025091D51C50FD04C0BF
:109BA00073E07093BE0703C032E03093BE0791E0CC
:109BB0009093C2074091BE0750E061EE75E460C625
:109BC000A8E0B0E0B093F706A093F6066FEF70E060
:109BD0007093EA066093E9061092340A88E190E0F7
:109BE000A0E0B0E08093F0069093F106A093F20617
:109BF000B093F30661E473E080E090E06093DD06EB
:109C00007093DE068093DF069093E0062091F606BF
:109C10003091F706A5E0BDE00F942DBA60930A02DB
:109C200070930B0280930C0290930D023091270BDE
:109C30003E7F3093270B7091270B72607093270B38
:109C40009091270B90649093270BB091270BB860ED
:109C5000B093270BE2EFF4E4F0930502E0930402E3
:109C60002CED35E13093090220930802A7E5B2E517
:109C7000B0931902A093180281E595E19093130225
:109C80008093120260E575E17093150260931402EF
:109C900040FD04C0F3E0F093BE0703C042E04093F0
:109CA000BE0713E01093C2074091BE0750E062EF79
:109CB00074E4E6C5EEE1F0E0F093F706E093F60613
:109CC0002091F6063091F706A5E0BDE00F942DBA7D
:109CD00060930A0270930B0280930C0290930D0222
:109CE0009091270B9E7F9093270BB091270BBD7F00
:109CF000B093270B2091270B277F2093270BA7E4F6
:109D0000B4E1B0930502A093040266E474E1709399
:109D100009026093080284E592E59093190280930A
:109D20001802E5ECF3E1F0931302E093120224EC45
:109D300033E1309315022093140240FD04C013E078
:109D40001093BE0703C0F2E0F093BE0751E05093BA
:109D5000C2074091BE0750E067E474E191C56FE02F
:109D600070E07093F7066093F6062091F606309146
:109D7000F706AAE1B1E40F942DBA60930A0270933A
:109D80000B0280930C0290930D021091270B1E7F03
:109D90001093270BE091270BED7FE093270B209189
:109DA000270B277F2093270B8AE890E0A0E0B0E004
:109DB0008093F0069093F106A093F206B093F30619
:109DC0001092BF0A1092C00A1092C10A1092C20AE1
:109DD0001092EA061092E9061092E5061092E60645
:109DE0001092E7061092E8061092E1061092E20641
:109DF0001092E3061092E4061092A9061092AA06A9
:109E00001092AB061092AC061092A806A9EABDE427
:109E1000B0930502A093040243EC53E1509309026E
:109E2000409308026CE773E1709319026093180283
:109E3000E0EEF2E1F0931302E09312022FED32E133
:109E4000309315022093140253E05093BE075093B1
:109E5000C20743E050E069EA7DE412C50E942F3159
:109E6000E1EBFBE3F0930502E09304022CE032E126
:109E70003093090220930802ABE7B1E5B0931902D1
:109E8000A093180261E871E17093130260931202CB
:109E900086E191E19093150280931402F091D51C14
:109EA000F0FD04C053E05093BE0703C012E01093CE
:109EB000BE073091D61C30FD04C043E04093C2077A
:109EC00003C072E07093C2074091BE0750E061EB9F
:109ED0007BE3D6C48CE690E09093F7068093F60679
:109EE00063E670E07093EA066093E9061092330A25
:109EF0001092320A1091270B1E7F1093270B50915E
:109F0000270B52605093270BECE5F1E0F093AE067F
:109F1000E093AD0620E630E03093B0062093AF0624
:109F2000A8EAB0E0B093B206A093B10684E191E054
:109F30009093B4068093B3062091F6063091F7060D
:109F4000A5E0BDE00F942DBA60930A0270930B0256
:109F500080930C0290930D026CED75E080E090E030
:109F60006093F0067093F1068093F2069093F306E7
:109F700081E493E0A0E0B0E08093DD069093DE06FC
:109F8000A093DF06B093E0063091270B3061309349
:109F9000270B7091270B78607093270BEEE6F8E2A1
:109FA000F0930502E093040223E530E130930902C7
:109FB00020930802A9E0B1E5B0931902A09318021A
:109FC0006BED7FE070931302609312028AED9FE0C5
:109FD000909315028093140240FD04C093E0909387
:109FE000BE0703C042E04093BE07B2E0B093C20791
:109FF0004091BE0750E06EE678E242C40E94CD3048
:10A0000083E298E4909305028093040262EF7DE17D
:10A010007093090260930802E9EEF0E5F0931902EB
:10A02000E09318022FE53FE03093130220931202D1
:10A03000AEE5BFE0B0931502A09314027091D51C59
:10A0400070FD04C0B3E0B093BE0736C392E09093B6
:10A05000BE0732C389E090E0A0E0B0E08093F00654
:10A060009093F106A093F206B093F30661E473E0D7
:10A0700080E090E06093DD067093DE068093DF065B
:10A080009093E0061092330A1092320AE091270B67
:10A09000EE7FE093270BF091270BF260F093270BF4
:10A0A0001091270B18601093270B21E030E03093BC
:10A0B000EA062093E906A2E0B0E0B093F706A09389
:10A0C000F6062091F6063091F706A5E0BDE00F9464
:10A0D0002DBA60930A0270930B0280930C02909346
:10A0E0000D028BEC9AE390930502809304026AE6DA
:10A0F0007EE07093090260930802EEEDFCE4F093B9
:10A100001902E093180224ED3DE0309313022093EE
:10A110001202A4E7BDE0B0931502A093140240FD23
:10A1200004C043E04093BE0703C052E05093BE0713
:10A1300031E03093C2074091BE0750E06BEC7AE308
:10A140009FC30E943D3088EB98E390930502809373
:10A15000040243ED5CE0509309024093080225EAB3
:10A1600030EB309319022093180268EB7FEA70936A
:10A17000130260931202A1E6BFEAB0931502A09306
:10A1800014023091D51C30FD04C093E09093BE07BB
:10A1900003C072E07093BE07B2E0B093C207409173
:10A1A000BE0750E068EB78E36BC30E94D8AE27E5AA
:10A1B00039EA30930502209304026CE770EB709348
:10A1C000190260931802AEE5BEEAB0931302A093A1
:10A1D0001202EDE5FEEAF0931502E0931402F0910D
:10A1E000D51CF0FD04C053E05093BE0703C012E03D
:10A1F0001093BE074091BE0750E067E579EA96C329
:10A200001092F7061092F606D091270BDE7FD093BE
:10A21000270B3091270B3D7F3093270B7091270B35
:10A22000777F7093270B2CE23DE043E050E02093D2
:10A230000A0230930B0240930C0250930D0290914E
:10A24000491E91FD0AC00F9452866093BF0A709315
:10A25000C00A8093C10A9093C20A6CED75E080E059
:10A2600090E06093F0067093F1068093F20690936D
:10A27000F306A4EEBCEAB0930502A0930402EAEF51
:10A28000F7ECF0931902E09318028FEE98EA90939E
:10A290001302809312024EEE58EA50931502409337
:10A2A0001402B3E0B093BE0743E050E064EE7CEAF2
:10A2B0003DC3AAE0B0E0B093F706A093F606EEE146
:10A2C000F0E0F093F506E093F4068CE590E0A0E072
:10A2D000B0E08093F0069093F106A093F206B0935D
:10A2E000F3063091270B3E7F3093270B7091270B9D
:10A2F0007D7F7093270B9091270B98609093270B8D
:10A300008091DF1C90E0959587958093EF061092E1
:10A31000EB061092EC061092ED061092EE061092EB
:10A32000EA061092E9061092E5061092E6061092EF
:10A33000E7061092E8061092E1061092E2061092EB
:10A34000E3061092E4062091F6063091F706AAE0A3
:10A35000BAE10F942DBA60930A0270930B028093B6
:10A360000C0290930D0228EA31EC30930502209301
:10A3700004026DEE78EA7093090260930802A7EB7D
:10A38000B0EBB0931902A0931802E4EEFFE1F09352
:10A390001302E093120285E498EA909315028093E9
:10A3A000140240FD04C0B3E0B093BE0703C042E016
:10A3B0004093BE07F091D61CF0FD04C053E05093CB
:10A3C000C20703C012E01093C2074091BE0750E0DD
:10A3D00068EA71EC55C28AE090E09093F7068093AA
:10A3E000F60621E230E03093F5062093F4066CE5A2
:10A3F00070E080E090E06093F0067093F106809347
:10A40000F2069093F3063091270B3E7F3093270B93
:10A410007091270B7D7F7093270B9091270B98608D
:10A420009093270B8091DF1C90E095958795809302
:10A43000EF061092EB061092EC061092ED061092C9
:10A44000EE061092EA061092E9061092E5061092C6
:10A45000E6061092E7061092E8061092E1061092C6
:10A46000E2061092E3061092E4062091F60630917F
:10A47000F706AAE0BAE10F942DBA60930A0270932E
:10A480000B0280930C0290930D02ABE8B1EBB093FA
:10A490000502A0930402E7EAF1E2F0930902E093D7
:10A4A00008028DE691EB909319028093180224EE36
:10A4B0003FE130931302209312026FE174E970932D
:10A4C00015026093140240FD04C0B3E0B093BE07D0
:10A4D00003C042E04093BE07F091D61CF0FD04C0DB
:10A4E00053E05093C20703C012E01093C20740919B
:10A4F000BE0750E06BE871EBC3C10E94BCA78AE7BE
:10A5000090EC90930502809304022EE637EA309394
:10A5100009022093080262EA70EB709319026093BB
:10A520001802A3EEB6EAB0931302A0931202EDEA6A
:10A53000F6EAF0931502E0931402B091D51CB0FD39
:10A5400004C013E01093BE0703C0F2E0F093BE070F
:10A5500052E05093C2074091BE0750E06AE770ECAA
:10A560008FC10E94AD3486EF9EEB909305028093DD
:10A57000040228E335EA309309022093080263E7D6
:10A5800073E57093190260931802A4E6BDE1B093DD
:10A590001302A0931202E8E2FDE1F0931502E093AA
:10A5A00014021091D51C10FD04C033E03093BE0797
:10A5B00003C052E05093BE077091D61C70FD04C0DA
:10A5C00093E09093C20703C042E04093C2074091DA
:10A5D000BE0750E066EF7EEB53C10E940FC782E6D4
:10A5E00099E490930502809304022EE733EA3093B6
:10A5F00009022093080263E571EB709319026093DE
:10A600001802AEEDB2EAB0931302A0931202E3EA8D
:10A61000F2EAF0931502E09314023091D51C30FD5C
:10A6200004C043E04093BE0703C072E07093BE07CE
:10A630009091D61C90FD04C0F3E0F093C20703C0D4
:10A64000B2E0B093C2074091BE0750E062E679E401
:10A6500017C10E94AEA123E238E430930502209393
:10A66000040265EE76E97093090260930802A3E79D
:10A67000B3E5B0931902A0931802E4E6FDE1F0936C
:10A680001302E093120248E25DE1509315024093F9
:10A6900014029091D51C90FD04C0F3E0F093BE0726
:10A6A00003C0B2E0B093BE071091D61C10FD04C0E9
:10A6B00053E05093C20703C0F2E0F093C207409109
:10A6C000BE0750E063E278E4DBC00E9479C527EB67
:10A6D0003BEB30930502209304026DE371EB709322
:10A6E000190260931802A4EEBFE1B0931302A09385
:10A6F0001202E1EBFDE9F0931502E093140251E040
:10A700005093BE073091440C307F303449F48FE2CF
:10A7100090EA90930902809308025093C20709C0FF
:10A720004DEE5DE9509309024093080272E0709388
:10A73000C20741E050E067EB7BEBA2C00E94A19C06
:10A74000A6EBBAEAB0930502A0930402E3E9F8ECA1
:10A75000F0931902E093180246E15CE9509313026A
:10A760004093120285E19CE99093150280931402B4
:10A77000F091D51CF0FD04C011E01093BE0702C09B
:10A780001092BE07C83008F0D7C041E050E066EB39
:10A790007AEA8C2FDF91CF911F910D94907E0E94C9
:10A7A00091C4E0ECF9EBF0930502E093040240E978
:10A7B00053E5509319024093180284EE9FE1909361
:10A7C00013028093120225ED3BE93093150220938A
:10A7D0001402D091D51CD0FD04C073E07093BE0765
:10A7E00003C052E05093BE076091D61C60FD04C0C8
:10A7F000B3E0B093C20703C092E09093C2074091C8
:10A80000BE0750E060EC79EB91C00E94A29AE8EF9D
:10A81000F6EBF0930502E09304024EEF50EB5093F9
:10A820001902409318028CE294E9909315028093E8
:10A8300014022DE937E9309309022093080264EEEF
:10A840007FE170931302609312029091D51C90FDEA
:10A8500004C0F3E0F093BE0703C0B2E0B093BE07BC
:10A860001091D61C10FD04C033E03093C20703C022
:10A87000A2E0A093C2074091BE0750E068EF76EBDC
:10A880008C2F0F94B27D4091C20750E06091080276
:10A89000709109028D2FDF91CF911F910D94B27DA0
:10A8A0000E94D79986E393EB90930502809304026C
:10A8B0002FE730EB309319022093180268E579E90D
:10A8C0007093130260931202AAE4B6E9B0931502E2
:10A8D000A09314023091D51C30FD04C073E0709336
:10A8E000BE0703C052E05093BE074091BE0750E040
:10A8F00066E373EB1BC082E699E4909305028093B4
:10A900000402A0E9B3E5B0931902A093180264EE23
:10A910007FE1709313026093120240FD03C043E095
:10A9200050E002C042E050E062E679E48C2FDF9113
:10A93000CF911F910D94B27DDF91CF911F9108951A
:10A940001F920F920FB60F9211240BB60F922F93F6
:10A950003F934F935F938F939F93EF93FF939091C8
:10A960006D078091B41FE0916A07F0916B079923FE
:10A9700061F187FD59C020916C07508120952523F6
:10A9800020839091B41F96FF09C030916907E09130
:10A990006707F09168074081432B408380918400D2
:10A9A000909185002091630730916407E0916507DD
:10A9B000F09166078E0F9F1F821B930B90938D0063
:10A9C00080938C0010926D0720C087FD41C02091BC
:10A9D0006C078081822B8083F091B41FF6FD4CC000
:10A9E000809184009091850020915F0730916007ED
:10A9F000820F931F90938D0080938C003093640797
:10AA00002093630751E050936D07FF91EF919F9161
:10AA10008F915F914F913F912F910F900BBE0F90AF
:10AA20000FBE0F901F90189590916C073081392BB5
:10AA30003083F091B41FF6FFB1CF40916907E091E8
:10AA40006707F09168078081409548234083A6CF2F
:10AA500020916C0730812095232320834091B41FDF
:10AA600046FFBECF50916907E0916707F0916807F4
:10AA70009081952B9083B4CF30916907E09167075F
:10AA8000F09168074081309534233083A9CFCF936C
:10AA9000DF939091B41F892F87702EEF280F2230FB
:10AAA00008F455C03CEF380F323060F0873051F079
:10AAB000F091951EFF7BF093951E1092BF1EDF91C3
:10AAC000CF91089540914A07413009F45FC05091F9
:10AAD0004A07523009F45AC08091B61F90E0BC0179
:10AAE000660F771F860F971FC0914407D0914507C7
:10AAF000C817D90708F0ADC060914F0D609561701F
:10AB00008091B0070F94028660E08091AE070F94A9
:10AB1000028661E08091AF070F9402860F945286FF
:10AB200060934B0770934C0780934D0790934E07AB
:10AB3000F1E0F0934A078091440790914507019610
:10AB40009093450780934407F0934307B1CF30912A
:10AB50006F00377F30936F0097FD63C0A0916C0743
:10AB6000C0916A07D0916B07B881A095AB23A883E9
:10AB7000D091B41FD6FF9CCF90916907E0916707F1
:10AB8000F09168078081892B808392CF60914A077A
:10AB9000C0914107D0914207613021F0C0913F0739
:10ABA000D09140070F945286AB01BC0180914B07B6
:10ABB00090914C07A0914D07B0914E078C0F9D1FAF
:10ABC000A11DB11D84179507A607B70708F070CF20
:10ABD00070914A07713009F47DC010924A07A09124
:10ABE0004F0DA7FD79CFE0914607F09147072091DF
:10ABF0004807309149078091B71F90E0A901481B91
:10AC0000590BE417F5070CF467CF820F931F8E17CB
:10AC10009F070CF461CF61E08091AE070F9402862C
:10AC20005BCF50916C07C0916A07D0916B07788118
:10AC3000752B78832091B41F26FF3ACF4091690786
:10AC4000E0916707F0916807608140954623408353
:10AC50002FCF6091681E7091691E685D7F4F8FE4F1
:10AC600097E00F946F47DC01AA0FBB1F8A0F9B1F51
:10AC70009093490780934807B0918C1EB11121C071
:10AC80002091500D30E0F901EE0FFF1F2E0F3F1FF6
:10AC9000281739072CF43093490720934807C90136
:10ACA000880F991F880F991F092E000CAA0BBB0B48
:10ACB0008093091190930A11A0930B11B0930C117A
:10ACC000F7CED0915A0C8D0F911D90934907809328
:10ACD0004807D6CF60E08091AF070F9402860F94AB
:10ACE000528660934B0770934C0780934D07909367
:10ACF0004E0792E090934A07DBCE4F925F926F929D
:10AD00007F928F929F92AF92BF92CF92DF92EF92FB
:10AD1000FF920F931F93CF93282F80916F00877F0F
:10AD200080936F008091B20790E0FC01EF54F74EE2
:10AD3000E491F0E0EE0FFF1FE358F74EA591B491B8
:10AD4000B0936B07A0936A07FC01E950F74EE491BA
:10AD5000E0936C078091B10790E0FC01EF54F74E4F
:10AD6000E491F0E0EE0FFF1FE358F74E4591549148
:10AD70005093680740936707FC01E950F74E4490F1
:10AD800040926907C091B41FEC2FE770E150E730A3
:10AD900008F0E2C0F0E08827EF52F9428F4F0D949F
:10ADA00058BA69D97ED9C5D962DAF8D7C7D8D8D602
:10ADB0009AE090930A07F8E0F0930807F0930907E8
:10ADC0000AE81FE110930C0700930B078EE99FE13F
:10ADD00090930E0780930D07B4E0B0935107F09362
:10ADE0004F07F0935007E8EAFFE1F0935307E09331
:10ADF000520760EB7FE17093550760935407C69547
:10AE0000C695C695C770A8EEB3E0CA9F7001CB9FE8
:10AE1000F00C1124F0924207E0924107C0914F0DCF
:10AE2000C695C770CA9F4001CB9F900C1124909289
:10AE3000400780923F07222351F01092450710925D
:10AE40004407109247071092460710924A07209134
:10AE50003311309134112A3F310591F14AEF50E01E
:10AE600050933411409333112091111130911211EC
:10AE70002F5F3F4F40910F11509110114F5F5F4F67
:10AE800060910D1170910E116F5F7F4F8DE091E118
:10AE90000F94B57A2091111130911211215031097E
:10AEA00040910F11509110114150510960910D11B5
:10AEB00070910E11615071098DE091E10F94B57A96
:10AEC00000915E0C802F90E08C01000F111F080F85
:10AED000191F000F111F000F111F012E000C220B54
:10AEE000330B40915D0C842F90E0AC01440F551F53
:10AEF000480F591F440F551F440F551F052E000CB6
:10AF0000660B770B8DE091E10F9420672091771FFE
:10AF100030E04091761F50E06091751F70E08DE049
:10AF200091E10F94B57A80913D11882309F482C391
:10AF300011E010933D1130917C1F3D7F30937C1FB9
:10AF40001092091110920A1110920B1110920C110B
:10AF50008DE091E10F94E0665090960C51FE37C061
:10AF60001092020271E070933E0761E08091A507A4
:10AF70007090590C77FC37C01092021F90E0FC01D2
:10AF8000EF54F74EE491F0E0EE0FFF1FE358F74E59
:10AF9000259134918950974EFC0194909092060728
:10AFA0009091B41F9770909303021092BF1ECF919F
:10AFB0001F910F91FF90EF90DF90CF90BF90AF90D7
:10AFC0009F908F907F906F905F904F90089551E089
:10AFD0005093020210923E0760E08091A5077090A6
:10AFE000590C77FEC9CF0F9402868091A507C4CF74
:10AFF00004E00093510718E010934F071093500797
:10B0000068EA7FE1709353076093520780EB9FE1FA
:10B010009093550780935407C695C695C695C770FB
:10B02000A8EEB3E0CA9F3001CB9F700C1124709240
:10B0300042076092410730914F0D369537703A9F25
:10B0400040013B9F900C11249092400780923F0753
:10B05000222351F01092450710924407109247079F
:10B060001092460710924A07209133113091341103
:10B070002A3F310591F1EAEFF0E0F0933411E093CB
:10B08000331120911111309112112F5F3F4F4091D8
:10B090000F11509110114F5F5F4F60910D11709122
:10B0A0000E116F5F7F4F8DE091E10F94B57A209183
:10B0B0001111309112112150310940910F1150910D
:10B0C00010114150510960910D1170910E11615094
:10B0D00071098DE091E10F94B57A00915E0C802F9B
:10B0E00090E08C01000F111F080F191F000F111F96
:10B0F000000F111F012E000C220B330B40915D0C31
:10B10000842F90E0AC01440F551F480F591F440F86
:10B11000551F440F551F052E000C660B770B8DE055
:10B1200091E10F9420672091771F30E04091761FC6
:10B1300050E06091751F70E08DE091E10F94B57A59
:10B1400080913D11882309F470C281E080933D1104
:10B1500080917C1F8D7F80937C1F80918B1E282F78
:10B1600030E0C901880F991F820F931F092E000C30
:10B17000AA0BBB0B8093091190930A11A0930B119A
:10B18000B0930C118DE091E10F94E066E5CE2AE0DA
:10B1900020931F0748E040931D0740931E0704E9D2
:10B1A0001FE110932107009320078EE99FE1909300
:10B1B00023078093220734E03093300740932E0713
:10B1C00040932F076CEA7FE1709332076093310759
:10B1D000A0EBBFE1B0933407A093330740906F1FFB
:10B1E00050E2459E9001112450E040E060E472E49A
:10B1F0008FE090E00F94D9B93093660720936507EC
:10B200005901AA0CBB1CAA0CBB1C20915E0C30E09F
:10B21000D5010F942DBA61157105F1E08F079105E5
:10B2200008F0BDC16E5C7F4F9B0136952795369522
:10B230002795ABE7B4E10F942DBA969587952C012D
:10B24000712C612C20915D0C30E0D5010F942DBA4A
:10B250006115710521E08207910508F088C16E5CD7
:10B260007F4F9B013695279536952795ABE7B4E13F
:10B270000F942DBA96958795AC0170E060E093012C
:10B2800082018DE091E10F9420672091771F30E0DB
:10B290004091761F50E06091751F70E08DE091E164
:10B2A0000F94B57A60903D11662009F4CDC171E02C
:10B2B00070933D111092091110920A1110920B1106
:10B2C00010920C118DE091E10F94E06610921C0732
:10B2D00043CEE091681EF091691EB896B090B51FFC
:10B2E000BE161F0609F00CF437CED0906C07FC9008
:10B2F000FD28FC9211E0109343072ECE5AE05093A4
:10B300001F0778E070931D0770931E0704E91FE183
:10B3100010932107009320078EE99FE19093230764
:10B320008093220794E09093300770932E077093D8
:10B330002F076CEA7FE17093320760933107A0EB2F
:10B34000BFE1B0933407A093330790906F1FF0E2F2
:10B350009F9E9001112450E040E060E472E48FE091
:10B3600090E00F94D9B93093660720936507C770B2
:10B37000BEEFBC0FB23018F0C63009F0EDCDC09171
:10B380006F00C860C0936F00E7CDC4E0C093300782
:10B3900018E010932E0710932F072CEA3FE130930B
:10B3A000320720933107E0EBFFE1F0933407E0939D
:10B3B000330750906F1F30E2539E9001112450E0EC
:10B3C00040E060E472E48FE090E00F94D9B93093EC
:10B3D0006607209365077901EE0CFF1CEE0CFF1C3D
:10B3E00020915E0C30E0D7010F942DBA61157105E4
:10B3F000E1E08E07910508F001C16E5C7F4F9B0173
:10B400003695279536952795ABE7B4E10F942DBA7D
:10B41000969587952C01712C612C20915D0C30E064
:10B42000D7010F942DBA61157105F1E08F079105D1
:10B4300008F0CCC06E5C7F4F9B0136952795369502
:10B440002795ABE7B4E10F942DBA96958795AC019B
:10B4500070E060E0930182018DE091E10F9420673C
:10B460002091771F30E04091761F50E06091751F6A
:10B4700070E08DE091E10F94B57A70903D117720E6
:10B4800009F4DDC081E080933D116091681E7091E8
:10B49000691E685D7F4F8EE297E00F946F47092E1B
:10B4A000000CAA0BBB0B8093091190930A11A09377
:10B4B0000B11B0930C118DE091E10F94E0661092A6
:10B4C0001C074ACD5AE050930A0778E070930807AA
:10B4D000709309074AE85FE150930C0740930B070C
:10B4E0000EE91FE110930E0700930D0794E090936F
:10B4F000510770934F077093500768EA7FE170938C
:10B5000053076093520780EB9FE190935507809318
:10B510005407C695C695C695C770A8EEB3E0CA9FF6
:10B520005001CB9FB00C1124B0924207A09241076A
:10B53000F0914F0DF695F770FA9F6001FB9FD00CCC
:10B540001124D0924007C0923F07222351F010925D
:10B550004507109244071092470710924607109231
:10B560004A07B0917C1FBD7FB0937C1FF5CC6E5C09
:10B570007F4F8F4F9F4F2EE33AE047ED53EA0F94F2
:10B5800088BA00E20F94B5BA6901BA01A601E6E0F3
:10B590007695679557954795EA95D1F770CE6E5C8D
:10B5A0007F4F8F4F9F4F2EE33AE047ED53EA0F94C2
:10B5B00088BA00E20F94B5BA29013A01B6E0769450
:10B5C000679457944794BA95D1F73CCE6E5C7F4F01
:10B5D0008F4F9F4F2EE33AE047ED53EA0F9488BA1E
:10B5E00000E20F94B5BA4901BA01A40116E07695BC
:10B5F0006795579547951A95D1F72CCF6E5C7F4F7D
:10B600008F4F9F4F2EE33AE047ED53EA0F9488BAED
:10B6100000E20F94B5BA29013A0136E076946794B6
:10B62000579447943A95D1F7F8CE8DE091E10F9475
:10B63000E0668BCD8DE091E10F94E06679CC8DE0F2
:10B6400091E10F94E0661ECF8DE091E10F94E066EA
:10B650002ECE2F923F924F925F926F927F928F9257
:10B660009F92AF92BF92CF92DF92EF92FF920F9391
:10B67000CF93DF9300D000D01F921F92CDB7DEB7DB
:10B680008091B41F877090910302891719F080E0B0
:10B690000E947DD6A0914A1EB0914B1EAB2B01F5A6
:10B6A00020907C1F21FC1CC03090590C37FC2AC014
:10B6B00010928C1EE091B41FE983E770E150E730EF
:10B6C00008F0FEC0F0E08827E759F4428F4F0D9450
:10B6D00058BAEADC0EDD6EDD65DDDDDC2ADEDDDCA0
:10B6E0000091B41F07702EEF200F223010F00630AB
:10B6F000D9F630916F00386030936F003090590C5C
:10B7000037FED6CF8091AC0736FC37C10F94D28577
:10B7100041E0892B09F037C140938C1E4090960C74
:10B7200040FEC8CF8091A507442309F424C360914B
:10B7300002020F94028651E05093021FBBCF70901B
:10B74000991E70FEFAC68090760D82FE27C6809103
:10B750004A1E90914B1E892B09F420C69090830CB1
:10B76000A0902D076091681E7091691E685D7F4FE3
:10B77000A91408F0C8C788E097E00F946F475C01F0
:10B780006091681E7091691E685D7F4F8FE497E03D
:10B790000F946F479C01220F331F820F931F6C0180
:10B7A000990FEE08FF0880912D0789839501220FDC
:10B7B000331F2A0D3B1D032E000C440B550B2C1977
:10B7C0003D094E095F09A82FB0E00F94F8B9209108
:10B7D000830C30E050E040E00F94D9B9C20ED31E84
:10B7E000E41EF51EC601D0924907C0924807209179
:10B7F000760D22FF04C069816F5F60932D07B090C2
:10B800008C1EBB2041F0D0905A0C8D0D911D909351
:10B81000490780934807E090670BEE2051F0F090C5
:10B82000121FF4FE06C08E0D911D90934907809360
:10B830004807B091B41FB695B695B695B77048EE67
:10B8400053E0B49F1001B59F300C11243092420791
:10B8500020924107F0914F0DF695F770F49FD001BB
:10B86000F59FB00D1124B0934007A0933F0720919E
:10B87000500D30E02901440C551C420E531E481651
:10B88000590624F4509249074092480740914607D0
:10B8900050914707F901EE0FFF1F2E0F3F1F2F3F5B
:10B8A000310509F008F482C5CA0197FD0196959506
:10B8B00087958093BF1E0E9432C49091B41F9983D4
:10B8C000F091941EF295F170F093070779817770EB
:10B8D0002EEF270F2230D0F07630C1F028960FB629
:10B8E000F894DEBF0FBECDBFDF91CF910F91FF90D7
:10B8F000EF90DF90CF90BF90AF909F908F907F9010
:10B900006F905F904F903F902F9008950091BF1ED1
:10B91000043670F4002309F435C23091951E30646A
:10B920003093951E60916F00686060936F00D6CF72
:10B93000A091951EA064A093951E90916F00977F93
:10B9400090936F00A980A7FC20C060906C07E091E5
:10B950006A07F0916B07B080B628B0828090B41F60
:10B9600086FEBCCF30906907E0916707F0916807C9
:10B970005081309435223082B1CF0F94D28541E08E
:10B98000892B09F0C9CE40E0C7CE70906C07E091DA
:10B990006A07F0916B07C08070947C207082E09001
:10B9A000B41FE6FE9BCF90906907E0916707F09186
:10B9B000680740804928408291CF0E94C3C38823F2
:10B9C00009F4E9C32090760D20FCB7C37090B41F32
:10B9D000798276CFA091681EB091691E9896909159
:10B9E000B51F9A171B0609F00CF4E5C160906C07AF
:10B9F000E0916A07F0916B07808086288082B1E031
:10BA0000B09343074091951E40644093951EF4E621
:10BA1000F093BF1EA090B41FA98252CF7090991EC0
:10BA200071FCE5C170FE47C26091681E7091691E8D
:10BA3000685D7F4F9090830CC0902D07C91408F06B
:10BA400033C48DE197E00F946F477C016091681ECD
:10BA50007091691E685D7F4F8EE297E00F946F478B
:10BA60004C01990FAA08BB08A0912D07A983970143
:10BA7000FF0C440B550B281939094A095B09B0E042
:10BA80000F94F8B92091830C30E050E040E00F941F
:10BA9000D9B9820E931EA41EB51E882D8092BF1E9A
:10BAA0006091760D62FF04C0B981BF5FB0932D072E
:10BAB000B090670BBB2009F4F3C3D090121FD4FCE5
:10BAC000ECC3F090B41FF982A3C10E94C3C38823C2
:10BAD00009F42AC35090B41F5982F2CE3091991EB6
:10BAE00031FDF8C030FFBCC030908B1E5AE0359E4F
:10BAF000C0011124B0E0A0E08093051190930611DD
:10BB0000A0930711B09308115090760D50FCEBC331
:10BB100040E050E0BA018DE091E10F942E7B882344
:10BB200009F48FC0C0900911D0900A11E0900B1158
:10BB3000F0900C112091670B60906507709066077C
:10BB4000222389F18090121F84FE2DC05301AA0C7C
:10BB5000BB1CAA0CBB1C30E0D5010F942DBA61159B
:10BB6000710521E08207910508F035C56E5C7F4FB5
:10BB70009B013695279536952795ABE7B4E10F9451
:10BB80002DBA96958795B0E0A0E08C0D9D1DAE1D59
:10BB9000BF1D6501F12CE12C8C159D05AE05BF057F
:10BBA00014F46C017D0180918C1E882379F11301BE
:10BBB000220C331C220C331C20915A0C30E0D10192
:10BBC0000F942DBA6115710521E08207910508F0E7
:10BBD00012C46E5C7F4F9B0136952795369527954D
:10BBE000ABE7B4E10F942DBA96958795B0E0A0E04D
:10BBF0008C0D9D1DAE1DBF1D6101F12CE12C8C151E
:10BC00009D05AE05BF0514F46C017D01A7019601E9
:10BC10005595479537952795559547953795279588
:10BC200020935F073093600740936107509362074A
:10BC3000A4E6B0E00F94F8B9A3010F94D044809328
:10BC4000BF1EE0911C07EF5FE0931C07D090B41F6C
:10BC5000D98236CE9090991E91FC3CC090FC43C195
:10BC6000F0907C1FF1FE2CCE6091681E7091691ED1
:10BC7000685D7F4F8EE297E00F946F478093BF1E01
:10BC8000A0916507B0916607282F30E00F942DBA78
:10BC90006115710521E08207910508F00CC36E5C07
:10BCA0007F4F9B013695279536952795ABE7B4E1F5
:10BCB0000F942DBA96958795B0E0A0E080935F072A
:10BCC00090936007A0936107B09362074091B41FFF
:10BCD0004983F6CD6091681E7091691E685D7F4F43
:10BCE0008EE297E00F946F478093BF1EA091650787
:10BCF000B0916607282F30E00F942DBA61157105B9
:10BD000021E08207910508F4DDC06E5C7F4F8F4F04
:10BD10009F4F2EE33AE047ED53EA0F9488BA00E2D2
:10BD20000F94B5BA49015A0146E0B694A794979486
:10BD300087944A95D1F780925F0790926007A0920E
:10BD40006107B0926207880C991CAA1CBB1C880C66
:10BD5000991CAA1CBB1C8092091190920A11A092F6
:10BD60000B11B0920C118DE091E10F94E066B0914F
:10BD7000B41FB983A5CD60913E070F94028610923F
:10BD8000021F98CC28960FB6F894DEBF0FBECDBF29
:10BD9000DF91CF910F91FF90EF90DF90CF90BF9008
:10BDA000AF909F908F907F906F905F904F903F905B
:10BDB0002F900C9447D530914307332309F480CD5D
:10BDC00030906C07E0916A07F0916B0750813094D6
:10BDD00035223082109243076091951E6F7B6093ED
:10BDE000951E1092BF1E5090B41F598269CD60916C
:10BDF000681E7091691E685D7F4F8EE297E00F9418
:10BE00006F478093BF1E10922D072091B41F298386
:10BE100070918C1E772329F000915A0C800F80932B
:10BE2000BF1E853640F5282F30E050E040E0A0915D
:10BE30006507B09166070F94F8B96115710521E0A7
:10BE40008207910500F56E5C7F4F9B013695279523
:10BE500036952795ABE7B4E10F942DBA9695879563
:10BE6000B0E0A0E080935F0790936007A093610724
:10BE7000B093620725CDE4E6E093BF1E24E630E0F0
:10BE800040E050E0D4CF6E5C7F4F8F4F9F4F2EE34A
:10BE90003AE047ED53EA0F9488BA00E20F94B5BA3E
:10BEA0002901DA01C20146E0B695A79597958795D5
:10BEB0004A95D1F7D7CFF0917C1FF1FD98CF8091B3
:10BEC000BF1EA6CF6E5C7F4F9B013695279536959A
:10BED0002795ABE7B4E10F942DBA969587954C0161
:10BEE000B12CA12C28CF4090650750906607440CD8
:10BEF000551C440C551C6091681E7091691E685D4C
:10BF00007F4F8DE197E00F946F47282F30E0D201EB
:10BF10000F942DBA6115710521E08207910508F093
:10BF2000F0C16E5C7F4F9B0136952795369527951E
:10BF3000ABE7B4E10F942DBA969587954C01B12CDF
:10BF4000A12C750164018092180790921907A092A4
:10BF50001A07B0921B072091670B2223E9F1309159
:10BF6000121F34FF39C06090650770906607660C39
:10BF7000771C660C771C30E0D3010F942DBA611545
:10BF8000710521E08207910508F004C36E5C7F4FC4
:10BF90009B013695279536952795ABE7B4E10F942D
:10BFA0002DBA96958795B0E0A0E075016401C80EA2
:10BFB000D91EEA1EFB1EC301B0E0A0E08C159D0552
:10BFC000AE05BF050CF4DBC2C0921807D09219076A
:10BFD000E0921A07F0921B07B0908C1EBB20C9F1AB
:10BFE0008090650790906607880C991C880C991CB6
:10BFF00020915A0C30E0D4010F942DBA61157105CF
:10C0000021E08207910508F0DFC16E5C7F4F9B0144
:10C010003695279536952795ABE7B4E10F942DBA61
:10C0200096958795B0E0A0E0C80ED91EEA1EFB1ECB
:10C03000C401B0E0A0E08C159D05AE05BF050CF471
:10C04000B8C1C0921807D0921907E0921A07F0926F
:10C050001B07A0918B1E9AE0A99FC0011124B0E09C
:10C06000A0E08093051190930611A0930711B0935F
:10C0700008113090760D30FC5BC140914A1E509102
:10C080004B1E70E060E0481B590B6A0B7B0B8091E4
:10C090009A0C2AE0829FC0011124092E000CAA0BE1
:10C0A000BB0B84179507A607B70734F050915A1EAB
:10C0B0005090990C551640F41092251110922611AB
:10C0C0001092271110922811B701A6018DE091E17D
:10C0D0000F942E7B882309F4B4CD2091091130915F
:10C0E0000A1140910B1150910C11559547953795B8
:10C0F0002795559547953795279520935F0730935A
:10C1000060074093610750936207A4E6B0E00F9484
:10C11000F8B9209165073091660750E040E00F9430
:10C120000BBA2093BF1E8DCD0E9486C3813009F4C7
:10C1300006CB6090B41F6982C3CB2091771F30E09B
:10C140004091761F50E06091751F70E08DE091E1A5
:10C150000F94B57A8091B41F8983782F7695769560
:10C160007695777028EE33E0729F6001739FD00C54
:10C170001124D0924207C092410700914F0D0695BD
:10C180000770029F7001039FF00C1124F09240078A
:10C19000E0923F0795CB0E9486C3813009F012CC14
:10C1A0002090991E20FE76C17090760D72FC44C1DD
:10C1B000409118075091190760911A0770911B0759
:10C1C0008DE091E10F942E7B90915A1E3090990C46
:10C1D000391608F4D2C0509107075111CEC06091B2
:10C1E000B41F6770673009F4C1C0409109115091C4
:10C1F0000A1160910B1170910C1175956795579507
:10C2000047957595679557954795CA015093490786
:10C2100040934807E091670BEE2361F08090121F76
:10C2200084FE08C08E2F90E0840F951F90934907DD
:10C230008093480760918C1E2091500D30E0A90139
:10C24000440F551F420F531F662341F0F0915A0CC3
:10C250008F0F911D909349078093480748175907FE
:10C2600024F4509349074093480740914607509162
:10C2700047075901AA0CBB1C2A0D3B1D2F3F310556
:10C2800009F008F490C0CA0197FD0196959587952D
:10C290008093BF1E0E9432C495CB8B0D8093BF1E2E
:10C2A0004091B41F4983B4CD8DE197E00F946F475F
:10C2B0008093BF1EFDCB6E5C7F4F8F4F9F4F2EE351
:10C2C0003AE047ED53EA0F9488BA00E20F94B5BA0A
:10C2D0001901DA01C10106E0B695A79597958795F2
:10C2E0000A95D1F7EBCC2091771F30E04091761F73
:10C2F00050E06091751F70E08DE091E10F94B57A88
:10C3000007CC6E5C7F4F8F4F9F4F2EE33AE047ED97
:10C3100053EA0F9488BA00E20F94B5BA49015A0162
:10C3200076E0B694A794979487947A95D1F709CE3E
:10C330002091771F30E04091761F50E06091751F8B
:10C3400070E08DE091E10F94B57A809105119091A4
:10C350000611A0910711B0910811C0901807D09054
:10C360001907E0901A07F0901B0787CE5090830CB6
:10C3700060902D07651408F038CF40911807509150
:10C38000190760911A0770911B0740930911509388
:10C390000A1160930B1170930C112FCF80914807F5
:10C3A0009091490764CA4093BF1E74CF4093BF1E4B
:10C3B00082CA8093180790931907A0931A07B09325
:10C3C0001B0764017D0145CE6E5C7F4F8F4F9F4FF1
:10C3D0002EE33AE047ED53EA0F9488BA00E20F9457
:10C3E000B5BADA01C901F6E0B695A7959795879594
:10C3F000FA95D1F719CE6E5C7F4F8F4F9F4F2EE38A
:10C400003AE047ED53EA0F9488BA00E20F94B5BAC8
:10C4100029833A834B835C836D837E838F839887E4
:10C4200089819A81AB81BC81E6E0B695A795979505
:10C430008795EA95D1F7DCCB90908B1E2AE0929EEF
:10C44000C0011124B0E0A0E0809305119093061183
:10C45000A0930711B0930811C090830CE0902D07B2
:10C46000EC1408F4D9C07091B41F7770773009F4D8
:10C4700058C14091091150910A1160910B117091AE
:10C480000C11409318075093190760931A07709383
:10C490001B0796CE6091681E7091691E685D7F4F84
:10C4A0008FE497E00F946F47AC01440F551F840F42
:10C4B000951F909349078093480760918C1E6623CF
:10C4C00041F0B0915A0C8B0F911D909349078093C6
:10C4D00048072091500D30E0A901440F551F420F2D
:10C4E000531F481759072CF45093490740934807A6
:10C4F000CA0110922D076C01CC0CDD1CCC0CDD1C8C
:10C500000D2C000CEE08FF08C0920911D0920A1100
:10C51000E0920B11F0920C1110922511109226113D
:10C520001092271110922811C0921807D092190763
:10C53000E0921A07F0921B0787CE6091681E7091F7
:10C54000691E685D7F4F8FE497E00F946F479C01F1
:10C55000220F331F820F931F909349078093480740
:10C5600070918C1E772341F000915A0C800F911D21
:10C57000909349078093480710922D0778C98093BC
:10C58000180790931907A0931A07B0931B0763012C
:10C590007D0122CD6E5C7F4F8F4F9F4F2EE33AE09F
:10C5A00047ED53EA0F9488BA00E20F94B5BA298395
:10C5B0003A834B835C836D837E838F8398878981E5
:10C5C0009A81AB81BC8126E0B695A7959795879512
:10C5D0002A95D1F7EACC6E5C7F4F8F4F9F4F2EE3A9
:10C5E0003AE047ED53EA0F9488BA00E20F94B5BAE7
:10C5F00029833A834B835C836D837E838F83988703
:10C6000089819A81AB81BC8106E0B695A795979503
:10C6100087950A95D1F7B9CA6091681E7091691E15
:10C62000685D7F4F8FE497E00F946F472C01440CB7
:10C63000551C480E591EA201440F551F440F551F8B
:10C6400070E060E08091091190910A11A0910B11A6
:10C65000B0910C1184179507A607B70754F44093BF
:10C66000091150930A1160930B1170930C11DB01A7
:10C67000CA01B595A79597958795B595A79597956F
:10C6800087950091B41F0770073009F49EC06201BE
:10C69000F12CE12C30912D073983B0E0A0E09C0112
:10C6A000AD012C193D094E095F09A981B0E00F9435
:10C6B000F8B92091830C30E050E040E00F94D9B9F4
:10C6C000BA01A9014C0D5D1D6E1D7F1D440F551F44
:10C6D000661F771F440F551F661F771F409318076B
:10C6E0005093190760931A0770931B0789818F5F16
:10C6F00080932D074093091150930A1160930B11F9
:10C7000070930C115DCD88E097E00F946F476C013A
:10C71000CC0CDD1C8C0D9D1D909349078093480720
:10C720006EC86091681E7091691E685D7F4F88E0D9
:10C7300097E00F946F47AC01440F551F480F591FE6
:10C74000440F551F440F551F052E000C660B770B29
:10C75000409318075093190760931A0770931B07AB
:10C76000C0904A1ED0904B1EF12CE12C80910511F7
:10C7700090910611A0910711B0910811C81AD90A19
:10C78000EA0AFB0A80919A0C2AE0829FC0011124D8
:10C79000092E000CAA0BBB0B8C159D05AE05BF0521
:10C7A0005CF0B0905A1ED090990CDB1428F0F090F9
:10C7B0000707FF2009F404CD1092251110922611CD
:10C7C0001092271110922811FBCC6091681E709175
:10C7D000691E685D7F4F88E097E00F946F47DC012A
:10C7E000AA0FBB1F8A0F9B1F52CF3091B41F232F5C
:10C7F000277009F0ADC050E090E04091BD074817A8
:10C8000061F16091BC07681721F1A091BB07A817DF
:10C8100009F4C5C0E091BA07E81709F4E3C0209114
:10C82000B907281709F4F3C06091AD07681709F438
:10C83000BCC0A091AB07A81709F4C8C0E091AA0733
:10C8400040E0E8130BC04091450C441F4427441FAF
:10C8500005C07091450C7032C0F241E0F091B8070C
:10C86000F81731F12091B707281709F487C07091A4
:10C87000B607781709F48DC0B091B507B81709F459
:10C88000B7C0F091B407F81709F4BBC06091A907CD
:10C89000681709F490C0A091A807A81709F49CC0D4
:10C8A000E091A707E81305C0F0911102F83008F0F5
:10C8B00041E020912E08281709F444C06091A70692
:10C8C000681709F451C0A091A506A81709F45CC027
:10C8D000E091A406E81771F16091A606681709F4C3
:10C8E0009CC0A091B207A81709F46BC0B091B10722
:10C8F000B81709F497C03091AE07381709F47EC015
:10C900005091AF07581709F479C0E091B007E817C4
:10C9100009F474C09091B3079817A1F0F091A4079F
:10C92000F81709F48EC06091A307681709F481C055
:10C93000942F09C0F0911E1EF0FD04C02091361EF8
:10C9400026FFCACF91E0811101C091E0892F08959F
:10C9500051E0243008F450CF263009F050E091E047
:10C96000263009F04ACF48CF7091660C7871783044
:10C9700049F3A091A506A813ABCF06C060911102A0
:10C98000623008F095CF73CFB091401FB5FDDACF7C
:10C990009FCFA0911102A33008F08ACF6DCFB09144
:10C9A000450CB03308F059CF35CF7091450C703637
:10C9B00008F053CF3ECF70911102763008F078CF57
:10C9C0006ACF552309F497CF952FBDCFB091450C71
:10C9D000B03708F042CF32CFB0911102B73008F033
:10C9E00067CF5ECFF091450CF03408F036CF17CF0B
:10C9F000E0911102E43008F05BCF43CF9111A3CF57
:10CA000089CF20911102253008F052CF3FCF4091BD
:10CA1000450C403508F021CF07CF7091401F74FDC1
:10CA200091CF5FCF552309F466CF36FF64CF952FA2
:10CA30008ACF7091600B7171713109F483CF942F9B
:10CA400082CF2091600B20FD7DCF6DCFCF93DF9300
:10CA50001092DD071092FC079091DF1C911103C02A
:10CA600024E02093DF1C8E3109F407C408F00CC1C8
:10CA7000863009F4F3C208F05EC0823009F411C2B6
:10CA8000833009F477C2813009F072C588E0809361
:10CA9000BD0739E03093BC074AE04093BB075BE039
:10CAA0005093BA076CE06093B9077CE17093B807C4
:10CAB000A8E1A093B707B8E2B093B607C4E2C09369
:10CAC000B507D2E2D093B407E4E1E093BF07F5E104
:10CAD000F093C30793E09093C10728E3209388095C
:10CAE00089E38093890936E33093B10A47E34093A1
:10CAF000A00A5EE350935C0A6AE36093B30A71E3B1
:10CB00007093B307AEE1A093B207BFE1B093B10752
:10CB1000C0E1C093B007D1E1D093AF07EFE2E0935B
:10CB2000A706F4E0F0932E0892E0909387092BE299
:10CB30002093130B6BC5893009F4F5C208F05CC073
:10CB4000883009F015C56BE06093BD077AE07093FB
:10CB5000BC07A9E0A093BB078093BA07BEE0B093DF
:10CB6000B907C7E2C093B807D9E2D093B707E0E2AC
:10CB7000E093B607F1E2F093B50792E29093B40721
:10CB800023E12093BF0732E13093C30788E380930A
:10CB900088094BE34093890956E35093B10A67E350
:10CBA0006093A00A79E370935C0AAAE3A093B30AA6
:10CBB000BFE3B093B307C2E0C093B207D4E0D09311
:10CBC000A606D093B107E1E3E0932E08F0E1F093DD
:10CBD000B00791E19093AF0728E12093AE0733E2CD
:10CBE0003093A70685E280936E0A43E0409387095D
:10CBF0005CE25093130B0AC58A3009F4F0C2843109
:10CC000009F0B6C468E06093BD0779E07093BC0793
:10CC1000AAE0A093BB07BBE0B093BA07CCE0C093F7
:10CC2000B907DCE1D093B807E8E1E093B707F8E291
:10CC3000F093B60794E29093B50722E22093B407ED
:10CC40008093BF0735E13093C3078EE380935C0A7E
:10CC50004AE34093B30A59E35093890968E3609328
:10CC6000880977E37093A00AA6E3A093B10ABFE214
:10CC7000B093A706C4E0C0932E08D1E3D093B307C6
:10CC8000EAE1E093130BC2C48A3209F41CC408F031
:10CC90008FC0883209F443C308F0A8C38F3109F06C
:10CCA00067C4B8E0B093BD0739E03093BC074AE0F1
:10CCB0004093BB075BE05093BA076CE06093B90701
:10CCC00072E37093AD07A7E2A093AB07CAE2C093EB
:10CCD000AA07D8E2D093B807E6E2E093B707F4E3F7
:10CCE000F093B60790E39093B50724E22093B4073E
:10CCF000B2E2B093A9073EE23093A80745E3409320
:10CD0000A70753E15093BF0762E16093C30774E143
:10CD10007093C107A8E3A0938809C9E3C093890968
:10CD2000D5E4D0930108E6E3E093B10AF7E3F0938A
:10CD3000A00A9EE390935C0A2AE32093B30ABBE324
:10CD4000B093C30A31E33093B30745E04093B20791
:10CD500056E05093B10767E06093A60674E07093C5
:10CD6000A506AAE1A093A406CDE2C0932E08D0E1C7
:10CD7000D093B007E1E1E093AF07F8E1F093AE079D
:10CD80009FE29093A70623E320936E0AB2E0B0934C
:10CD900087093BE23093130B43E04093C407809331
:10CDA000A30681E280935B0B53E25093A2062EC44C
:10CDB000893308F072C0873308F028C48D3209F037
:10CDC000D7C36AE06093BD077BE07093BC07ACE01B
:10CDD000A093BB07C9E0C093BA07D7E2D093B807C6
:10CDE000EDE1E093B707FCE1F093B6079BE1909388
:10CDF000B5072AE12093B407B3E1B093BF0732E14E
:10CE00003093C30745E14093C10754E1509387092C
:10CE100069E36093880978E370938909A5E4A09396
:10CE2000C30AC1E4C093B10ADAE3D093A00AE2E4F2
:10CE3000E0935C0AFBE3F0936D0A97E39093B30AE7
:10CE400028E120936E0AB6E2B093B3073AE230933A
:10CE5000B2074BE24093B10759E250932E086CE2BF
:10CE60006093A50670E37093A406A0E2A093B007B8
:10CE7000CFE1C093AF07DEE1D093AE078093A60663
:10CE800081E28093B907E2E2E093AD07F8E2F09324
:10CE9000A7069EE29093130BB9C38C3309F4B6C373
:10CEA00067C3E8E0E093BD07F9E0F093BC079AE0C0
:10CEB0009093BB072BE02093BA073CE03093B9076F
:10CEC0004CE14093B80758E15093B70768E260938C
:10CED000B60774E27093B507A2E2A093B407B3E17A
:10CEE000B093BF07C2E1C093C307D3E0D093C1079B
:10CEF000E8E3E0938809F9E3F093890996E39093D6
:10CF0000B10A27E32093A00A3EE330935C0A4AE388
:10CF10004093B30A51E35093B30765E06093B207BF
:10CF200075E37093B107A7E0A093A606B6E0B093AF
:10CF3000A506C0E3C093A406D4E0D0932E08E0E198
:10CF4000E093B007F1E1F093AF079AE19093AE0759
:10CF500023E42093A70633E330936E0A8093870976
:10CF600082E38093130B4BE34093C30A54E1509345
:10CF7000C4074CC338E03093BD0749E04093BC0779
:10CF80005AE05093BB076BE06093BA077CE0709364
:10CF9000B907A2E3A093AD07B8E2B093B807C6E221
:10CFA000C093B707D4E3D093B607A093B507E2E2E6
:10CFB000E093B407F3E1F093BF0792E19093C307C6
:10CFC0008093C10788E38093880929E32093890926
:10CFD00036E33093B10A47E34093A00A5EE35093EF
:10CFE0005C0A6AE36093B30A71E37093B307A5E048
:10CFF000A093B207B6E0B093B107C7E0C093A6060E
:10D00000D4E0D093A506E0E3E093A406FDE2F0931C
:10D010002E0890E19093B00781E18093AF0728E15B
:10D020002093AE073FE23093A70643E340936E0A96
:10D0300052E0509387096BE26093130B7BE370938C
:10D04000C30AA4E1A093C407BEE2B093A306CCE256
:10D05000C0935B0BDAE2D093A206D8C2DCE2D09395
:10D06000BD07EEE2E093BC07FFE2F093BB079DE251
:10D070009093BA072EE02093B9073AE23093B807AD
:10D080004BE24093B70750E25093B60781E280939A
:10D09000B50762E26093B40773E17093BF07A2E142
:10D0A000A093C307B2E0B093C107C8E3C093880957
:10D0B000DBE3D0938909E6E3E093B10AF7E3F09369
:10D0C000A00A99E390935C0A2AE32093B30A37E11C
:10D0D0003093B30745E04093B20754E05093A6065F
:10D0E0008BE08093A50660E36093A4065093B1079C
:10D0F00078E270932E08A0E1A093B007C1E1C0933D
:10D10000AF07D8E1D093AE07E9E2E093A706FCE0D1
:10D11000F0936E0A93E09093870927E22093130B14
:10D12000B093C40773C2CBE0C093BD07DAE0D093DD
:10D13000BC078093BB07E8E0E093BA07FEE0F093FA
:10D14000B90797E29093B80729E22093B70730E236
:10D150003093B60741E24093B50752E25093B407CB
:10D1600083E18093BF0762E16093C30778E3709324
:10D170008809ABE3A0938909B6E3B093B10AC7E38A
:10D18000C093A00AD9E3D0935C0AEAE3E093B30A20
:10D19000F1E3F093B30792E09093B20724E0209379
:10D1A000A6062093B10735E230932E084FE0409356
:10D1B000AE0750E15093B00781E18093AF0763E27F
:10D1C0006093A7067CE070936E0AA3E0A0938709A2
:10D1D000BCE2B093130BC4E1C093C40717C2F4E0E0
:10D1E000F093BD0795E09093BC0726E02093BB0722
:10D1F00037E03093BA0748E04093B90759E05093BD
:10D20000AD078093AB078BE08093AA0768E160933A
:10D21000B8077CE17093B707A4E2A093B607B8E221
:10D22000B093B507C2E2C093B407D2E1D093BF0771
:10D23000E3E1E093C307F8E3F093880999E390935F
:10D24000890926E32093B10A37E33093A00A4AE321
:10D2500040935C0A5DE35093B30A8AE280932E0800
:10D260006FE26093A70671E37093B307A2E0A09307
:10D270008709BAE1B093130BC9C1F8E0F093BD0779
:10D2800099E09093BC072AE02093BB07BBE0B093E2
:10D29000BA073CE03093B90748E24093B80756E23A
:10D2A0005093B70762E36093B60774E37093B507D2
:10D2B000A2E2A093B407C3E1C093BF07D2E1D09329
:10D2C000C30781E18093C107E8E3E0938809F9E3AC
:10D2D000F093890996E39093B10A27E32093A00A7B
:10D2E000BEE3B0935C0A3FE330936D0A4AE3409398
:10D2F000B30A51E35093B30765E06093B2077DE250
:10D3000070932E08A4E1A093B007C5E1C093AF07C6
:10D31000D7E0D093A6068FE28093A70677C128E0D6
:10D320002093BD07B9E0B093BC073BE03093BB0747
:10D330004CE04093BA078DE08093B90757E15093D2
:10D34000B80766E16093B70772E07093B607A3E091
:10D35000A093B507CEE2C093B407D3E1D093BF0743
:10D36000E2E1E093C307F5E1F093C10799E39093FD
:10D37000880926E320938909BBE3B093B10A3AE315
:10D380003093A00A48E340935C0A87E38093B30A92
:10D390005CE35093C30A66E26093B30775E0709351
:10D3A000B207AFE2A093B107C7E0C093A606D6E0EC
:10D3B000D093A506E0E3E093A406F4E0F0932E08F2
:10D3C00099E19093B00728E12093AF07BBE1B093B8
:10D3D000AE073AE030936E0A44E1409387098EE14C
:10D3E0008093A7065AE15093130B10C168E0609335
:10D3F000BD0777E07093BC07A6E0A093BB07C5E02C
:10D40000C093BA07DDE2D093B907E3E2E093B8072F
:10D41000F4E2F093B70791E29093B60722E22093EB
:10D42000B507BCE2B093B40733E13093BF0742E1E4
:10D430004093C30783E08093C10754E15093870969
:10D4400069E36093880976E370938909ADE3A0935B
:10D45000C30ACBE3C093B10ADAE3D093A00AE7E3AF
:10D46000E0935C0AFFE3F0936D0A98E39093B30AAC
:10D4700025E220936E0AB6E1B093B30739E030930A
:10D48000B2074AE04093B10787E180932E085BE042
:10D490005093A50660E36093A40670E27093B00712
:10D4A000AFE1A093AF07CEE1C093AE07DCE0D0932D
:10D4B000A606E8E1E093A706FEE2F093130B92E0E4
:10D4C0009093C407A3C0F6E0F093BD0797E0909354
:10D4D000BC0728E02093BB07B9E0B093BA0738E156
:10D4E0003093B80749E14093B70757E15093B60727
:10D4F00066E16093B50773E17093BF07A2E1A09363
:10D50000C307C4E1C0938709D6E3D093880988E3B1
:10D5100080935C0AE9E3E093B10AFAE3F093A00A8E
:10D520009DE3909389092CE32093B30ABBE3B09366
:10D53000C30A3FE330936D0A42E040936E0A5AE01B
:10D540005093B3076BE06093B2077EE07093B1072E
:10D55000A3E0A0932E08CFE0C093A506D5E0D0931A
:10D56000A6068CE08093A706EEE2E093130B4EC074
:10D5700028E02093BD07B9E0B093BC073AE03093B0
:10D58000BB074BE04093BA075CE05093B9076CE1EE
:10D590006093B80778E17093B707A8E2A093B60745
:10D5A000C4E2C093B507D2E2D093B40784E180937C
:10D5B000BF07E5E1E093C307F8E3F093880999E337
:10D5C0009093890926E32093B10AB7E3B093A00AA8
:10D5D0003AE33093B30A40E14093B00751E15093EE
:10D5E000AF076FE26093A70674E070932E08A1E383
:10D5F000A093B307C3E0C0938709D5E0D093A606F4
:10D6000086E08093B207EBE2E093130BE091701F8A
:10D61000EF7329F0E73308F0E95FE0936E0AF091C9
:10D620000F1D9F2F9E7739F0F695FF73F73308F0A3
:10D63000F95FF093A00C2091300C2F7329F0273361
:10D6400008F0295F2093B307B091D61C3B2F3E779B
:10D6500039F0B695BF73B73308F0B95FB0932E08B1
:10D660004091B81F542F5C7F39F04695469547335B
:10D6700008F0495F4093A706C0914E1F6C2F6F734F
:10D6800029F0673308F0695F6093A60670914D1F1B
:10D69000A72FAF7329F0A73308F0A95FA093A506C1
:10D6A00076FF08C080917C1F82958F700F94AA3FEF
:10D6B0008093C30AC7FF08C08091911D82958F7027
:10D6C0000F94AA3F80930108D091061EDF7329F0C2
:10D6D000D73308F0D95FD093C40A8091461E8F7368
:10D6E00029F0873308F0895F8093D50AE091860C92
:10D6F000FE2FFC7F39F0E695E695E73308F0E95F09
:10D70000E093C407C091101EC0FF07C08091111E96
:10D710008F710F94AA3F8093BD0AC1FF08C08C2F60
:10D720008695869586950F94AA3F8093BE0A209190
:10D73000261E922F9E7739F026952F73273308F0F7
:10D74000295F2093A306B091251E3B2F3E7739F029
:10D75000B695BF73B73308F0B95FB0935B0B4091D8
:10D76000271E5FEF540F553428F4473308F0495F04
:10D770004093A2066091361E6F7329F0673308F05C
:10D78000695F6093A4067091030A707C41F0A091D8
:10D790000B0AAF73A73308F0A95FA093A607D09137
:10D7A000590CDF73D73308F0D95FD093AC07809161
:10D7B000960C86958695873308F0895F8093A50738
:10D7C000E0917B0CEF73E73308F0E95FE093020828
:10D7D000F091610BFF7329F0F73308F0F95FF093D4
:10D7E000A407C0916C0BCF7329F0C73308F0C95F51
:10D7F000C093A3072091620B2F7329F0273308F001
:10D80000295F2093A2079091DA1CB92FB370C9F158
:10D81000392F3C7F41F0492F46954695473308F014
:10D82000495F4093130B93709093140B5091961E85
:10D830005E7F5093961E8091130B923061F0A0F49E
:10D840009130D1F460E00F9402866091961E6E7F55
:10D850006093961E11C061E00F940286A091961EFF
:10D86000A160A093961E08C061E00F94028670919B
:10D87000961E7E7F7093961E61E08091130B0F942D
:10D880004D7A61E08091B3070F944D7A61E0809109
:10D89000B2070F944D7A61E08091B1070F944D7AF1
:10D8A00061E08091A5070F944D7A61E080912E0888
:10D8B0000F944D7A61E08091A7060F944D7A61E054
:10D8C0008091B0070F944D7A61E08091AF070F947B
:10D8D0004D7A61E08091AE070F944D7A61E08091BE
:10D8E000A6060F944D7A61E08091A5060F944D7ABB
:10D8F00061E08091A4060F944D7AD0910F1DD0FF66
:10D9000005C061E08091A00C0F944D7A8091460C87
:10D9100082FF05C061E0809189090F940286E09141
:10D92000FC07E111D4C061E08091B8070F944D7AF3
:10D9300061E08091B7070F944D7A61E08091B6075E
:10D940000F944D7A61E08091B5070F944D7A8091E4
:10D95000B80790E0FC01EF54F74EE491F0E0EE0FD1
:10D96000FF1FE358F74EC591D491D093DF07C093C2
:10D97000DE07FC01E950F74EF491F093E007809147
:10D98000B70790E0FC01EF54F74EE491F0E0EE0FA2
:10D99000FF1FE358F74E259134913093E20720930F
:10D9A000E107FC01E950F74E94919093E3078091D1
:10D9B000B60790E0FC01EF54F74EE491F0E0EE0F73
:10D9C000FF1FE358F74E459154915093E50740935C
:10D9D000E407FC01E950F74EB491B093E60780915B
:10D9E000B50790E0FC01EF54F74EE491F0E0EE0F44
:10D9F000FF1FE358F74E659174917093EB076093A6
:10DA0000EA07FC01E950F74E34913093EC0780911E
:10DA1000B40790E0FC01EF54F74EE491F0E0EE0F14
:10DA2000FF1FE358F74EA591B491B093EE07A09372
:10DA3000ED07FC01E950F74E54915093EF078091A8
:10DA4000A90790E0FC01EF54F74EE491F0E0EE0FEF
:10DA5000FF1FE358F74EC591D491D093F107C093BF
:10DA6000F007FC01E950F74E74917093F207809132
:10DA7000A80790E0FC01EF54F74EE491F0E0EE0FC0
:10DA8000FF1FE358F74E259134913093F40720930C
:10DA9000F307FC01E950F74ED491D093F50780913C
:10DAA000A70790E0FC01EF54F74EE491F0E0EE0F91
:10DAB000FF1FE358F74E459154915093FA07409356
:10DAC000F907FC01E950F74E84918093FB07E09140
:10DAD000DD07E111DEC061E08091BD070F944D7A52
:10DAE00061E08091BC070F944D7A61E08091BB07A3
:10DAF0000F944D7A61E08091BA070F944D7A61E0FE
:10DB00008091B9070F944D7A61E08091AD070F9431
:10DB10004D7A8091BD0790E0FC01EF54F74EE491FF
:10DB2000F0E0EE0FFF1FE358F74E6591749170938C
:10DB3000C6076093C507FC01E950F74EF491F093D6
:10DB4000C7078091BC0790E0FC01EF54F74EE491C9
:10DB5000F0E0EE0FFF1FE358F74EA591B491B0939C
:10DB6000CC07A093CB07FC01E950F74E949190931A
:10DB7000CD078091BB0790E0FC01EF54F74EE49194
:10DB8000F0E0EE0FFF1FE358F74EC591D491D0930C
:10DB9000D207C093D107FC01E950F74EB491B0937E
:10DBA000D3078091BA0790E0FC01EF54F74EE4915F
:10DBB000F0E0EE0FFF1FE358F74E259134913093BC
:10DBC000D8072093D707FC01E950F74E34913093E2
:10DBD000D9078091B90790E0FC01EF54F74EE4912A
:10DBE000F0E0EE0FFF1FE358F74E4591549150932C
:10DBF000C9074093C807FC01E950F74E5491509370
:10DC0000CA078091AD0790E0FC01EF54F74EE49114
:10DC1000F0E0EE0FFF1FE358F74E6591749170939B
:10DC2000CF076093CE07FC01E950F74E74917093D3
:10DC3000D0078091AB0790E0FC01EF54F74EE491E0
:10DC4000F0E0EE0FFF1FE358F74EA591B491B093AB
:10DC5000D507A093D407FC01E950F74ED491D09397
:10DC6000D6078091AA0790E0FC01EF54F74EE491AB
:10DC7000F0E0EE0FFF1FE358F74EC591D491D0931B
:10DC8000DB07C093DA07FC01E950F74E84918093DB
:10DC9000DC07E091FC07EA3021F0F091DD07FA3073
:10DCA00031F40E94827761E08DE00F944D7A80918B
:10DCB000B30790E0FC01EF54F74EE491F0E0EE0F73
:10DCC000FF1FE358F74E2591349130933408209389
:10DCD0003308FC01E950F74E9491909335088091F8
:10DCE0002E0890E0FC01EF54F74EE491F0E0EE0FC7
:10DCF000FF1FE358F74E459154915093AC0C40935D
:10DD0000AB0CFC01E950F74EB491B093AD0C3091DF
:10DD1000460C31FF0AC0D09187098D2F0E94F5E390
:10DD2000811103C08D2F0F948D7A5091860C537002
:10DD3000523050F0C091C4078C2F0E94F5E381113E
:10DD400003C08C2F0F948D7A6091701F66FF13C0F3
:10DD5000D0916E0A8D2F0E94F5E381110CC0709155
:10DD60007C1F70FF05C062E08D2F0F944D7A03C0B9
:10DD70008D2F0F948D7AD091590CD7FF11C0C0917F
:10DD8000AC078C2F0E94F5E381110AC0D6FD05C0B7
:10DD900062E08C2F0F944D7A03C08C2F0F948D7AF4
:10DDA000D0917B0CD7FF11C0C09102088C2F0E942C
:10DDB000F5E381110AC0D6FD05C062E08C2F0F94F7
:10DDC0004D7A03C08C2F0F948D7AA091031EA873F7
:10DDD000A03299F4D091C40A8D2F0E94F5E38111ED
:10DDE0000CC08091061E87FF05C062E08D2F0F9446
:10DDF0004D7A03C08D2F0F948D7AE091431EE87306
:10DE0000E03299F4C091D50A8C2F0E94F5E381117C
:10DE10000CC0F091461EF7FF05C062E08C2F0F94F6
:10DE20004D7A03C08C2F0F948D7A2091101E20FF05
:10DE30000AC0D091BD0A8D2F0E94F5E3811103C065
:10DE40008D2F0F948D7A9091101E91FF0AC0C09172
:10DE5000BE0A8C2F0E94F5E3811103C08C2F0F9412
:10DE60008D7A4091030A407C51F0D091A6078D2F06
:10DE70000E94F5E3811103C08D2F0F948D7AB0912C
:10DE80001E1EB0FF2CC061E08091A2060F944D7A57
:10DE90003091251E30FF0EC061E080915B0B0F9426
:10DEA0004D7A5091251E57FF05C061E080915B0BB4
:10DEB0000F940286D091261ED0FF11C0C091A306F8
:10DEC0008C2F0E94F5E381110AC0D7FD05C062E0E6
:10DED0008C2F0F944D7A03C08C2F0F948D7A8091E4
:10DEE000A407882339F06091600B60FF03C061E0F4
:10DEF0000F944D7AC091A207CC2399F0D091600B7A
:10DF0000D0FF0FC08C2F0E94F5E381110AC0D2FF11
:10DF100004C08C2F0F948D7A04C062E08C2F0F9474
:10DF20004D7A8091A307882341F07091600B717145
:10DF3000713119F461E00F944D7A8091BF0790E040
:10DF4000FC01EF54F74EE491F0E0EE0FFF1FE35EAB
:10DF5000FB4EA591B491B093A106A093A006FC013D
:10DF6000E950F74E849180939F068091C30790E01B
:10DF7000FC01EF54F74EE491F0E0EE0FFF1FE35E7B
:10DF8000FB4E2591349130939E0620939D06FC0113
:10DF9000E950F74EE491E0939C068091C10790E030
:10DFA000FC01EF54F74EE491F0E0EE0FFF1FE35E4B
:10DFB000FB4E4591549150939B0640939A06FC0169
:10DFC000E950F74EF491F09399068091870990E01B
:10DFD000FC01EF54F74EE491F0E0EE0FFF1FE35E1B
:10DFE000FB4E659174917093050860930408FC01E1
:10DFF000E950F74E949190930308DF91CF910895E3
:10E00000CF92DF92EF92FF920F931F93CF93DF9304
:10E01000CDB7DEB762970FB6F894DEBF0FBECDBFA7
:10E020008091491E8F7E8093491E0091491E0F7D6D
:10E030000093491E61E08DE00F944D7A60E08DE021
:10E040000F9402860F94B0550F94E1591092D91C89
:10E050000E94E7671092300810922F081092420831
:10E06000109241081092400810923F0810923E080A
:10E0700010923D0810923C0810923B08109236080E
:10E0800089E49FE00F942A8529E43FE030939806C5
:10E09000209397061091971E10681093971E309149
:10E0A000981E30623093981EA8E0A0938706A09334
:10E0B000880644E0409389066BEE7CE170938B0602
:10E0C00060938A06E7EEFCE1F0938D06E0938C0600
:10E0D0008FEF9FE7909393068093920690938F061D
:10E0E00080938E069093910680939006A093770676
:10E0F000A09378064093790607E21DE110937B0612
:10E1000000937A0623E23DE130937D0620937C065E
:10E11000909383068093820690937F0680937E0679
:10E120009093810680938006A0936706A09368066B
:10E130005AE05093690664E27CE070936B0660934A
:10E140006A06EFEEFCE1F0936D06E0936C069093A7
:10E1500073068093720690936F0680936E06909379
:10E16000710680937006A0935706A09358064093BB
:10E17000590607E61CE010935B0600935A062FE64B
:10E180003CE030935D0620935C0690936306809399
:10E19000620690935F0680935E069093610680937B
:10E1A0006006A0934706A0934806409349066BE695
:10E1B0007CE070934B0660934A0630934D062093A3
:10E1C0004C06909353068093520690934F0680938B
:10E1D0004E069093510680935006A0930E08A0938C
:10E1E0000F0840931008E3E7FCE0F0931208E09377
:10E1F000110807E71CE0109314080093130890938C
:10E200001A08809319089093160880931508909324
:10E21000180880931708A0933706A09338064093F8
:10E2200039062DE83DE130933B0620933A0669E834
:10E230007DE170933D0660933C0690934306809386
:10E24000420690933F0680933E069093410680934A
:10E250004006A093DE0AA093DF0AB6E0B093E00A7E
:10E26000EAEFFCE1F093E20AE093E10A0FE41FE138
:10E270001093E40A0093E30A9093EA0A8093E90A70
:10E280009093E60A8093E50A9093E80A8093E70A60
:10E29000A0932706A0932806B093290625E53FE121
:10E2A00030932B0620932A0610932D0600932C06FC
:10E2B000909333068093320690932F0680932E0618
:10E2C0009093310680933006A0931706A09318060A
:10E2D00079E07093190664E67FE170931B06609302
:10E2E0001A06EBE5FFE1F0931D06E0931C06909300
:10E2F00023068093220690931F0680931E06909318
:10E30000210680932006A0930706A0930806A093F9
:10E31000090604E31DE110930B0600930A062CE2A4
:10E320003DE130930D0620930C06909313068093E5
:10E33000120690930F0680930E0690931106809319
:10E340001006A093F705A093F805B093F90566E0D1
:10E350007DE17093FB056093FA05E0E0FDE1F09349
:10E36000FD05E093FC0590930306809302069093CD
:10E37000FF058093FE059093010680930006A0930D
:10E38000C50AA093C60AB093C70A0DE11DE1109318
:10E39000C90A0093C80A27E13DE13093CB0A2093D4
:10E3A000CA0A9093D10A8093D00A9093CD0A8093A1
:10E3B000CC0A9093CF0A8093CE0AA0930D0CA09321
:10E3C0000E0C50930F0C60E87FE17093110C60937A
:10E3D000100CEEE9FFE1F093130CE093120C909314
:10E3E000190C8093180C9093150C8093140C909337
:10E3F000170C8093160CA093E705A093E805B09343
:10E40000E90502E41DE11093EB050093EA052CE316
:10E410003DE13093ED052093EC059093F305809357
:10E42000F2059093EF058093EE059093F1058093AC
:10E43000F005A0938E07A0938F07A093900762E941
:10E440007DE17093920760939107EAE9FDE1F09313
:10E450009407E093930790939A078093990790937A
:10E460009607809395079093980780939707A093BA
:10E47000D705A093D805B093D90501EC1DE1109301
:10E48000DB050093DA052BEB3DE13093DD052093AE
:10E49000DC059093E3058093E2059093DF0580937C
:10E4A000DE059093E1058093E005A093C705A09356
:10E4B000C805B093C9056DEC7DE17093CB05609301
:10E4C000CA05E7ECFDE1F093CD05E093CC05909310
:10E4D000D3058093D2059093CF058093CE0590937A
:10E4E000D1058093D005A093B705A093B805B0934C
:10E4F000B9050DE31EE11093BB050093BA0527E3B0
:10E500003EE13093BD052093BC059093C3058093F5
:10E51000C2059093BF058093BE059093C10580937B
:10E52000C005A093FF0AA093000B4093010B6AE182
:10E530007EE17093030B6093020BE6E1FEE1F09342
:10E54000050BE093040B90930B0B80930A0B9093B5
:10E55000070B8093060B9093090B8093080BA093F5
:10E56000EE0AA093EF0AB093F00A0DE51DE01093B8
:10E57000F20A0093F10A23E63DE03093F40A209377
:10E58000F30A9093FA0A8093F90A9093F60A80931B
:10E59000F50A9093F80A8093F70AA0931E08A093B7
:10E5A0001F084093200868E57DE07093220860937F
:10E5B0002108ECEBFFE1F0932408E093230890930B
:10E5C0002A08809329089093260880932508909321
:10E5D000280880932708A093A705A093A805B093C7
:10E5E000A9050EE21EE11093AB050093AA0528E2EF
:10E5F0003EE13093AD052093AC059093B305809335
:10E60000B2059093AF058093AE059093B1058093CA
:10E61000B005A093280B4093290B40932A0B63E786
:10E620007BE070932C0B60932B0BEFE6FBE0F093F9
:10E630002E0BE0932D0B9093340B8093330B909320
:10E64000300B80932F0B9093320B8093310B10E1A2
:10E650001093440BA093450B4093460B4CE35CE0B6
:10E660005093480B4093470B2FE73CE030934A0B05
:10E670002093490B9093500B80934F0B90934C0B2E
:10E6800080934B0B90934E0B80934D0B10939705FB
:10E69000A0939805B09399056FEA7DE170939B056F
:10E6A00060939A05E9EAFDE1F0939D05E0939C05EE
:10E6B0009093A3058093A20590939F0580939E0558
:10E6C0009093A1058093A005A0937E07A0937F0758
:10E6D000B093800740EF5DE150938207409381073C
:10E6E0002AEE3DE1309384072093830790938A07B5
:10E6F0008093890790938607809385079093880776
:10E7000080938707A0936E07A0936F07B09370075D
:10E7100066EF7DE170937207609371073093740721
:10E720002093730790937A078093790790937607E5
:10E730008093750790937807809377071093900ADA
:10E740001093910AF0E2F093920A47E459E0509353
:10E75000940A4093930A27E039E03093960A209375
:10E76000950A90939C0A80939B0A9093980A8093B1
:10E77000970A90939A0A8093990A1093A10A10938A
:10E78000A20AF093A30A67EC78E07093A50A60935D
:10E79000A40A47E858E05093A70A4093A60A90932A
:10E7A000AD0A8093AC0A9093A90A8093A80A90932B
:10E7B000AB0A8093AA0AA0935D0A10935E0AF093B5
:10E7C0005F0AA0E8BDE0B093610AA093600A67E425
:10E7D00078E07093630A6093620A9093690A809369
:10E7E000680A9093650A8093640A9093670A8093FD
:10E7F000660A8FE99EE00F9434550F94518567E8BF
:10E8000078E08FEF9EE00F94345567EC78E08FE36B
:10E810009FE00F94345567E079E08FE79FE00F9415
:10E82000345567E479E08FEB9FE00F943455809185
:10E830002F0C9FEF980F9E3F58F101E0602FCE0103
:10E8400001960F94A31A39853330D9F0311108C0DD
:10E850004F81588570E060E089819A810F94F0BA09
:10E86000BE016F5F7F4FCE010A960F94BE16FE0168
:10E870003A96DE01119689E001900D928A95E1F7B2
:10E88000E2CF0F5F0031D1F683E00E9426E502C09F
:10E890000E9426E5C090B60CC0FE06C080917A0D9D
:10E8A00090917B0D0F942A850F94A5010F94F5008C
:10E8B0000F9445000E9495FF0E94E5FE0F940113FE
:10E8C0000F9462120F94C3110F9424110F948F10A0
:10E8D0000F94FA0F61E08091B3070F9402860F94B2
:10E8E0005A7881E00E947DD60E942A77D090600BF2
:10E8F000D0FEA6C02091A207222309F4A1C08091D6
:10E90000A407882309F49CC010927D0A10927C0A07
:10E910001092770A1092730A1092720A5091121F85
:10E9200050785093121F30E0F901EF54F74EE49104
:10E93000F0E0EE0FFF1FE35EFB4EE590F490F092E7
:10E94000710AE092700AF901E950F74EF490F092E2
:10E950006F0A90E0FC01EF54F74EE491F0E0EE0F07
:10E96000FF1FE358F74E259134913093750A209399
:10E97000740AFC01E950F74EB491B093760A7FB760
:10E98000F8941091600BE091740AF091750A11FFF0
:10E9900006C06091760A9081692B608306C0409121
:10E9A000760AA08140954A234083F091121FFD7F93
:10E9B000F093121F7FBF0091600B04FF3BC080915A
:10E9C000A307882309F436C090E0FC01EF54F74E0A
:10E9D000E491F0E0EE0FFF1FE358F74EC590D4909E
:10E9E000D092790AC092780AFC01E950F74E34912E
:10E9F00030937A0ADFB6F8948091600BE091780A40
:10EA0000F091790A85FF06C0F0907A0A2081F22AF7
:10EA1000F08206C050917A0AE08050955E215083C2
:10EA2000B091121FBF7BB093121FDFBE71E07093D5
:10EA30007B0A02C010927B0A11E010937E0A02C08A
:10EA400010927E0A0E9459750E943E644091061FF2
:10EA50004F774093061F0F94B26F0F94146B0F946F
:10EA60000D3EA091460CA1FF18C060918709662356
:10EA700091F080E0623059F081E0633041F09EEE29
:10EA8000960F943018F487E1861B01C08FEF64E77E
:10EA900070E00F94347E10928E1EF091860CF3700D
:10EAA000F230C0F00091C4070023A1F080E00230F2
:10EAB00059F081E0033041F03EEE300F343018F46D
:10EAC00087E1801B01C08FEF43E050E064EE75E00A
:10EAD0000F94B27D8091E51DE82FE370E13009F0DD
:10EAE00048C086958695C090E61DC1FE04C062E0D0
:10EAF0000F944D7A02C00F948D7AD090E51D8D2D24
:10EB00008C7FB9F15091E61D50FD1AC0883061F03C
:10EB10008C3061F0D694D694BEE2BD0DBF73B43094
:10EB200038F487E18D1905C080E003C081E001C0A1
:10EB30008FEF43E050E066E876E00F94B27D19C0B5
:10EB4000883061F08C3061F0D694D6942EE22D0D91
:10EB50002F73243038F487E18D1905C080E003C09D
:10EB600081E001C08FEF42E050E066E876E00F946C
:10EB7000B27DE090380C74E6E79EA001112450931A
:10EB8000550B4093540BF0903B0CF79ED001112491
:10EB9000B093570BA093560B1091911D12FF25C0F7
:10EBA000E091A51DF091A61D0091A71D1091A81D33
:10EBB0009F01200F311FA4E6B0E00F942DBA6B0126
:10EBC0007C019F0150E040E00F940BBA3093D90ACA
:10EBD0002093D80A980150E040E0C701B6010F9495
:10EBE0000BBA3093D70A2093D60A6091D81C962F7F
:10EBF0009F77923069F4F091D51CF87F49F467FB58
:10EC0000332730F9D090D61C30FBD0F8D092D61CE8
:10EC100010924B1E10924A1E5091491E5E7F5093D7
:10EC2000491E2091961E2F7E2093961E1092AA1E9A
:10EC30001092AB1E1092B51E1092B61E1092B71E07
:10EC40001092B81E1092F11E1092B41E1092AF1EB8
:10EC5000B091E11C8AE0B89FA00111245093E21EFC
:10EC60004093E11E1092F01E1092061F1092F006C3
:10EC70001092F1061092F2061092F3067091F91CB0
:10EC8000A8EEB3E07A9FF0017B9FF00D1124F09382
:10EC90003A08E093390813E61093E71E1092B20A7F
:10ECA00010924308109244081092450810924608AA
:10ECB0001092260B1092250B10929E0710929F0720
:10ECC0001092A0071092A10710921E0C10921D0C1A
:10ECD0001092350A1092360A1092370A1092380AAA
:10ECE0001092BF0A1092C00A1092C10A1092C20A72
:10ECF0001092340A1092330A1092320AF8940E9449
:10ED0000A4CB0091860C03700230F0F06091C40730
:10ED1000F090C3076F1118C0C090270BC3FC14C03C
:10ED200080E0623059F081E0633041F09EEE960F52
:10ED3000943018F487E1861B01C08FEF43E050E068
:10ED400064EE75E00F94B27DE090460CE1FE1CC0CD
:10ED5000F09187093091C307F31316C0D090270BA9
:10ED6000D3FC12C080E0F23059F081E0F33041F082
:10ED70005EEE5F0F543018F487E18F1B01C08FEFF8
:10ED800064E770E00F94347E2091440C22FD0AC0A9
:10ED90008091540B9091550B969587959093550BB8
:10EDA0008093540B0F9452866093B20C7093B30C03
:10EDB0008093B40C9093B50C1092790D1092780D4D
:10EDC0006091390C3091440C611104C0B2E0B093F1
:10EDD000E61E09C0832F82958F7090E070E00F943B
:10EDE00082B96093E61E4091E61E411103C071E0B6
:10EDF0007093E61E88E691E090930F0280930E02D6
:10EE0000A1E0A093100210921A0B1092190B10920D
:10EE10000D0810920C0810920B0810920A0810921C
:10EE2000070810920608F090E61E0F2D10E0E32F61
:10EE3000E470CE2E32FD0AC080ED92E0B8010F944E
:10EE400082B9709317026093160207C0B8010F943D
:10EE500082B97093170260931602E32FE295EF7068
:10EE6000E1502091460C4091DC1CE83008F015C4BC
:10EE7000F0E08827E15CF8408F4F0D9458BA47F7CF
:10EE800083F7F5F7F1F8C7F971FA4DFBF2FA109232
:10EE90001C0B10921B0B1092430B1092420B51E073
:10EEA00050931102742F7C717C3041F4C11006C064
:10EEB00000ED12E010930F0200930E02B22FB07318
:10EEC000B033A9F4C11013C080ED92E09093170203
:10EED0008093160211E01093E61EC090540BD09060
:10EEE000550BCC0CDD1CD092550BC092540BA0914D
:10EEF000911DA2FFDCC392E0909310021092410B8F
:10EF00001092400BD4C310921C0B10921B0B10924A
:10EF1000430B1092420B52E0509311025093100297
:10EF2000722F717020FD07C004EB10E01093180BD6
:10EF30000093170B08C0E091530CF091540CF09320
:10EF4000180BE093170BB42FBC71BC3041F4C11007
:10EF500006C080ED92E090930F0280930E02122F74
:10EF600010731033A9F4C11013C0A0EDB2E0B09338
:10EF70001702A093160291E09093E61EC090540BE6
:10EF8000D090550BCC0CDD1CD092550BC092540B7D
:10EF9000711107C064EB70E07093410B6093400BFC
:10EFA00008C0E090530CF090540CF092410BE092AA
:10EFB000400BD0903A0CD0FC04C01092410B109240
:10EFC000400BF090911DF2FE72C3F4E0F09310023A
:10EFD00010923F0B10923E0BE091400BF091410BD1
:10EFE000F0933D0BE0933C0B62C310921C0B10920C
:10EFF0001B0B53E0509311025093100220FD26C0CA
:10F00000742F74717430A9F4C11013C060EF70E0F4
:10F010007093180B6093170BE0EEF1E0F093160B72
:10F02000E093150B00ED12E010930F0200930E0217
:10F030001DC088E790E09093180B8093170BA0EF0A
:10F04000B0E0B093160BA093150B10C0E091530CD9
:10F05000F091540CF093180BE093170B0091550CA2
:10F060001091560C1093160B0093150B25FD48C0FC
:10F070001092430B1092420BE8E7F0E0F093410B43
:10F08000E093400B00EF10E010933F0B00933E0B1A
:10F0900033FD12C092E09093E61E32FD07C0A8E651
:10F0A000B1E0B0931702A093160206C084EB90E083
:10F0B0009093170280931602E091E61EE33098F0D9
:10F0C000F0E080EF90E0BF010F9482B97093410BA4
:10F0D0006093400B80EE91E0BF010F9482B9709372
:10F0E0003F0B60933E0BD0903A0CD0FC5AC010926C
:10F0F000410B1092400B10923F0B10923E0B51C0EF
:10F10000B22FB073B033E9F511E01093E61E32FF71
:10F1100017C01092430B1092420B88E790E0909337
:10F12000410B8093400BA0EFB0E0B0933F0BA09356
:10F130003E0B68E671E0709317026093160231C0CF
:10F14000E090540BF090550BEE0CFF1CF092550B19
:10F15000E092540B1092430B1092420B60EF70E060
:10F160007093410B6093400BE0EEF1E0F0933F0BA6
:10F17000E0933E0B00ED12E010931702009316028D
:10F1800010C01092430B1092420B88E790E09093CE
:10F19000410B8093400BA0EFB0E0B0933F0BA093E6
:10F1A0003E0BF090911DF2FE82C2F6E0F093100249
:10F1B000C090420BD090430BD0923D0BC0923C0BC1
:10F1C000E090400BF090410BF0923B0BE0923A0B39
:10F1D00060913E0B70913F0B7093390B6093380B2D
:10F1E00066C210921C0B10921B0B1092430B1092D4
:10F1F000420B52E0509311025093100220FD35C093
:10F2000064EB70E07093180B6093170BB42FBC7114
:10F21000BC30C1F4C11044C0E8E6F1E0F093160B35
:10F22000E093150B0CE112E0109309080093080815
:10F2300080ED92E090930F0280930E02F4E0F09341
:10F2400011022EC0B03161F51092160B1092150B01
:10F25000709309086093080814E0109311029091CC
:10F26000D51C9B7F9093D51C1BC0C090530CD09095
:10F27000540CD092180BC092170B8091550C9091A2
:10F28000560C9093160B8093150BA091570CB091D0
:10F29000580CB0930908A093080874E07093110209
:10F2A00025FF02C032FF21C0A4EBB0E0B093410BB8
:10F2B000A093400BD0903A0CD0FC09C01092430BA5
:10F2C0001092420B1092410B1092400B3EC012E084
:10F2D0001F15D8F56F2D70E088E691E00F9482B984
:10F2E0007093410B6093400B30C0522F50735033DA
:10F2F00049F564EB70E07093410B6093400BE8E6D6
:10F30000F1E0F0933F0BE0933E0B0CE112E0109321
:10F310003D0B00933C0B74E07093100280ED92E083
:10F320009093170280931602B1E0B093E61EE0902E
:10F33000540BF090550BEE0CFF1CF092550BE09225
:10F34000540B03C0A2E0A0931002F090911DF2FEB6
:10F35000AEC194E090931002C090420BD090430B4A
:10F3600024FF08C0F5E0F0931002D0923B0BC0924E
:10F370003A0B9DC1D0923F0BC0923E0B6091400B67
:10F380007091410B70933D0B60933C0B90C11092B8
:10F390001C0B10921B0B88E490E09093180B809349
:10F3A000170BA0E9B0E0B093160BA093150B68ED16
:10F3B00070E07093090860930808F5E0F09311027B
:10F3C00054E050931002742F7C717C30B1F4B093F0
:10F3D000180BA093170BE0E2F1E0F093160BE0930B
:10F3E000150B00EB11E0109309080093080880ED5D
:10F3F00092E090930F0280930E0225FF02C0CC2072
:10F4000091F1F0903A0C1092430B1092420BF0FCE9
:10F4100011C01092410B1092400B10923F0B1092B2
:10F420003E0B10923D0B10923C0B10923B0B109236
:10F430003A0B4FC0A8E4B0E0B093410BA093400B4F
:10F4400060E970E070933F0B60933E0BE8EDF0E0F5
:10F45000F0933D0BE0933C0B00E211E010933B0B6B
:10F4600000933A0B36C0B22FB073B03391F51092BF
:10F47000430B1092420BA0E9B0E0B093410BA09374
:10F48000400B60E271E070933F0B60933E0BE0EB4A
:10F49000F1E0F0933D0BE0933C0B00E412E010939D
:10F4A0003B0B00933A0B15E01093100280ED92E0B5
:10F4B000909317028093160291E09093E61EE090DD
:10F4C000540BF090550BEE0CFF1CF092550BE09294
:10F4D000540BD090911DD2FEEAC0F6E0F0931002DA
:10F4E000E6C010921C0B10921B0BA8E7B0E0B09383
:10F4F000180BA093170B80EF90E09093160B80935E
:10F50000150B73E07093110270931002E22FE073F9
:10F5100025FD2CC01092430B1092420BB093410B6F
:10F52000A093400B90933F0B80933E0BD0903A0CEE
:10F53000D0FC09C01092410B1092400B10923F0B6F
:10F5400010923E0B13C0B2E0BF1580F4B8010F94C7
:10F5500082B97093410B6093400B80EE91E0B8014B
:10F560000F9482B970933F0B60933E0BE03309F028
:10F57000B0CF1092430B1092420B08E710E01093AB
:10F58000410B0093400B80EF90E090933F0B8093F2
:10F590003E0B68E671E070933D0B60933C0BA0EE70
:10F5A000B1E0B0933B0BA0933A0BE8E5F2E0F093A7
:10F5B000390BE093380B16E01093100200ED12E0C7
:10F5C000109317020093160291E09093E61EC090EC
:10F5D000540BD090550BCC0CDD1CD092550BC09227
:10F5E000540B65C010921C0B10921B0BAAE5B0E0E7
:10F5F000B093180BA093170B84EB90E09093160B2D
:10F600008093150B6EE071E0709309086093080811
:10F61000F4E0F0931102F093100225FD48C010921F
:10F62000430B1092420BB093410BA093400B90936D
:10F630003F0B80933E0B70933D0B60933C0BE0902F
:10F640003A0CE0FC0DC01092410B1092400B10924E
:10F650003F0B10923E0B10923D0B10923C0B27C0BB
:10F6600052E05F1520F5B8010F9482B97093410BF9
:10F670006093400B88E691E0B8010F9482B97093D3
:10F680003F0B60933E0B8CE192E0B8010F9482B97E
:10F6900070933D0B60933C0B0AC01092430B109289
:10F6A000420B64EB70E07093410B6093400BE09071
:10F6B000961E0091E61E602F70E0FB0155E0EE0FF4
:10F6C000FF1F5A95E1F7EE2AE092961E033011F0E3
:10F6D000053051F432FD08C080ED92E00F9496B9E8
:10F6E000709317026093160222952370213009F45B
:10F6F0004CC0E6E0F1E0F093F710E093F6108CEFE9
:10F7000090E09093F9108093F810ACEEB0E0B093D5
:10F71000E110A093E0106CEB72E07093E310609343
:10F72000E21008EF12E01093CB100093CA10ECEE39
:10F73000F3E0F093CD10E093CC1084E095E090934B
:10F74000B5108093B410A6E6B3E0B093B710A093C1
:10F75000B61068E372E070939F1060939E100CE304
:10F7600014E01093A1100093A010233009F010C1F1
:10F77000E8E0F4E0F0938910E093881080E591E0F0
:10F7800090938B1080938A1003C1232F207F203405
:10F79000B1F5F0914B1DF670C9F46AE676E070930E
:10F7A000F7106093F61000E414E01093F910009342
:10F7B000F810E4EAF0E0F093E110E093E01086E561
:10F7C00091E09093E3108093E210E2C006EB11E029
:10F7D0001093F7100093F610ECE0F6E0F093F910B8
:10F7E000E093F81082ED94E09093E1108093E010A4
:10F7F000A4E9B4E0B093E310A093E210C9C02035AF
:10F8000089F586E091E09093F7108093F610ACEFC5
:10F81000B0E0B093F910A093F8106CEE70E0709324
:10F82000E1106093E0100CEB12E01093E3100093F2
:10F83000E210E8E0F5E0F093CB10E093CA1088E91D
:10F8400095E09093CD108093CC10A4E0B5E0B093F8
:10F85000B510A093B41066E673E07093B710609390
:10F86000B61096C0203629F5E6EBF1E0F093F710DC
:10F87000E093F6108CE096E09093F9108093F810E6
:10F88000AAE6B1E0B093E110A093E01064E774E061
:10F890007093E3106093E21004E815E01093CB102E
:10F8A0000093CA10E0EFF3E0F093CD10E093CC109A
:10F8B0006FC0203889F5A4EAB2E0B093F710A093A6
:10F8C000F61062E471E07093F9106093F8100EE89E
:10F8D00015E01093E1100093E010EEEFF4E0F093E8
:10F8E000E310E093E21080E293E09093CB108093DA
:10F8F000CA10ACE1B6E0B093CD10A093CC106AE58D
:10F9000076E07093B5106093B4100AE016E010939F
:10F91000B7100093B6103CC0A6E0B1E0B093F7106A
:10F92000A093F6106CEF70E07093F9106093F810EC
:10F930000CEE10E01093E1100093E010ECEBF2E01D
:10F94000F093E310E093E21088EF92E09093CB10F5
:10F950008093CA10ACEEB3E0B093CD10A093CC105E
:10F9600064E075E07093B5106093B41006E613E0A0
:10F970001093B7100093B610E8E3F2E0F0939F10F5
:10F98000E0939E108CE394E09093A1108093A010DC
:10F99000469546954770423059F1443009F430C1DC
:10F9A000413009F0F0C046E055E0509368104093B4
:10F9B000671022E432E030936A102093691050936C
:10F9C00049104093481030934B1020934A105093A5
:10F9D0002A104093291030932C1020932B10509311
:10F9E0000B1040930A1030930D1020930C1098C107
:10F9F000303428F566E075E0709368106093671006
:10FA000002E412E010936A1000936910EEE7F3E04D
:10FA1000F0934910E093481084E995E090934B10DF
:10FA200080934A104EE551E050932A1040932910DC
:10FA300024E635E030932C1020932B1071C1307FD9
:10FA4000303459F5ECE7F2E0F0936810E09367107A
:10FA50008AE790E090936A108093691042E351E046
:10FA6000509349104093481028EA36E030934B10E9
:10FA700020934A10A6E6B4E0B0932A10A093291070
:10FA8000B0932C10A0932B10B0930B10A0930A10DE
:10FA9000B0930D10A0930C1043C13036B9F5EAE1D4
:10FAA000F4E0F0936810E09367108CE391E090939A
:10FAB0006A108093691048E356E0509349104093D0
:10FAC000481026E333E030934B1020934A10AAE409
:10FAD000B2E0B0932A10A093291060E773E070930E
:10FAE0002C1060932B1006E614E010930B1000937B
:10FAF0000A1010930D1000930C101093EC0F00934C
:10FB0000EB0F1093EE0F0093ED0F0AC13038D9F5CB
:10FB100066EB70E0709368106093671008E116E080
:10FB200010936A1000936910E6E1F6E0F093491033
:10FB3000E093481082EB90E090934B1080934A1032
:10FB40004EE953E050932A104093291024EC30E002
:10FB500030932C1020932B10A4EDB5E0B0930B1034
:10FB6000A0930A106EE774E070930D1060930C1070
:10FB700006E614E01093EC0F0093EB0F1093EE0FDA
:10FB80000093ED0FCDC046E055E0509368104093D0
:10FB9000671022E432E030936A1020936910AEE7D8
:10FBA000B3E0B0934910A093481064E975E07093F6
:10FBB0004B1060934A100EE511E010932A10009349
:10FBC0002910E4E6F5E0F0932C10E0932B1089EE79
:10FBD0009FEF90930B1080930A1045E95FEF5093CD
:10FBE0000D1040930C1029E33FEF3093EC0F20935E
:10FBF000EB0FA5EEBEEFB093EE0FA093ED0F90C00C
:10FC00003091911D337059F5A6E0B5E0B0936810BE
:10FC1000A093671062E472E070936A1060936910B9
:10FC2000B0934910A093481070934B1060934A1002
:10FC30000CEC15E010932A1000932910E2EBF5E08C
:10FC4000F0932C10E0932B1010930B1000930A10DC
:10FC50008AE993E090930D1080930C1061C03130CD
:10FC600069F566E075E0709368106093671002E4D0
:10FC700012E010936A10009369107093491060931A
:10FC8000481010934B1000934A10EEE7F3E0F09306
:10FC90002A10E093291084E995E090932C1080932A
:10FCA0002B104EE551E050930B1040930A1024E6C0
:10FCB00035E030930D1020930C1032C0323081F5B6
:10FCC000A6E0B5E0B0936810A093671062E472E01C
:10FCD00070936A10609369100EE713E01093491057
:10FCE00000934810E4E9F5E0F0934B10E0934A10DC
:10FCF0008EE591E090932A108093291044E655E018
:10FD000050932C1040932B1029EE3FEF30930B10A3
:10FD100020930A10A5E9BFEFB0930D10A0930C102B
:10FD2000D090510CDD2081F0FFB6F8947091AD0CAD
:10FD3000E091AB0CF091AC0CB081B72BB083FFBE5F
:10FD400011E01093F01E05C05091491E5061509370
:10FD5000491E789480E00F945D6B80E00F94A76B50
:10FD6000C090230C9091491EC4FA96F99093491EB5
:10FD7000E090970CF0911102EF9ED001112435E034
:10FD80003A9FC0013B9F900D112463E070E00F94F7
:10FD900082B970933808609337086091491E626099
:10FDA0006093491E61E08DE00F94028662960FB663
:10FDB000F894DEBF0FBECDBFDF91CF911F910F91A1
:10FDC000FF90EF90DF90CF9008958091D51C8470C4
:10FDD0009091FC079A3001F1E091ED07F091EE0768
:10FDE000811114C0B091EF078081B095B823B08322
:10FDF000F0914E1FF6FF089530913508E0913308D9
:10FE0000F09134084081342B308308959091EF07AE
:10FE10002081292B2083ECCFE091F607F091F707A2
:10FE200081111DC02091F807308120952323208364
:10FE3000409100084F7D409300088091000890E0B9
:10FE400090630E9465778093FF077091F807E091B7
:10FE5000F607F091F707A081A72BA083C9CF509197
:10FE6000F807608150955623508340910008406206
:10FE7000E2CF8091D51C84709091FC079A3041F1BB
:10FE8000E091ED07F091EE0781110DC0B091EF0701
:10FE900080818B2B8083F0914E1FF6FD0EC031E0E8
:10FEA0003093360808952091EF07908120952923FB
:10FEB0002083F0914E1FF6FFF2CF40913508E0917C
:10FEC0003308F091340850814095452340830895CC
:10FED000E091F607F091F70781111DC02091F80716
:10FEE0003081209523232083409100084062409375
:10FEF00000088091000890E090630E9465778093ED
:10FF0000FF077091F807E091F607F091F707A081DD
:10FF1000A72BA083C0CF5091F8076081509556233E
:10FF20005083409100084F7DE2CF8091D51C8470B2
:10FF30009091FC079A3001F1E091EA07F091EB070C
:10FF4000811114C0B091EC078081B095B823B083C3
:10FF5000F0914E1FF6FF089530913508E091330877
:10FF6000F09134084081342B308308959091EC0750
:10FF70002081292B2083ECCFE091E707F091E8075F
:10FF800081111DC02091E907308120952323208312
:10FF90004091FE074F7E4093FE078091FE0790E060
:10FFA00090630E9465778093FD077091E907E09167
:10FFB000E707F091E807A081A72BA083C9CF509154
:10FFC000E90760815095562350834091FE074061B8
:10FFD000E2CF8091D51C84709091FC079A3041F15A
:10FFE000E091EA07F091EB0781110DC0B091EC07A9
:10FFF00080818B2B8083F0914E1FF6FD0EC031E087
:020000022000DC
:100000003093360808952091EC079081209529239C
:100010002083F0914E1FF6FFF2CF40913508E0911A
:100020003308F0913408508140954523408308956A
:10003000E091E707F091E80781111DC02091E907E1
:1000400030812095232320834091FE074061409317
:10005000FE078091FE0790E090630E946577809391
:10006000FD077091E907E091E707F091E807A081AB
:10007000A72BA083C0CF5091E907608150955623EC
:1000800050834091FE074F7EE2CF8091D51C847053
:100090009091FC079A3001F1E091E407F091E507B7
:1000A000811114C0B091E6078081B095B823B08368
:1000B000F0914E1FF6FF089530913508E091330816
:1000C000F09134084081342B308308959091E607F5
:1000D0002081292B2083ECCFE091E707F091E807FE
:1000E00081111DC02091E9073081209523232083B1
:1000F0004091FE07477F4093FE078091FE0790E006
:1001000090630E9465778093FD077091E907E09105
:10011000E707F091E807A081A72BA083C9CF5091F2
:10012000E90760815095562350834091FE0748604F
:10013000E2CF8091D51C84709091FC079A3041F1F8
:10014000E091E407F091E50781110DC0B091E60759
:1001500080818B2B8083F0914E1FF6FD0EC031E025
:100160003093360808952091E60790812095292341
:100170002083F0914E1FF6FFF2CF40913508E091B9
:100180003308F09134085081409545234083089509
:10019000E091E707F091E80781111DC02091E90780
:1001A00030812095232320834091FE0748604093AF
:1001B000FE078091FE0790E090630E946577809330
:1001C000FD077091E907E091E707F091E807A0814A
:1001D000A72BA083C0CF5091E9076081509556238B
:1001E00050834091FE07477FE2CF8091D51C8470F9
:1001F0009091FC079A3001F1E091E107F091E2075C
:10020000811114C0B091E3078081B095B823B08309
:10021000F0914E1FF6FF089530913508E0913308B4
:10022000F09134084081342B308308959091E30796
:100230002081292B2083ECCFE091E707F091E8079C
:1002400081111DC02091E90730812095232320834F
:100250004091FE074B7F4093FE078091FE0790E0A0
:1002600090630E9465778093FD077091E907E091A4
:10027000E707F091E807A081A72BA083C9CF509191
:10028000E90760815095562350834091FE074460F2
:10029000E2CF8091D51C84709091FC079A3041F197
:1002A000E091E107F091E20781110DC0B091E30701
:1002B00080818B2B8083F0914E1FF6FD0EC031E0C4
:1002C0003093360808952091E307908120952923E3
:1002D0002083F0914E1FF6FFF2CF40913508E09158
:1002E0003308F091340850814095452340830895A8
:1002F000E091E707F091E80781111DC02091E9071F
:1003000030812095232320834091FE074460409351
:10031000FE078091FE0790E090630E9465778093CE
:10032000FD077091E907E091E707F091E807A081E8
:10033000A72BA083C0CF5091E90760815095562329
:1003400050834091FE074B7FE2CF8091D51C847093
:100350009091FC079A3001F1E091DE07F091DF0700
:10036000811114C0B091E0078081B095B823B083AB
:10037000F0914E1FF6FF089530913508E091330853
:10038000F09134084081342B308308959091E00738
:100390002081292B2083ECCFE091E707F091E8073B
:1003A00081111DC02091E9073081209523232083EE
:1003B0004091FE074D7F4093FE078091FE0790E03D
:1003C00090630E9465778093FD077091E907E09143
:1003D000E707F091E807A081A72BA083C9CF509130
:1003E000E90760815095562350834091FE07426093
:1003F000E2CF8091D51C84709091FC079A3041F136
:10040000E091DE07F091DF0781110DC0B091E007A8
:1004100080818B2B8083F0914E1FF6FD0EC031E062
:100420003093360808952091E00790812095292384
:100430002083F0914E1FF6FFF2CF40913508E091F6
:100440003308F09134085081409545234083089546
:10045000E091E707F091E80781111DC02091E907BD
:1004600030812095232320834091FE0742604093F2
:10047000FE078091FE0790E090630E94657780936D
:10048000FD077091E907E091E707F091E807A08187
:10049000A72BA083C0CF5091E907608150955623C8
:1004A00050834091FE074D7FE2CF8091DD078A3077
:1004B000F9F0A091D907E091D707F091D807B08162
:1004C000A095AB23A083F091941EF77FF093941E28
:1004D0008091DD078A3009F43DC0A091DC07E091EE
:1004E000DA07F091DB07B081A095AB23A0830895D4
:1004F0002091E907E091E707F091E80790812095C6
:10050000292320833091FE073F7E3093FE074091E0
:10051000FE07842F90E090630CB405FC3EC09EBDA6
:1005200000000DB407FEFDCF9EB58EBD00000DB4DA
:1005300007FEFDCF5EB55093FD076091E907E0919E
:10054000E707F091E8077081672B60838091DD07F2
:100550008A3019F62091F807E091F607F091F70735
:100560009081209529232083309100083093000842
:1005700040910008842F90E090630CB405FC1AC0F1
:100580009EBD00000DB407FEFDCF9EB58EBD0000E0
:100590000DB407FEFDCF5EB519C08EBD00000DB4D1
:1005A00007FEFDCF5EB59EBD00000DB407FEFDCF7A
:1005B0009EB5C1CF8EBD00000DB407FEFDCF5EB568
:1005C0009EBD00000DB407FEFDCF9EB55093FF0702
:1005D0006091F807E091F607F091F7077081672BBB
:1005E000608308958091DD078A30E1F0A091D907FA
:1005F000E091D707F091D807B081AB2BA083F091A1
:10060000941EF860F093941E8091DD078A30E1F12A
:10061000A091DC07E091DA07F091DB07B081AB2B0A
:10062000A08308952091E907E091E707F091E8079A
:1006300090812095292320833091FE0730613093EB
:10064000FE074091FE07842F90E090630CB405FCF8
:100650003EC09EBD00000DB407FEFDCF9EB58EBD11
:1006600000000DB407FEFDCF5EB55093FD0760910D
:10067000E907E091E707F091E8077081672B608355
:100680008091DD078A3021F62091F807E091F60786
:10069000F091F7079081209529232083309100085D
:1006A0003093000840910008842F90E090630CB4D0
:1006B00005FC1AC09EBD00000DB407FEFDCF9EB51F
:1006C0008EBD00000DB407FEFDCF5EB519C08EBD16
:1006D00000000DB407FEFDCF5EB59EBD00000DB459
:1006E00007FEFDCF9EB5C1CF8EBD00000DB407FE45
:1006F000FDCF5EB59EBD00000DB407FEFDCF9EB5DB
:100700005093FF076091F807E091F607F091F70723
:100710007081672B608308958091DD078A30F9F03E
:10072000A091D307E091D107F091D207B081A095B5
:10073000AB23A083F091941EFB7FF093941E8091D5
:10074000DD078A3009F43DC0A091D607E091D407B7
:10075000F091D507B081A095AB23A0830895209197
:10076000E907E091E707F091E807908120952923B8
:1007700020833091FE07377F3093FE074091FE07BC
:10078000842F90E090630CB405FC3FC09EBD000038
:100790000DB407FEFDCF9EB58EBD00000DB407FE63
:1007A000FDCF5EB55093FD076091E907E091E70743
:1007B000F091E8077081672B60838091DD078A30B4
:1007C00019F62091F807E091F607F091F70790816C
:1007D000209529232083309100083F77309300082B
:1007E00040910008842F90E090630CB405FC1AC07F
:1007F0009EBD00000DB407FEFDCF9EB58EBD00006E
:100800000DB407FEFDCF5EB519C08EBD00000DB45E
:1008100007FEFDCF5EB59EBD00000DB407FEFDCF07
:100820009EB5C0CF8EBD00000DB407FEFDCF5EB5F6
:100830009EBD00000DB407FEFDCF9EB55093FF078F
:100840006091F807E091F607F091F7077081672B48
:10085000608308958091DD078A30E1F0A091D3078D
:10086000E091D107F091D207B081AB2BA083F0913A
:10087000941EF460F093941E8091DD078A30E1F1BC
:10088000A091D607E091D407F091D507B081AB2BAA
:10089000A08308952091E907E091E707F091E80728
:1008A00090812095292320833091FE073860309372
:1008B000FE074091FE07842F90E090630CB405FC86
:1008C0003FC09EBD00000DB407FEFDCF9EB58EBD9E
:1008D00000000DB407FEFDCF5EB55093FD0760919B
:1008E000E907E091E707F091E8077081672B6083E3
:1008F0008091DD078A3021F62091F807E091F60714
:10090000F091F707908120952923208330910008EA
:1009100030683093000840910008842F90E0906385
:100920000CB405FC1AC09EBD00000DB407FEFDCF3F
:100930009EB58EBD00000DB407FEFDCF5EB519C09B
:100940008EBD00000DB407FEFDCF5EB59EBD00005C
:100950000DB407FEFDCF9EB5C0CF8EBD00000DB417
:1009600007FEFDCF5EB59EBD00000DB407FEFDCFB6
:100970009EB55093FF076091F807E091F607F0915C
:10098000F7077081672B608308958091DD078A30B7
:10099000F9F0A091CD07E091CB07F091CC07B081A1
:1009A000A095AB23A083F091941EFD7FF093941E3D
:1009B0008091DD078A3009F43DC0A091D007E09115
:1009C000CE07F091CF07B081A095AB23A083089507
:1009D0002091E907E091E707F091E80790812095E1
:1009E000292320833091FE073B7F3093FE074091FF
:1009F000FE07842F90E090630CB405FC3FC09EBDC1
:100A000000000DB407FEFDCF9EB58EBD00000DB4F5
:100A100007FEFDCF5EB55093FD076091E907E091B9
:100A2000E707F091E8077081672B60838091DD070D
:100A30008A3019F62091F807E091F607F091F70750
:100A40009081209529232083309100083F7B3093AB
:100A5000000840910008842F90E090630CB405FCDE
:100A60001AC09EBD00000DB407FEFDCF9EB58EBD21
:100A700000000DB407FEFDCF5EB519C08EBD0000AD
:100A80000DB407FEFDCF5EB59EBD00000DB407FEA0
:100A9000FDCF9EB5C0CF8EBD00000DB407FEFDCFCB
:100AA0005EB59EBD00000DB407FEFDCF9EB5509310
:100AB000FF076091F807E091F607F091F707708162
:100AC000672B608308958091DD078A30E1F0A09163
:100AD000CD07E091CB07F091CC07B081AB2BA08381
:100AE000F091941EF260F093941E8091DD078A309D
:100AF000E1F1A091D007E091CE07F091CF07B0814E
:100B0000AB2BA08308952091E907E091E707F091CE
:100B1000E80790812095292320833091FE073460D7
:100B20003093FE074091FE07842F90E090630CB451
:100B300005FC3FC09EBD00000DB407FEFDCF9EB575
:100B40008EBD00000DB407FEFDCF5EB55093FD07CE
:100B50006091E907E091E707F091E8077081672B62
:100B600060838091DD078A3021F62091F807E091BB
:100B7000F607F091F7079081209529232083309183
:100B8000000830643093000840910008842F90E002
:100B900090630CB405FC1AC09EBD00000DB407FEA6
:100BA000FDCF9EB58EBD00000DB407FEFDCF5EB536
:100BB00019C08EBD00000DB407FEFDCF5EB59EBD11
:100BC00000000DB407FEFDCF9EB5C0CF8EBD000066
:100BD0000DB407FEFDCF5EB59EBD00000DB407FE4F
:100BE000FDCF9EB55093FF076091F807E091F6079F
:100BF000F091F7077081672B608308958091DD077E
:100C00008A30F9F0A091C707E091C507F091C607B7
:100C1000B081A095AB23A083F091941EFE7FF0934A
:100C2000941E8091DD078A3009F43DC0A091CA0767
:100C3000E091C807F091C907B081A095AB23A083CC
:100C400008952091E907E091E707F091E807908186
:100C50002095292320833091FE073D7F3093FE07A6
:100C60004091FE07842F90E090630CB405FC3FC0D8
:100C70009EBD00000DB407FEFDCF9EB58EBD0000E9
:100C80000DB407FEFDCF5EB55093FD076091E907F7
:100C9000E091E707F091E8077081672B608380910E
:100CA000DD078A3019F62091F807E091F607F091F8
:100CB000F7079081209529232083309100083F7DFC
:100CC0003093000840910008842F90E090630CB4AA
:100CD00005FC1AC09EBD00000DB407FEFDCF9EB5F9
:100CE0008EBD00000DB407FEFDCF5EB519C08EBDF0
:100CF00000000DB407FEFDCF5EB59EBD00000DB433
:100D000007FEFDCF9EB5C0CF8EBD00000DB407FE1F
:100D1000FDCF5EB59EBD00000DB407FEFDCF9EB5B4
:100D20005093FF076091F807E091F607F091F707FD
:100D30007081672B608308958091DD078A30E1F030
:100D4000A091C707E091C507F091C607B081AB2B12
:100D5000A083F091941EF160F093941E8091DD07C2
:100D60008A30E1F1A091CA07E091C807F091C90764
:100D7000B081AB2BA08308952091E907E091E707AC
:100D8000F091E80790812095292320833091FE0778
:100D900032603093FE074091FE07842F90E090630D
:100DA0000CB405FC3FC09EBD00000DB407FEFDCF96
:100DB0009EB58EBD00000DB407FEFDCF5EB550930D
:100DC000FD076091E907E091E707F091E80770817E
:100DD000672B60838091DD078A3021F62091F80728
:100DE000E091F607F091F707908120952923208361
:100DF0003091000830623093000840910008842F41
:100E000090E090630CB405FC1AC09EBD00000DB4C8
:100E100007FEFDCF9EB58EBD00000DB407FEFDCFD1
:100E20005EB519C08EBD00000DB407FEFDCF5EB5E6
:100E30009EBD00000DB407FEFDCF9EB5C0CF8EBD98
:100E400000000DB407FEFDCF5EB59EBD00000DB4E1
:100E500007FEFDCF9EB55093FF076091F807E09124
:100E6000F607F091F7077081672B608308958091F2
:100E7000DD078A30F9F0A091D307E091D107F09116
:100E8000D207B081A095AB23A083F091941EFB7F85
:100E9000F093941E8091DD078A3009F43DC0A09143
:100EA000D007E091CE07F091CF07B081A095AB239A
:100EB000A08308952091E907E091E707F091E80702
:100EC00090812095292320833091FE07377F30932E
:100ED000FE074091FE07842F90E090630CB405FC60
:100EE0003FC09EBD00000DB407FEFDCF9EB58EBD78
:100EF00000000DB407FEFDCF5EB55093FD07609175
:100F0000E907E091E707F091E8077081672B6083BC
:100F10008091DD078A3019F62091F807E091F607F5
:100F2000F091F707908120952923208330910008C4
:100F30003F7B3093000840910008842F90E090633D
:100F40000CB405FC1AC09EBD00000DB407FEFDCF19
:100F50009EB58EBD00000DB407FEFDCF5EB519C075
:100F60008EBD00000DB407FEFDCF5EB59EBD000036
:100F70000DB407FEFDCF9EB5C0CF8EBD00000DB4F1
:100F800007FEFDCF5EB59EBD00000DB407FEFDCF90
:100F90009EB55093FF076091F807E091F607F09136
:100FA000F7077081672B608308958091DD078A3091
:100FB000E1F0A091D307E091D107F091D207B08181
:100FC000AB2BA083F091941EF460F093941E80915B
:100FD000DD078A30E1F1A091D007E091CE07F091D2
:100FE000CF07B081AB2BA08308952091E907E09152
:100FF000E707F091E807908120952923208330911D
:10100000FE0738603093FE074091FE07842F90E082
:1010100090630CB405FC3FC09EBD00000DB407FEFC
:10102000FDCF9EB58EBD00000DB407FEFDCF5EB5B1
:101030005093FD076091E907E091E707F091E80719
:101040007081672B60838091DD078A3021F62091C3
:10105000F807E091F607F091F70790812095292392
:1010600020833091000830643093000840910008DC
:10107000842F90E090630CB405FC1AC09EBD000064
:101080000DB407FEFDCF9EB58EBD00000DB407FE6A
:10109000FDCF5EB519C08EBD00000DB407FEFDCFBB
:1010A0005EB59EBD00000DB407FEFDCF9EB5C0CF5E
:1010B0008EBD00000DB407FEFDCF5EB59EBD0000E5
:1010C0000DB407FEFDCF9EB55093FF076091F80762
:1010D000E091F607F091F7077081672B6083089520
:1010E0008091DD078A30F9F0A091CD07E091CB0720
:1010F000F091CC07B081A095AB23A083F091941E12
:10110000FD7FF093941E8091DD078A3009F43DC085
:10111000A091CA07E091C807F091C907B081A095D6
:10112000AB23A08308952091E907E091E707F091B0
:10113000E80790812095292320833091FE073B7F8B
:101140003093FE074091FE07842F90E090630CB42B
:1011500005FC3FC09EBD00000DB407FEFDCF9EB54F
:101160008EBD00000DB407FEFDCF5EB55093FD07A8
:101170006091E907E091E707F091E8077081672B3C
:1011800060838091DD078A3019F62091F807E0919D
:10119000F607F091F707908120952923208330915D
:1011A00000083F7D3093000840910008842F90E0B4
:1011B00090630CB405FC1AC09EBD00000DB407FE80
:1011C000FDCF9EB58EBD00000DB407FEFDCF5EB510
:1011D00019C08EBD00000DB407FEFDCF5EB59EBDEB
:1011E00000000DB407FEFDCF9EB5C0CF8EBD000040
:1011F0000DB407FEFDCF5EB59EBD00000DB407FE29
:10120000FDCF9EB55093FF076091F807E091F60778
:10121000F091F7077081672B608308958091DD0757
:101220008A30E1F0A091CD07E091CB07F091CC0797
:10123000B081AB2BA083F091941EF260F093941ECA
:101240008091DD078A30E1F1A091CA07E091C807DB
:10125000F091C907B081AB2BA08308952091E907D5
:10126000E091E707F091E8079081209529232083FA
:101270003091FE0734603093FE074091FE07842FC3
:1012800090E090630CB405FC3FC09EBD00000DB41F
:1012900007FEFDCF9EB58EBD00000DB407FEFDCF4D
:1012A0005EB55093FD076091E907E091E707F09183
:1012B000E8077081672B60838091DD078A3021F613
:1012C0002091F807E091F607F091F70790812095BB
:1012D0002923208330910008306230930008409128
:1012E0000008842F90E090630CB405FC1AC09EBDEA
:1012F00000000DB407FEFDCF9EB58EBD00000DB4FD
:1013000007FEFDCF5EB519C08EBD00000DB407FE0F
:10131000FDCF5EB59EBD00000DB407FEFDCF9EB5AE
:10132000C0CF8EBD00000DB407FEFDCF5EB59EBDE3
:1013300000000DB407FEFDCF9EB55093FF076091EE
:10134000F807E091F607F091F7077081672B60834B
:1013500008958091DD078A30F9F0A091D307E091DC
:10136000D107F091D207B081A095AB23A083F09173
:10137000941EFB7FF093941E8091DD078A3009F460
:101380003DC0A091CA07E091C807F091C907B0819C
:10139000A095AB23A08308952091E907E091E7078A
:1013A000F091E80790812095292320833091FE0752
:1013B000377F3093FE074091FE07842F90E09063C3
:1013C0000CB405FC3FC09EBD00000DB407FEFDCF70
:1013D0009EB58EBD00000DB407FEFDCF5EB55093E7
:1013E000FD076091E907E091E707F091E807708158
:1013F000672B60838091DD078A3019F62091F8070A
:10140000E091F607F091F70790812095292320833A
:10141000309100083F7D3093000840910008842FF0
:1014200090E090630CB405FC1AC09EBD00000DB4A2
:1014300007FEFDCF9EB58EBD00000DB407FEFDCFAB
:101440005EB519C08EBD00000DB407FEFDCF5EB5C0
:101450009EBD00000DB407FEFDCF9EB5C0CF8EBD72
:1014600000000DB407FEFDCF5EB59EBD00000DB4BB
:1014700007FEFDCF9EB55093FF076091F807E091FE
:10148000F607F091F7077081672B608308958091CC
:10149000DD078A30E1F0A091D307E091D107F09108
:1014A000D207B081AB2BA083F091941EF460F0932F
:1014B000941E8091DD078A30E1F1A091CA07E09186
:1014C000C807F091C907B081AB2BA0830895209184
:1014D000E907E091E707F091E8079081209529233B
:1014E00020833091FE0738603093FE074091FE075D
:1014F000842F90E090630CB405FC3FC09EBD0000BB
:101500000DB407FEFDCF9EB58EBD00000DB407FEE5
:10151000FDCF5EB55093FD076091E907E091E707C5
:10152000F091E8077081672B60838091DD078A3036
:1015300021F62091F807E091F607F091F7079081E6
:1015400020952923208330910008306230930008D1
:1015500040910008842F90E090630CB405FC1AC001
:101560009EBD00000DB407FEFDCF9EB58EBD0000F0
:101570000DB407FEFDCF5EB519C08EBD00000DB4E1
:1015800007FEFDCF5EB59EBD00000DB407FEFDCF8A
:101590009EB5C0CF8EBD00000DB407FEFDCF5EB579
:1015A0009EBD00000DB407FEFDCF9EB55093FF0712
:1015B0006091F807E091F607F091F7077081672BCB
:1015C000608308958091DD078A3021F1A091CD07D5
:1015D000E091CB07F091CC07B081A095AB23A0831D
:1015E000F091941EFD7FF093941E8091DD078A3068
:1015F00009F443C0A091D307E091D107F091D2073D
:10160000B081A095AB23A083F091941EFB7FF09353
:10161000941E08952091E907E091E707F091E8070B
:1016200090812095292320833091FE073B7F3093C2
:10163000FE074091FE07842F90E090630CB405FCF8
:1016400040C09EBD00000DB407FEFDCF9EB58EBD0F
:1016500000000DB407FEFDCF5EB55093FD0760910D
:10166000E907E091E707F091E8077081672B608355
:101670008091DD078A3009F0BDCF2091E907E09124
:10168000E707F091E8079081209529232083309186
:10169000FE07377F3093FE074091FE07842F90E0CE
:1016A00090630CB405FC1AC09EBD00000DB407FE8B
:1016B000FDCF9EB58EBD00000DB407FEFDCF5EB51B
:1016C00019C08EBD00000DB407FEFDCF5EB59EBDF6
:1016D00000000DB407FEFDCF9EB5BFCF8EBD00004C
:1016E0000DB407FEFDCF5EB59EBD00000DB407FE34
:1016F000FDCF9EB55093FD076091E907E091E707A4
:10170000F091E8077081672B608308958091DD0771
:101710008A3011F1A091CD07E091CB07F091CC0771
:10172000B081AB2BA083F091941EF260F093941ED5
:101730008091DD078A3009F442C0A091D307E0917F
:10174000D107F091D207B081AB2BA083F091941E0A
:10175000F460F093941E08952091E907E091E70763
:10176000F091E80790812095292320833091FE078E
:1017700034603093FE074091FE07842F90E0906321
:101780000CB405FC40C09EBD00000DB407FEFDCFAB
:101790009EB58EBD00000DB407FEFDCF5EB5509323
:1017A000FD076091E907E091E707F091E807708194
:1017B000672B60838091DD078A3009F0BECF2091CE
:1017C000E907E091E707F091E80790812095292348
:1017D00020833091FE0738603093FE074091FE076A
:1017E000842F90E090630CB405FC1AC09EBD0000ED
:1017F0000DB407FEFDCF9EB58EBD00000DB407FEF3
:10180000FDCF5EB519C08EBD00000DB407FEFDCF43
:101810005EB59EBD00000DB407FEFDCF9EB5BFCFE7
:101820008EBD00000DB407FEFDCF5EB59EBD00006D
:101830000DB407FEFDCF9EB55093FD076091E907FB
:10184000E091E707F091E8077081672B60830895C6
:101850008091DD078A3021F1A091C707E091C5078B
:10186000F091C607B081A095AB23A083F091941EA0
:10187000FE7FF093941E8091DD078A3009F443C007
:10188000A091D907E091D707F091D807B081A09532
:10189000AB23A083F091941EF77FF093941E0895DC
:1018A0002091E907E091E707F091E8079081209502
:1018B000292320833091FE073D7F3093FE0740911E
:1018C000FE07842F90E090630CB405FC40C09EBDE1
:1018D00000000DB407FEFDCF9EB58EBD00000DB417
:1018E00007FEFDCF5EB55093FD076091E907E091DB
:1018F000E707F091E8077081672B60838091DD072F
:101900008A3009F0BDCF2091E907E091E707F09117
:10191000E80790812095292320833091FE073F7EA0
:101920003093FE074091FE07842F90E090630CB443
:1019300005FC1AC09EBD00000DB407FEFDCF9EB58C
:101940008EBD00000DB407FEFDCF5EB519C08EBD83
:1019500000000DB407FEFDCF5EB59EBD00000DB4C6
:1019600007FEFDCF9EB5BFCF8EBD00000DB407FEB4
:10197000FDCF5EB59EBD00000DB407FEFDCF9EB548
:101980005093FD076091E907E091E707F091E807C0
:101990007081672B608308958091DD078A3011F193
:1019A000A091C707E091C507F091C607B081AB2BA6
:1019B000A083F091941EF160F093941E8091DD0756
:1019C0008A3009F442C0A091D907E091D707F0917D
:1019D000D807B081AB2BA083F091941EF860F093F0
:1019E000941E08952091E907E091E707F091E80738
:1019F00090812095292320833091FE073260309317
:101A0000FE074091FE07842F90E090630CB405FC24
:101A100040C09EBD00000DB407FEFDCF9EB58EBD3B
:101A200000000DB407FEFDCF5EB55093FD07609139
:101A3000E907E091E707F091E8077081672B608381
:101A40008091DD078A3009F0BECF2091E907E0914F
:101A5000E707F091E80790812095292320833091B2
:101A6000FE0730613093FE074091FE07842F90E01F
:101A700090630CB405FC1AC09EBD00000DB407FEB7
:101A8000FDCF9EB58EBD00000DB407FEFDCF5EB547
:101A900019C08EBD00000DB407FEFDCF5EB59EBD22
:101AA00000000DB407FEFDCF9EB5BFCF8EBD000078
:101AB0000DB407FEFDCF5EB59EBD00000DB407FE60
:101AC000FDCF9EB55093FD076091E907E091E707D0
:101AD000F091E8077081672B608308958091DD079E
:101AE0008A3021F1A091CD07E091CB07F091CC078E
:101AF000B081A095AB23A083F091941EFD7FF0935D
:101B0000941E8091DD078A3009F443C0A091D90763
:101B1000E091D707F091D807B081A095AB23A083BF
:101B2000F091941EF77FF093941E08952091E90799
:101B3000E091E707F091E807908120952923208321
:101B40003091FE073B7F3093FE074091FE07842FC4
:101B500090E090630CB405FC40C09EBD00000DB445
:101B600007FEFDCF9EB58EBD00000DB407FEFDCF74
:101B70005EB55093FD076091E907E091E707F091AA
:101B8000E8077081672B60838091DD078A3009F058
:101B9000BDCF2091E907E091E707F091E807908138
:101BA0002095292320833091FE073F7E3093FE0746
:101BB0004091FE07842F90E090630CB405FC1AC09E
:101BC0009EBD00000DB407FEFDCF9EB58EBD00008A
:101BD0000DB407FEFDCF5EB519C08EBD00000DB47B
:101BE00007FEFDCF5EB59EBD00000DB407FEFDCF24
:101BF0009EB5BFCF8EBD00000DB407FEFDCF5EB514
:101C00009EBD00000DB407FEFDCF9EB55093FD07AD
:101C10006091E907E091E707F091E8077081672B91
:101C2000608308958091DD078A3011F1A091CD077E
:101C3000E091CB07F091CC07B081AB2BA083F09162
:101C4000941EF260F093941E8091DD078A3009F4AF
:101C500042C0A091D907E091D707F091D807B08191
:101C6000AB2BA083F091941EF860F093941E08951E
:101C70002091E907E091E707F091E807908120952E
:101C8000292320833091FE0734603093FE07409172
:101C9000FE07842F90E090630CB405FC40C09EBD0D
:101CA00000000DB407FEFDCF9EB58EBD00000DB443
:101CB00007FEFDCF5EB55093FD076091E907E09107
:101CC000E707F091E8077081672B60838091DD075B
:101CD0008A3009F0BECF2091E907E091E707F09143
:101CE000E80790812095292320833091FE073061F9
:101CF0003093FE074091FE07842F90E090630CB470
:101D000005FC1AC09EBD00000DB407FEFDCF9EB5B8
:101D10008EBD00000DB407FEFDCF5EB519C08EBDAF
:101D200000000DB407FEFDCF5EB59EBD00000DB4F2
:101D300007FEFDCF9EB5BFCF8EBD00000DB407FEE0
:101D4000FDCF5EB59EBD00000DB407FEFDCF9EB574
:101D50005093FD076091E907E091E707F091E807EC
:101D60007081672B608308958091DD078A3021F1AF
:101D7000A091C707E091C507F091C607B081A09573
:101D8000AB23A083F091941EFE7FF093941E80916C
:101D9000DD078A3009F443C0A091D307E091D10751
:101DA000F091D207B081A095AB23A083F091941E4F
:101DB000FB7FF093941E08952091E907E091E707D7
:101DC000F091E80790812095292320833091FE0728
:101DD0003D7F3093FE074091FE07842F90E0906393
:101DE0000CB405FC40C09EBD00000DB407FEFDCF45
:101DF0009EB58EBD00000DB407FEFDCF5EB55093BD
:101E0000FD076091E907E091E707F091E80770812D
:101E1000672B60838091DD078A3009F0BDCF209168
:101E2000E907E091E707F091E807908120952923E1
:101E300020833091FE07377F3093FE074091FE07E5
:101E4000842F90E090630CB405FC1AC09EBD000086
:101E50000DB407FEFDCF9EB58EBD00000DB407FE8C
:101E6000FDCF5EB519C08EBD00000DB407FEFDCFDD
:101E70005EB59EBD00000DB407FEFDCF9EB5BFCF81
:101E80008EBD00000DB407FEFDCF5EB59EBD000007
:101E90000DB407FEFDCF9EB55093FD076091E90795
:101EA000E091E707F091E8077081672B6083089560
:101EB0008091DD078A3011F1A091C707E091C50735
:101EC000F091C607B081AB2BA083F091941EF16016
:101ED000F093941E8091DD078A3009F442C0A091EE
:101EE000D307E091D107F091D207B081AB2BA0834B
:101EF000F091941EF460F093941E08952091E907E8
:101F0000E091E707F091E80790812095292320834D
:101F10003091FE0732603093FE074091FE07842F18
:101F200090E090630CB405FC40C09EBD00000DB471
:101F300007FEFDCF9EB58EBD00000DB407FEFDCFA0
:101F40005EB55093FD076091E907E091E707F091D6
:101F5000E8077081672B60838091DD078A3009F084
:101F6000BECF2091E907E091E707F091E807908163
:101F70002095292320833091FE0738603093FE0797
:101F80004091FE07842F90E090630CB405FC1AC0CA
:101F90009EBD00000DB407FEFDCF9EB58EBD0000B6
:101FA0000DB407FEFDCF5EB519C08EBD00000DB4A7
:101FB00007FEFDCF5EB59EBD00000DB407FEFDCF50
:101FC0009EB5BFCF8EBD00000DB407FEFDCF5EB540
:101FD0009EBD00000DB407FEFDCF9EB55093FD07DA
:101FE0006091E907E091E707F091E8077081672BBE
:101FF000608308958091DD078A3059F0A091D00761
:10200000E091CE07F091CF07B081A095AB23A083DC
:1020100008952091F807E091F607F091F707908175
:10202000209529232083309100083F7B30930008BE
:1020300040910008842F90E090630CB405FC18C018
:102040009EBD00000DB407FEFDCF9EB58EBD000005
:102050000DB407FEFDCF5EB55093FF076091F80702
:10206000E091F607F091F7077081672B6083089580
:102070008EBD00000DB407FEFDCF5EB59EBD000015
:102080000DB407FEFDCF9EB5E7CF8091DD078A3006
:1020900051F0A091D007E091CE07F091CF07B08129
:1020A000BA2BB08308952091F807E091F607F091DC
:1020B000F707908120952923208330910008306410
:1020C0003093000840910008842F90E090630CB496
:1020D00005FC18C09EBD00000DB407FEFDCF9EB5E7
:1020E0008EBD00000DB407FEFDCF5EB55093FF0717
:1020F0006091F807E091F607F091F7077081672B80
:10210000608308958EBD00000DB407FEFDCF5EB55F
:102110009EBD00000DB407FEFDCF9EB5E7CF8091B8
:10212000DD078A3059F0A091CA07E091C807F09105
:10213000C907B081A095AB23A08308952091F8072B
:10214000E091F607F091F7079081209529232083ED
:10215000309100083F7D3093000840910008842FA3
:1021600090E090630CB405FC18C09EBD00000DB457
:1021700007FEFDCF9EB58EBD00000DB407FEFDCF5E
:102180005EB55093FF076091F807E091F607F09174
:10219000F7077081672B608308958EBD00000DB432
:1021A00007FEFDCF5EB59EBD00000DB407FEFDCF5E
:1021B0009EB5E7CF8091DD078A3051F0A091CA0724
:1021C000E091C807F091C907B081BA2BB083089598
:1021D0002091F807E091F607F091F707908120959C
:1021E0002923208330910008306230930008409109
:1021F0000008842F90E090630CB405FC18C09EBDCD
:1022000000000DB407FEFDCF9EB58EBD00000DB4DD
:1022100007FEFDCF5EB55093FF076091F807E09190
:10222000F607F091F7077081672B608308958EBDE4
:1022300000000DB407FEFDCF5EB59EBD00000DB4DD
:1022400007FEFDCF9EB5E7CF8091DD078A3081F094
:10225000A091D907E091D707F091D807B081A09558
:10226000AB23A083F091941EF77FF093941E089502
:102270002091E907E091E707F091E8079081209528
:10228000292320833091FE073F7E3093FE07409143
:10229000FE07842F90E090630CB405FC18C09EBD2F
:1022A00000000DB407FEFDCF9EB58EBD00000DB43D
:1022B00007FEFDCF5EB55093FD076091E907E09101
:1022C000E707F091E8077081672B608308958EBD62
:1022D00000000DB407FEFDCF5EB59EBD00000DB43D
:1022E00007FEFDCF9EB5E7CF8091DD078A3079F0FC
:1022F000A091D907E091D707F091D807B081BA2B08
:10230000B083F091941EF860F093941E089520918C
:10231000E907E091E707F091E807908120952923EC
:1023200020833091FE0730613093FE074091FE0715
:10233000842F90E090630CB405FC18C09EBD000093
:102340000DB407FEFDCF9EB58EBD00000DB407FE97
:10235000FDCF5EB55093FD076091E907E091E70777
:10236000F091E8077081672B608308958EBD0000AF
:102370000DB407FEFDCF5EB59EBD00000DB407FE97
:10238000FDCF9EB5E7CF8091DD078A3081F0A09127
:10239000D307E091D107F091D207B081A095AB238C
:1023A000A083F091941EFB7FF093941E08952091DA
:1023B000E907E091E707F091E8079081209529234C
:1023C00020833091FE07377F3093FE074091FE0750
:1023D000842F90E090630CB405FC18C09EBD0000F3
:1023E0000DB407FEFDCF9EB58EBD00000DB407FEF7
:1023F000FDCF5EB55093FD076091E907E091E707D7
:10240000F091E8077081672B608308958EBD00000E
:102410000DB407FEFDCF5EB59EBD00000DB407FEF6
:10242000FDCF9EB5E7CF8091DD078A3079F0A0918E
:10243000D307E091D107F091D207B081BA2BB083D6
:10244000F091941EF460F093941E08952091E90792
:10245000E091E707F091E8079081209529232083F8
:102460003091FE0738603093FE074091FE07842FBD
:1024700090E090630CB405FC18C09EBD00000DB444
:1024800007FEFDCF9EB58EBD00000DB407FEFDCF4B
:102490005EB55093FD076091E907E091E707F09181
:1024A000E8077081672B608308958EBD00000DB42E
:1024B00007FEFDCF5EB59EBD00000DB407FEFDCF4B
:1024C0009EB5E7CF8091DD078A3081F0A091CD07DE
:1024D000E091CB07F091CC07B081A095AB23A0830E
:1024E000F091941EFD7FF093941E08952091E907CA
:1024F000E091E707F091E807908120952923208358
:102500003091FE073B7F3093FE074091FE07842FFA
:1025100090E090630CB405FC18C09EBD00000DB4A3
:1025200007FEFDCF9EB58EBD00000DB407FEFDCFAA
:102530005EB55093FD076091E907E091E707F091E0
:10254000E8077081672B608308958EBD00000DB48D
:1025500007FEFDCF5EB59EBD00000DB407FEFDCFAA
:102560009EB5E7CF8091DD078A3079F0A091CD0745
:10257000E091CB07F091CC07B081BA2BB083F091FA
:10258000941EF260F093941E08952091E907E09163
:10259000E707F091E8079081209529232083309167
:1025A000FE0734603093FE074091FE07842F90E0D1
:1025B00090630CB405FC18C09EBD00000DB407FE6E
:1025C000FDCF9EB58EBD00000DB407FEFDCF5EB5FC
:1025D0005093FD076091E907E091E707F091E80764
:1025E0007081672B608308958EBD00000DB407FED7
:1025F000FDCF5EB59EBD00000DB407FEFDCF9EB5BC
:10260000E7CF8091DD078A3081F0A091C707E09184
:10261000C507F091C607B081A095AB23A083F091C8
:10262000941EFE7FF093941E08952091E907E09197
:10263000E707F091E80790812095292320833091C6
:10264000FE073D7F3093FE074091FE07842F90E008
:1026500090630CB405FC18C09EBD00000DB407FECD
:10266000FDCF9EB58EBD00000DB407FEFDCF5EB55B
:102670005093FD076091E907E091E707F091E807C3
:102680007081672B608308958EBD00000DB407FE36
:10269000FDCF5EB59EBD00000DB407FEFDCF9EB51B
:1026A000E7CF8091DD078A3079F0A091C707E091EC
:1026B000C507F091C607B081BA2BB083F091941E84
:1026C000F160F093941E08952091E907E091E707E7
:1026D000F091E80790812095292320833091FE070F
:1026E00032603093FE074091FE07842F90E09063A4
:1026F0000CB405FC18C09EBD00000DB407FEFDCF54
:102700009EB58EBD00000DB407FEFDCF5EB55093A3
:10271000FD076091E907E091E707F091E807708114
:10272000672B608308958EBD00000DB407FEFDCFBA
:102730005EB59EBD00000DB407FEFDCF9EB5E7CF90
:102740008091D51C84709091FC079A3001F1E09142
:10275000F907F091FA07811114C07091FB07A0816D
:1027600070957A237083F0914E1FF6FF08952091A3
:102770003508E0913308F09134089081292B2083AB
:102780000895B091FB0780818B2B8083ECCFE09183
:10279000F607F091F7072091F80730812095232361
:1027A000208340910008409300088091000890E049
:1027B00090630E9465778093FF075091F807E0913E
:1027C000F607F091F7076081652B6083CCCF80918D
:1027D000D51C84709091FC079A3041F1E091F90783
:1027E000F091FA0781110DC07091FB07A081A72B12
:1027F000A083F0914E1FF6FD0EC091E09093360835
:102800000895B091FB078081B095B823B083F09113
:102810004E1FF6FFF2CF20913508E0913308F0917A
:10282000340830812095232320830895E091F60712
:10283000F091F7072091F80730812095232320831A
:1028400040910008409300088091000890E0906358
:102850000E9465778093FF075091F807E091F60793
:10286000F091F7076081652B6083C3CF8091D51C01
:1028700084709091FC079A3001F1E091F307F09198
:10288000F407811114C0B091F5078081B095B82389
:10289000B083F0914E1FF6FF089530913508E09116
:1028A0003308F09134084081342B3083089590919F
:1028B000F5072081292B2083ECCFE091F607F091DA
:1028C000F70781111DC02091F8073081209523233F
:1028D0002083409100084F774093000880910008C2
:1028E00090E090630E9465778093FF077091F807EE
:1028F000E091F607F091F707A081A72BA083C9CF3D
:102900005091F807608150955623508340910008FC
:102910004068E2CF8091D51C84709091FC079A307A
:1029200041F1E091F307F091F40781110DC0B091EE
:10293000F50780818B2B8083F0914E1FF6FD0EC032
:1029400031E03093360808952091F5079081209565
:1029500029232083F0914E1FF6FFF2CF40913508D6
:10296000E0913308F091340850814095452340832D
:102970000895E091F607F091F70781111DC02091AD
:10298000F807308120952323208340910008406878
:10299000409300088091000890E090630E94657762
:1029A0008093FF077091F807E091F607F091F70721
:1029B000A081A72BA083C0CF5091F80760815095CC
:1029C00056235083409100084F77E2CF8091D51C69
:1029D00084709091FC079A3001F1E091F007F0913A
:1029E000F107811114C0B091F2078081B095B8232E
:1029F000B083F0914E1FF6FF089530913508E091B5
:102A00003308F09134084081342B3083089590913D
:102A1000F2072081292B2083ECCFE091F607F0917B
:102A2000F70781111DC02091F807308120952323DD
:102A30002083409100084F7B40930008809100085C
:102A400090E090630E9465778093FF077091F8078C
:102A5000E091F607F091F707A081A72BA083C9CFDB
:102A60005091F8076081509556235083409100089B
:102A70004064E2CF8091D51C84709091FC079A301D
:102A800041F1E091F007F091F10781110DC0B09193
:102A9000F20780818B2B8083F0914E1FF6FD0EC0D4
:102AA00031E03093360808952091F2079081209507
:102AB00029232083F0914E1FF6FFF2CF4091350875
:102AC000E0913308F09134085081409545234083CC
:102AD0000895E091F607F091F70781111DC020914C
:102AE000F80730812095232320834091000840641B
:102AF000409300088091000890E090630E94657701
:102B00008093FF077091F807E091F607F091F707BF
:102B1000A081A72BA083C0CF5091F807608150956A
:102B200056235083409100084F7BE2CF8091DD0710
:102B30008A3059F0A091DC07E091DA07F091DB07C9
:102B4000B081A095AB23A08308952091F807E09170
:102B5000F607F091F7079081209529232083309183
:102B600000083093000840910008842F90E09063A3
:102B70000CB405FC18C09EBD00000DB407FEFDCFCF
:102B80009EB58EBD00000DB407FEFDCF5EB550931F
:102B9000FF076091F807E091F607F091F707708161
:102BA000672B608308958EBD00000DB407FEFDCF36
:102BB0005EB59EBD00000DB407FEFDCF9EB5E7CF0C
:102BC0008091DD078A3051F0A091DC07E091DA07AF
:102BD000F091DB07B081BA2BB08308952091F807FC
:102BE000E091F607F091F707908120952923208343
:102BF000309100083093000840910008842F90E045
:102C000090630CB405FC18C09EBD00000DB407FE17
:102C1000FDCF9EB58EBD00000DB407FEFDCF5EB5A5
:102C20005093FF076091F807E091F607F091F707DE
:102C30007081672B608308958EBD00000DB407FE80
:102C4000FDCF5EB59EBD00000DB407FEFDCF9EB565
:102C5000E7CF8091DD078A3059F0A091D607E09147
:102C6000D407F091D507B081A095AB23A083089538
:102C70002091F807E091F607F091F70790812095F1
:102C800029232083309100083F773093000840913A
:102C90000008842F90E090630CB405FC18C09EBD22
:102CA00000000DB407FEFDCF9EB58EBD00000DB433
:102CB00007FEFDCF5EB55093FF076091F807E091E6
:102CC000F607F091F7077081672B608308958EBD3A
:102CD00000000DB407FEFDCF5EB59EBD00000DB433
:102CE00007FEFDCF9EB5E7CF8091DD078A3051F01A
:102CF000A091D607E091D407F091D507B081BA2B07
:102D0000B08308952091F807E091F607F091F70756
:102D100090812095292320833091000830683093DA
:102D2000000840910008842F90E090630CB405FCEB
:102D300018C09EBD00000DB407FEFDCF9EB58EBD30
:102D400000000DB407FEFDCF5EB55093FF07609104
:102D5000F807E091F607F091F7077081672B608321
:102D600008958EBD00000DB407FEFDCF5EB59EBD7B
:102D700000000DB407FEFDCF9EB5E7CFDC01FB01DF
:102D80002481358186819781280F391FE381E031C5
:102D900010F00F94D9BAF0E08827EE52F94E8E4F1A
:102DA0000D9458BAB604A406F602A8045004BA005A
:102DB0004E022004C800A6059601EE027E015403CF
:102DC000CE0144052032314008F021C24EE257E1E5
:102DD00011965C934E9355E012965C9312976EE0B9
:102DE00046C12035310508F42AC22F3F310511F0C4
:102DF00008F072C28DE59BE011969C938E9312961B
:102E00001C921297FFE01396FC93139760E570E015
:102E100015967C936E93149720EB30E017963C93B5
:102E20002E93169718961C92189715C011961C92FF
:102E30001E9212961C92129713961C921397159637
:102E40001C921E92149717961C921E92169773E06E
:102E500018967C931897CD0108952038310508F015
:102E6000E6C120E23CE011963C932E9312961C9210
:102E7000129791E047C02032314008F0C0C1E3E032
:102E8000FBE11196FC93EE9335E012963C9312977A
:102E900062E0EDC02032314008F099C125E738E109
:102EA00011963C932E9375E012967C93129763E0F3
:102EB000DEC02038310508F082C180ED9CE111961A
:102EC0009C938E9312961C92129794E01BC0203212
:102ED000314008F06CC1E7EEF5E11196FC93EE93FA
:102EE00065E012966C931297C2C02038310508F045
:102EF0003CC140E45FE111965C934E9312961C92A4
:102F0000129796E013969C93139715961C921E9217
:102F1000149740E850E017965C934E9316971896D6
:102F20001C921897CD0108952035310508F4C9C1C8
:102F3000203A310508F405C2203F310508F027C2C8
:102F400020E835E111963C932E93F3E01296FC9322
:102F5000129757E013965C93139740EA50E015964A
:102F60005C934E931497E0E5F0E01796FC93EE9394
:102F7000169771E018967C9318976DCF2033310522
:102F800008F484C12036310508F4E6C12039310542
:102F900008F42FC2203C310508F448C2203F310517
:102FA00008F461C2203281E0380708F479C2203584
:102FB00081E0380708F491C22038314008F0AAC2F5
:102FC000E5E6F1E11196FC93EE9351E012965C93E5
:102FD000129778E013967C93139720E531E01596CD
:102FE0003C932E93149780E390E017969C938E93D6
:102FF000169718965C9318972ECF203C310508F051
:10300000CEC086EB9CE011969C938E9312961C92F8
:10301000129779E00DC0203C310508F08DC0E9E839
:10302000FDE11196FC93EE9312961C9212977AE0B2
:1030300013967C93139715961C921E92149740EC4E
:1030400050E017965C934E93169718961C9218971B
:1030500002CF2032314008F055C06CEB79E1119677
:103060007C936E9335E012963C9312976BE0139627
:103070006C93139715961C921E92149780E291E020
:1030800017969C938E931697F1E01896FC931897D9
:10309000CD0108952035310508F4EDC0203A310501
:1030A00008F433C1283B310508F08AC14EE351E1F1
:1030B00011965C934E9332E012963C9312975CE02B
:1030C00013965C93139760EA70E015967C936E9369
:1030D0001497E8E1F0E01796FC93EE93169771E0F1
:1030E00018967C931897B7CE2038310508F097C012
:1030F000EEE8F9E01196FC93EE9312961C9212976B
:103100009DE000CF11961C921E9212961C9212976F
:103110003BE013963C93139740E251E015965C9385
:103120004E93149717965C934E93169793E01896C8
:103130009C931897CD01089511961C921E92129699
:103140001C9212975AE013965C93139720EC30E090
:1031500015963C932E93149717963C932E9316979F
:1031600093E018969C93189776CE11961C921E9217
:1031700012961C92129776E013967C93139760E850
:1031800070E015967C936E93149717967C936E93CC
:10319000169753E018965C931897CD0108951196F1
:1031A0001C921E9212961C92129759E0CCCF119647
:1031B0001C921E9212961C92129735E0AACF11967D
:1031C0001C921E9212961C92129774E0D5CF119603
:1031D0001C921E9212961C92129753E013965C93C7
:1031E000139760E271E015967C936E93149717968F
:1031F0007C936E93169718965C9318972CCE119625
:103200001C921E9212961C92129732E082CF119657
:103210001C921E9212961C9212973EE07ACF119643
:103220001C921E9212961C9212977DE0A5CF1196C9
:103230001C921E9212961C92129771E09DCF42EB47
:1032400054E111965C934E9353E012965C9312975F
:103250007FE013967C93139715961C921E921497F9
:10326000E0E5F0E01796FC93EE93169791E0189640
:103270009C931897F0CD8DE793E111969C938E93D4
:1032800043E012964C9312977CE0E3CF4AE353E17C
:1032900011965C934E9371E012967C93129798E08E
:1032A00013969C93139715961C921E921497E0E325
:1032B000F0E01796FC93EE93169718967C93189768
:1032C000CACD29E135E111963C932E93F3E0129695
:1032D000FC93129777E0BDCF11961C921E92129626
:1032E0001C9212979FE013969C931397E0E0F1E0F5
:1032F0001596FC93EE9314971796FC93EE931697FE
:1033000033E018963C931897A6CD24EE33E111963E
:103310003C932E9393E012969C931297FCE01396A5
:10332000FC93139760E570E015967C936E93149769
:1033300017967C936E93169731E018963C931897E6
:103340008ACD8BE494E111969C938E9393E0129630
:103350009C931297F7E0E3CF67EF72E111967C93AD
:103360006E93F1E01296FC93129758E013965C93DB
:10337000139720E330E015963C932E9314971796FD
:103380003C932E9316971896FC93189764CD11963C
:103390001C921E9212961C92129737E013963C9341
:1033A000139780EF90E015969C938E931497179641
:1033B0009C938E93169763E018966C9318974BCD59
:1033C00011961C921E9212961C921297FCE0139674
:1033D000FC93139728EB30E015963C932E931497AB
:1033E00017963C932E93169783E018968C93189714
:1033F00032CD44EB52E111965C934E9371E01296FC
:103400007C93129738E013963C931397E0E6F0E034
:103410001596FC93EE93149780E390E017969C9397
:103420008E93169718967C93189715CD81E792E1A5
:1034300011969C938E9351E012965C93129798E0AC
:1034400013969C93139760E970E015967C936E93A6
:10345000149720E330E017963C932E931697189616
:103460005C931897F8CC4EE252E111965C934E9320
:1034700071E012967C931297F8E01396FC931397E1
:1034800020EC30E015963C932E931497E0E3F0E0A7
:103490001796FC93EE93169718967C931897DBCCAF
:1034A000EBEEF1E11196FC93EE9351E012965C93F2
:1034B000129738E013963C93139780EF90E015969F
:1034C0009C938E93149760E370E017967C936E93B1
:1034D000169718965C931897BECC48EA51E111965E
:1034E0005C934E93F1E01296FC93129798E013963A
:1034F0009C93139760E271E015967C936E931497FA
:1035000020E330E017963C932E9316971896FC9381
:103510001897A1CC11961C921E9212961C9212978B
:10352000F8E01396FC93139760E871E015967C938E
:103530006E93149717967C936E93169733E01896B4
:103540003C93189788CCDC01603110F00F94D9BA05
:10355000E62FF0E08827E055F54E8E4F0D9458BACF
:10356000D00008032802B8005201DC04CC03CC02CE
:10357000F204FA050C01F404C602BC00D8022E01C4
:103580008EE297E111969C938E9325E012962C93F0
:1035900012973EE013963C93139715961C921E9239
:1035A000149720E231E017963C932E93169751E042
:1035B00018965C931897CD010895E2EBF4E111960B
:1035C000FC93EE9373E012967C9312979FE0139610
:1035D0009C93139715961C921E92149780E590E089
:1035E00017969C938E931697F1E01896FC93189774
:1035F000CD01089511961C921E9212961C9212975C
:1036000013961C92139715961C921E921497179658
:103610001C921E92169733E018963C931897CBCFC6
:1036200040E25CE011965C934E9312961C921297C6
:1036300051E013965C93139715961C921E92149763
:1036400060E870E017967C936E93169718961C921C
:103650001897CD01089583E09BE111969C938E937A
:10366000F5E01296FC93129732E094CFE5E7F8E18B
:103670001196FC93EE9395E012969C93129733E08B
:1036800089CF60ED7CE111967C936E9312961C922B
:10369000129754E0CECF47EE55E111965C934E93CE
:1036A00035E012963C93129775CF20E43FE11196D6
:1036B0003C932E9312961C92129756E0BACF89E152
:1036C00095E111969C938E9373E012967C931297DA
:1036D00097E07DCF6AE373E111967C936E9351E09E
:1036E00012965C93129738E013963C9313971596B5
:1036F0001C921E921497E0E3F0E01796FC93EE9371
:10370000169718965C93189756CF26EB3CE01196C7
:103710003C932E9312961C921297F9E01396FC9309
:10372000139715961C921E92149740EC50E0179632
:103730005C934E93169718961C921897CD01089596
:1037400089E89DE111969C938E9312961C92129794
:10375000FAE0E4CFECEBF9E11196FC93EE9395E0FF
:1037600012969C9312973BE015CF6DE773E111968B
:103770007C936E9373E012967C9312979CE027CF14
:103780004EE859E011965C934E9312961C92129754
:103790005DE04FCF982F803110F00F94D9BAE82F09
:1037A000F0E08827E952F44E8E4F0D9458BAA206E5
:1037B0005602DC028E0422031E06CE006004380589
:1037C000840094007204640642059E04060460327C
:1037D00081E07807E0F48EE297E16F3F710509F030
:1037E00008F41AC16031F1E07F0708F038C1660FB4
:1037F000770B861B970BFC01EB5DFE4F808191815F
:103800000D944C31603221E0720708F4D4C080E09E
:1038100008956035710508F4D4C06F3F710509F053
:10382000B0F7605571098DE59BE0680F791FFB01CA
:1038300080810895892F08956038710540F780E2EE
:103840009CE0F3CF603231E0730708F785E798E139
:10385000C4CF60387105D8F680ED9CE1E6CF6032C8
:1038600081E07807A0F687EE95E1B7CF6038710563
:1038700070F680E49FE1D9CF6035710508F4A4C0EB
:10388000603A710508F4ABC0603F710508F0BFCF26
:10389000605A710980E895E1262F6034710508F4BB
:1038A000B2C06834710508F0E8C0205430E0220F3F
:1038B000331F821B930BFC01EB5AFF4F80819181D8
:1038C0000D944C316033710508F481C06036710588
:1038D00008F48AC06039710508F4B0C0603C710515
:1038E00008F4E4C0603F710508F4E5C06032E1E02F
:1038F0007E0708F4E5C06035F1E07F0708F4E5C015
:10390000603821E0720708F082CF6055714085E68B
:1039100091E1262F6432710508F482C06A32710584
:1039200008F091C0245230E0220F331F821B930B0A
:10393000FC0185A996A90D944C31603C710508F0F5
:1039400066CF86EB9CE071CF603C710508F05FCFDD
:1039500089E89DE16ACF603231E0730708F057CF04
:103960008CEB99E13ACF6035710540F1603A710511
:1039700088F1683B710508F04ACF605A71096031DF
:103980007105B8F16431710508F083C06051E62F0C
:10399000F0E0EE0FFF1FF195E195F109E55AFE4EBB
:1039A000808191810D944C316038710508F02FCFE2
:1039B0008EE899E03ACF83E09BE10FCF8DE793E16A
:1039C0006BCF82EB94E168CF89E195E165CF8AE323
:1039D00093E19FCF6055710984EE93E15DCF60550F
:1039E00071098BE494E158CF6053710987EF92E13C
:1039F00090CFE62FE370EA5FEE0FE61BF0E0E25CAB
:103A0000FE4E878108952770245E220F261B820FA9
:103A1000911DFC0187810895262F2F702858F5CF1E
:103A20002BEA629F412D112446954695342F330F82
:103A3000430F440F262F241B215FE7CF60567109E7
:103A400084EB92E166CF2A52220F330B821B930B39
:103A5000FC01EF5BFF4F808191810D9474316051C7
:103A6000262F30E0220F331F821B930BFC01EB5BF0
:103A7000FE4F808191810D9474312854220F330BB5
:103A8000821B930BFC01EB59FF4F808191810D94B8
:103A900074316451660F770BEE27FF27E61BF70B97
:103AA000ED59FE4E808191810D94743160597109F8
:103AB00081E792E12ECF605C71098EE292E129CF1D
:103AC000605F71098BEE91E124CF6052714088EA0A
:103AD00091E11FCF0F931F93CF93DF93803110F0AD
:103AE0000F94D9BAE82FF0E08827E658F24E8E4FAF
:103AF0000D9458BA8E038E023004C2014606380473
:103B000098029205B8025E0376029E06960510059D
:103B1000B00502016033710508F413C16036710508
:103B200008F41CC16039710508F44FC1603C71058F
:103B300008F47DC1603F710508F47EC1603281E008
:103B4000780708F47EC16035E1E07E0708F47EC1A5
:103B50006038F1E07F0700F560557140C5E6D1E1BE
:103B6000862F6432710508F41CC16A32710508F0B1
:103B700031C1845290E0880F991F8E010B5C1F4F5A
:103B8000081B190B842F0F946F31F80191838083E8
:103B90002FEF3FE73B832A83DF91CF911F910F9156
:103BA00008956032E1E07E07B8F7CEE2D7E16F3FDB
:103BB000710509F008F4EBC06031F1E07F0708F00F
:103BC00018C1660F770B8E010B5D1E4F061B170B7E
:103BD000842F0F946F31F80191838083D9CF6035A2
:103BE000710508F4A8C06F3F710509F0A8F660558B
:103BF00071098DE59BE0680F791FFB014083DF9120
:103C0000CF911F910F9108956038710528F680E2D9
:103C10009CE0F1CF603281E0780708F0BDCFC3E0CF
:103C2000DBE1C5CF6032E1E07E0708F0B5CFC5E744
:103C3000D8E1BDCF6038710508F0AECF80ED9CE1D2
:103C4000DACF6032F1E07F0708F0A6CFC7EED5E10A
:103C5000AECF6038710508F09FCF80E49FE1CBCFF5
:103C60006035710508F46AC0603A710508F471C0E6
:103C7000603F710508F090CF605A7109C0E8D5E146
:103C8000862F6034710508F478C06834710508F037
:103C9000B9C0805490E0880F991F8E010B5A1F4FB6
:103CA0006FCF603C710508F077CF86EB9CE0A3CF27
:103CB000603C710508F070CF89E89DE19CCF6032CF
:103CC00081E0780708F068CFCCEBD9E170CF6035A0
:103CD000710570F1603A7105B8F1683B710508F043
:103CE0005BCFEB01C05AD109C031D105E0F1842F7F
:103CF000C431D10508F08DC00F946F31C051EC2F45
:103D0000F0E0EE0FFF1FF195E195F109E55AFE4E47
:103D1000918380830FEF1FE71093411100934011AF
:103D20003BCF6038710508F037CF8EE899E063CF5C
:103D3000CDE7D3E1A5CFC2EBD4E1A2CFC9E1D5E174
:103D40009FCFCAE3D3E10CCF60557109C4EED3E134
:103D500097CF60557109CBE4D4E192CF60537109DC
:103D6000C7EFD2E1FDCEEC2FE370EA5FEE0FEC1B64
:103D7000F0E0E25CFE4E4783CDCFE62FE770E45ED5
:103D8000EE0FE61BEC0FFD2FF11D478301CFE62F51
:103D9000EF70E858EE0FE61BEC0FFD2FF11D478387
:103DA000F7CE8BEA689F812D112486958695982FF2
:103DB000990F890F880FE62FE81BE15FEE0FE61BD6
:103DC000EC0FFD2FF11D4783E3CE60567109C4EB64
:103DD000D2E1C6CE8A52880F990B8E010F5B1F4F1E
:103DE000081B190B842F0F947931F801918380837C
:103DF000CFCE6051862F90E0880F991F8E010B5B0C
:103E00001E4FEECF8854880F990B8E010B591F4F10
:103E1000E7CF0F947931EC2FE451EE0FFF0BF195C2
:103E2000E195F109ED59FE4E9183808373CF60597E
:103E30007109C1E7D2E194CE605C7109CEE2D2E1B2
:103E40008FCE605F7109CBEED1E18ACE60527140B6
:103E5000C8EAD1E185CE2F923F924F925F926F9246
:103E60007F928F929F92AF92BF92CF92DF92EF920A
:103E7000FF920F931F93CF93DF93CDB7DEB7ED97EC
:103E80000FB6F894DEBF0FBECDBF8DAF682FCE0149
:103E900081960F94A31A89A5813009F4FCC408F413
:103EA0009FC0823011F00D9494270FA118A519829C
:103EB000812C912C54010115110509F4A3C0D801DE
:103EC000A770BB27109709F44DC0A130B105E9F1E7
:103ED000A230B10589F1A330B10529F1A430B105B3
:103EE000C9F0A530B10569F0169711F00D947C2743
:103EF000BE016F5F7F4FCE018A960F94057D015002
:103F00001109BE016F5F7F4FCE018A960F94057D28
:103F100001501109BE016F5F7F4FCE018A960F9449
:103F2000057D01501109BE016F5F7F4FCE018A965A
:103F30000F94057D01501109BE016F5F7F4FCE01C7
:103F40008A960F94057D01501109BE016F5F7F4F66
:103F5000CE018A960F94057D4B015C010150110939
:103F600009F450C0BE016F5F7F4FCE018A960F9457
:103F7000057DBE016F5F7F4FCE018A960F94057D50
:103F8000BE016F5F7F4FCE018A960F94057DBE0103
:103F90006F5F7F4FCE018A960F94057DBE016F5FE4
:103FA0007F4FCE018A960F94057DBE016F5F7F4FD4
:103FB000CE018A960F94057DBE016F5F7F4FCE01C3
:103FC0008A960F94057DBE016F5F7F4FCE018A9662
:103FD0000F94057D4B015C010850110919F612C0C0
:103FE00069A17AA14FA158A58FEF9FEFDC018AA7A5
:103FF0009BA7ACA7BDA720E0CE018A960F94F7310E
:104000004B015C01BE016F5D7F4FCE018E960F9418
:10401000BE16FE01BE96DE01919659E001900D920A
:104020005A95E1F739A5333009F4A9C08E010F5F25
:104030001F4F313009F472C108F464C1323009F005
:1040400073C7CFA0D8A41982812C912C5401C1141C
:10405000D10409F480C0C60187709927009709F43C
:104060004CC081309105F1F18230910599F1833096
:10407000910541F184309105E9F08530910591F089
:10408000069741F0B801CE018A960F94057D51E064
:10409000C51AD108B801CE018A960F94057D81E03A
:1040A000C81AD108B801CE018A960F94057D91E017
:1040B000C91AD108B801CE018A960F94057DE1E0B6
:1040C000CE1AD108B801CE018A960F94057DF1E091
:1040D000CF1AD108B801CE018A960F94057D41E030
:1040E000C41AD108B801CE018A960F94057D4B0100
:1040F0005C0151E0C51AD10871F1B801CE018A9670
:104100000F94057DB801CE018A960F94057DB80104
:10411000CE018A960F94057DB801CE018A960F9440
:10412000057DB801CE018A960F94057DB801CE01B8
:104130008A960F94057DB801CE018A960F94057D6D
:10414000B801CE018A960F94057D4B015C0158E0C1
:10415000C51AD10891F6BE016F5D7F4FCE018E96D4
:104160000F94BE16FE01BE96DE01919699E0019075
:104170000D929A95E1F739A5333009F05ACFEDAD9C
:10418000F0E0EE0FFF1FE852FC4E059114912FA0B6
:1041900038A40219130919820115110509F493C0F5
:1041A000480191E0891A9108C80187709927009702
:1041B00009F44CC081309105E1F18230910581F123
:1041C0008330910521F184309105C1F0853091054E
:1041D00061F0069709F080C5BE016F5F7F4FCE0189
:1041E0008A960F94057D01501109BE016F5F7F4FC4
:1041F000CE018A960F94057D01501109BE016F5FB3
:104200007F4FCE018A960F94057D01501109BE01A2
:104210006F5F7F4FCE018A960F94057D0150110983
:10422000BE016F5F7F4FCE018A960F94057D0150CE
:104230001109BE016F5F7F4FCE018A960F94057DF5
:104240004B015C010150110909F43DC0BE016F5FD3
:104250007F4FCE018A960F94057DBE016F5F7F4F21
:10426000CE018A960F94057DBE016F5F7F4FCE0110
:104270008A960F94057DBE016F5F7F4FCE018A96AF
:104280000F94057DBE016F5F7F4FCE018A960F941C
:10429000057DBE016F5F7F4FCE018A960F94057D2D
:1042A000BE016F5F7F4FCE018A960F94057DBE01E0
:1042B0006F5F7F4FCE018A960F94057D4B015C01A5
:1042C0000850110919F6C501B401609570958095E3
:1042D0009095ED960FB6F894DEBF0FBECDBFDF917F
:1042E000CF911F910F91FF90EF90DF90CF90BF90F3
:1042F000AF909F908F907F906F905F904F903F9086
:104300002F9008954FA158A569A17AA120E0CE0170
:104310008A960F94F7314B015C011DCFE9A0FAA0FA
:104320007BA1753008F099C2733008F084C27130F7
:1043300009F49FC3723009F091C3B7016D5E7F4FDE
:10434000270153E0450E511C8FE0E80EF11C8CEF65
:10435000C82EDD24DA9494E0692E712C20E0A301AC
:10436000CE018A960F94F7314B015C014E145F0425
:1043700071F020E0A301B701CE018A960F94F731C6
:104380004B015C01EC0CFD1C4E145F0491F789A1FC
:104390009AA1BBA1B53008F075C2B33008F03CC299
:1043A000B13009F44CC3B23009F091C39C01235ED3
:1043B0003F4F459650E9252E51E0352E28173907F5
:1043C00009F437C2390152E0650E711C2801D90188
:1043D0001297BAAFA9AFAD01481B590B5695479537
:1043E00058AF4FAB68019FEFC91AD90AEFA8F8ACD4
:1043F000EC0CFD1CFCAEEBAEEFA8F8ACF7E0EF2246
:10440000FF24E114F10409F4BBC03901F9018081F2
:104410009181F1011995F8018083260196012F5FA2
:104420003F4F690151E0E516F10409F4A9C082E0AB
:10443000E816F10409F451C093E0E916F10409F417
:104440003FC0E4E0EE16F10471F1F5E0EF16F1047F
:10445000F1F046E0E416F10471F069AC7AACF301D6
:1044600080819181F1011995F20180832601B601C5
:104470006F5F7F4F6B01F301929182913F01F101D8
:104480001995F20180832601C60101966C01F301A2
:10449000929182913F01F1011995F20180832601E9
:1044A000D60111966D01F301929182913F01F101C4
:1044B0001995F20180832601A6014F5F5F4F6A01C3
:1044C000F301929182913F01F1011995F2018083EC
:1044D000260196012F5F3F4F6901F301929182916E
:1044E0003F01F1011995F20180832601B6016F5F4A
:1044F0007F4F6B0145C026015FEF451A550AF70152
:10450000329780819181F1011995F6018083F30141
:10451000369780819181F1011995F6018183F3012C
:10452000389780819181F1011995F2018183F3011E
:104530003A9780819181F1011995F6018383F30106
:104540003C9780819181F1011995F6018483F301F3
:104550003E9780819181F1011995F6018583D601FD
:1045600017962D0150E1651A7108F3018081918140
:10457000F1011995F6018683A601485F5F4F6A0134
:10458000F301929182917F01F1011995F2018083EB
:104590008BAD9CADC816D90609F0ADCF4FA958AD6B
:1045A0004F5F5F4F400F511F0417150751F0401B1D
:1045B000510B20E0B801CE018A960F94F7314B01E0
:1045C0005C0189A19AA1FBA1F33009F476C208F03D
:1045D0000EC1F13009F468C2F23009F05CC29C01EE
:1045E0002B5D3F4F4D96F4EF2F2EF1E03F2E8217BB
:1045F000930709F40FC1390152E0650E711C2801BF
:10460000D9011297BAAFA9AFBD01681B790B6B0135
:10461000D694C794D8AECFAA78019FEFE91AF90AC9
:10462000EFA9F8ADEE0DFF1DFCAFEBAFCFA8D8ACF6
:10463000F7E0CF22DD24C114D10409F4BBC0390155
:10464000F90180819181F1011995F8018083270199
:1046500097012F5F3F4F790151E0C516D10409F44E
:10466000A9C082E0C816D10409F451C093E0C9166C
:10467000D10409F43FC0E4E0CE16D10471F1F5E0B5
:10468000CF16D104F1F046E0C416D10471F069AC44
:104690007AACF30180819181F1011995F201808357
:1046A0002701A7014F5F5F4F7A01F3019291829139
:1046B0003F01F1011995F20180832701C70101969D
:1046C0007C01F301929182913F01F1011995F20170
:1046D00080832701D70111967D01F3019291829188
:1046E0003F01F1011995F20180832701B7016F5F46
:1046F0007F4F7B01F301929182913F01F101199566
:10470000F2018083270197012F5F3F4F7901F30169
:10471000929182913F01F1011995F2018083270165
:10472000A7014F5F5F4F7A0145C027015FEF451A30
:10473000550AF601329780819181F1011995F701AF
:104740008083F301369780819181F1011995F701FA
:104750008183F301389780819181F1011995F201EC
:104760008183F3013A9780819181F1011995F701D5
:104770008383F3013C9780819181F1011995F701C1
:104780008483F3013E9780819181F1011995F701AE
:104790008583D70117962D0150E1651A7108F30141
:1047A00080819181F1011995F7018683B701685FD6
:1047B0007F4F7B01F301929182916F01F101199575
:1047C000F20180838BAD9CADE816F90609F0ADCF00
:1047D0004FA958AD4F5F5F4F400F511F041715078A
:1047E00009F4B9CC401B510B20E0B80190CDF43056
:1047F00009F42AC1F53009F04EC19C012B5B3E4FF4
:104800008B5D9E4F64EF262E61E0362E8217930754
:1048100009F0F1CEA801E2CF9C012B5A3F4F8B5BF0
:104820009F4F50E9252E51E0352E2817390709F002
:10483000C9CDA801B9CEB701615C7F4F270191E0D6
:10484000491A5108E7E3EE0EF11CA8EFCA2EDD2449
:10485000DA94B8E06B2E712C81CD753009F0FEC072
:10486000B70169507F4F2701F9E04F1A510847EE11
:10487000E40EF11CE0EFCE2EDD24DA94F0E16F2E91
:10488000712C6CCDB53009F022C19C012B5D3E4FDF
:104890008B5F9E4F8FCD09A11AA12BA1253008F067
:1048A000B4C2233008F021C2213009F4E8C222301A
:1048B00009F0DAC2B8016D5E7F4F380153E0650E32
:1048C000711C015F1F4F8CEFC82EDD24DA9494E039
:1048D000E92EF12C20E0A701CE018A960F94A13792
:1048E0004B015C016016710671F020E0A701B80170
:1048F000CE018A960F94F7314B015C010C0D1D1D02
:104900006016710691F7A9A1BAA11BA1153008F094
:1049100073C2133008F06AC2113009F4CAC21230EF
:1049200009F0BEC29D01235E3F4F559650E9252EEA
:1049300051E0352EA217B30709F4CAC23901E2E0EB
:104940006E0E711CAE014F5F5F4F6A012A01C901F3
:1049500002979AAF89AF8A1B9B0B7C01F694E79470
:10496000F8AEEFAA86010F5F1F4FE00EF11EFCAEFE
:10497000EBAEEFA8F8AC57E0E522FF24E114F10418
:1049800009F4F2C03901F90180819181F101199591
:10499000F601808328010F5F1F4FF1E0EF16F1044D
:1049A00009F4E2C042E0E416F104E9F153E0E5164F
:1049B000F10471F184E0E816F104F9F095E0E916EC
:1049C000F10481F0E6E0EE16F10409F0A0C2F30173
:1049D000929182913F01F1011995F20180832801A2
:1049E0000F5F1F4FF301929182913F01F1011995E1
:1049F000F201808328010F5F1F4FF3019291829192
:104A00003F01F1011995F201808328010F5F1F4FCB
:104A1000F301929182913F01F1011995F201808396
:104A200028010F5F1F4FF301929182913F01F10125
:104A30001995F201808328010F5F1F4F95C09C01DB
:104A40002B5C3F4F8996B6CC9C012B593F4F8B5A1C
:104A50009F4F7EE0272E76E0372EC9CDF12CE12C3A
:104A6000D12CC12C712C612C512C412C70E060E0B8
:104A700075CCB7016B5D7F4F2701FFEF4F1A5F0ABF
:104A80004FE1E40EF11C2AEFC22EDD24DA9436E069
:104A9000632E712C63CC30E020E08EEF9FEF5EE060
:104AA000252E56E0352EA7CD9C012F5B3F4FC59696
:104AB000A4EF2A2EA1E03A2E9ACD9C012B593F4F0C
:104AC0008B5A9F4FE4EF2E2EE1E03E2E90CD8EEFDD
:104AD0009FEF30E020E04EE0242E46E0342E72CCF2
:104AE00028015FEF451A550AF701329780819181BD
:104AF000F1011995F8018083F30136978081918146
:104B0000F1011995F8018183F30138978081918132
:104B1000F1011995F2018183F3013A978081918126
:104B2000F1011995F8018383F3013C97808191810C
:104B3000F1011995F8018483F3013E9780819181F9
:104B4000F1011995F80185839801295F3F4F2901EB
:104B500050E1651A7108F30180819181F101199585
:104B6000F8018683085F1F4FF301929182917F01C4
:104B7000F1011995F20180836BAD7CAD601771076F
:104B800009F0AECF4FA958AD4F5F5F4F4C0D5D1D83
:104B9000C416D50651F04C195D0920E0B601CE01CE
:104BA0008A960F94F7314B015C0189A19AA13BA130
:104BB000333009F44FC108F00AC1313009F441C162
:104BC000323009F035C19C012B5D3F4F4D96B4EF5B
:104BD0002B2EB1E03B2E8217930709F47EC13901D9
:104BE00052E0650E711C2601D9011297BAAFA9AF28
:104BF000A81BB90B7D01F694E794F8AEEFAA8601E5
:104C00000F5F1F4FE00EF11EFCAEEBAEEFA8F8AC4D
:104C100057E0E522FF24E114F10409F4BBC0390197
:104C2000F90180819181F1011995F60180832801B4
:104C30000F5F1F4FF1E0EF16F10409F4ABC042E043
:104C4000E416F104E9F153E0E516F10471F184E0B2
:104C5000E816F104F9F095E0E916F10481F0E6E0D8
:104C6000EE16F10409F03BC1F301929182913F01EC
:104C7000F1011995F201808328010F5F1F4FF301A5
:104C8000929182913F01F1011995F20180832801EF
:104C90000F5F1F4FF301929182913F01F10119952E
:104CA000F201808328010F5F1F4FF30192918291DF
:104CB0003F01F1011995F201808328010F5F1F4F19
:104CC000F301929182913F01F1011995F2018083E4
:104CD00028010F5F1F4F5EC0BE016F5F7F4FCE0187
:104CE0008A960F94057D840177CAB801615C7F4F75
:104CF000380181E0681A7108095C1F4FA8EFCA2EBD
:104D0000DD24DA94B8E0EB2EF12CE4CD28015FEF3E
:104D1000451A550AF701329780819181F101199561
:104D2000F8018083F301369780819181F101199513
:104D3000F8018183F301389780819181F101199500
:104D4000F2018183F3013A9780819181F1011995F4
:104D5000F8018383F3013C9780819181F1011995DA
:104D6000F8018483F3013E9780819181F1011995C7
:104D7000F80185839801295F3F4F290150E1651AA9
:104D80007108F30180819181F1011995F801868301
:104D9000085F1F4FF301929182917F01F1011995F4
:104DA000F20180836BAD7CAD0617170709F0AECF1B
:104DB0004FA958AD4F5F5F4F4C0D5D1DC416D50612
:104DC00009F420C94C195D0920E0B60115C9343039
:104DD00009F474C0353061F59C012B5B3E4F8B5D4F
:104DE0009E4FE4EF2E2EE1E03E2EF5CE9D012B5A94
:104DF0003F4FAB5BBF4F9ACD153009F051C09D01BD
:104E00002B5D3E4FAB5FBE4F91CD253069F5B801AC
:104E100069507F4F380199E0691A710809511F4F95
:104E2000E0EFCE2EDD24DA94F0E1EF2EF12C52CD1E
:104E300030E020E08EEF9FEF7EE0272E76E0372EE9
:104E4000CECE9C012F5B3F4FC59614EF212E11E073
:104E5000312EC1CE9C012B593F4F8B5A9F4FA4EF4F
:104E60002A2EA1E03A2EB7CE10E000E0D12CC12CC2
:104E7000F12CE12C712C612C70E060E02BCDB8019D
:104E80006B5D7F4F38014FEF641A740A015E1F4F4C
:104E90002AEFC22EDD24DA9436E0E32EF12C1ACD6F
:104EA00030E020E0AEEFBFEF4EE0242E46E0342E9F
:104EB00045CD9D012B5C3F4F999638CD9C012B59D8
:104EC0003F4F8B5A9F4FFEE02F2EF6E03F2E83CEB2
:104ED000AE014F5F5F4F6A015BCEA6016FCF69AC39
:104EE0007AACF30180819181F1011995F2018083FF
:104EF00028010F5F1F4FB8CEBE016F5F7F4FCE01FD
:104F00008A960F94057D015011090D94781F69ACA4
:104F10007AACF30180819181F1011995F2018083CE
:104F200028010F5F1F4F53CD0F94D9BA1092F51E71
:104F30009091C3078091860C8370823028F0209175
:104F4000C407291709F452C04091460C41FD45C0E1
:104F5000923009F459C0933009F46EC07EEE790F97
:104F6000743008F46BC0E091C107E23009F447C027
:104F7000E33009F47AC0FEEEFE0FF43008F043C0CF
:104F800097E19E1B943009F466C0953009F475C012
:104F9000933009F46EC0E898E2E0F0E0EE0FFF1FF6
:104FA000E65EFD4F8AE295E0918380834091C007E1
:104FB00050E060910602709107022091C1072230F3
:104FC00009F44DC0233009F44DC03EEE320F3430A9
:104FD000D0F487E1821B0D94907E5091870959137C
:104FE000B7CF6091270B63FFBECFB2CF3091270BB5
:104FF00033FDAACFE091C107E23009F0B9CFEC98B8
:10500000F0E0E0E0CBCF089580E00F94C2864091BD
:10501000C20750E06091080270910902A091C30795
:10502000A23031F081E0A33061F40F94907E9BCFE9
:1050300080E00F94907E97CF81E0E7CF87E1891BD6
:10504000E4CFBEEEBA0FB43008F08DCF87E18A1BF3
:105050000F94907E88CFEA98E4E0F0E09FCF80E064
:105060000D94907E81E00D94907EED98E1E0F0E06B
:1050700095CFE998E3E0F0E091CFEB98E5E0F0E040
:105080008DCF84E08093F51E1092F41E2091941E23
:105090002F7B2093941E10921E0C10921D0C909149
:1050A000C3073091860C3370323028F04091C4072A
:1050B000491709F464C06091460C61FD57C09230F5
:1050C00009F46BC0933009F481C0BEEEB90FB4305F
:1050D00008F47EC08091C107823009F459C0833042
:1050E00009F4AFC02EEE280F243008F055C097E128
:1050F000981B943009F47DC0953009F49EC093301C
:1051000009F497C0E898E2E0F0E0EE0FFF1FE65EDA
:10511000FD4F4AE255E0518340833091C107323060
:1051200009F46BC0333009F476C0BEEEB30FB4306F
:1051300098F597E1931BE92FF0E0EE0FFF1FE65E75
:10514000FD4F25E136E231832083E0916900943000
:1051500009F487C0953009F47EC0933009F475C016
:10516000EC7FE160E0936900E89A08957091870907
:105170007913A5CFA091270BA3FFACCFA0CF50915F
:10518000270B53FD98CF8091C107823009F0A7CF3C
:10519000EC98F0E0E0E0B9CF089580E00F94C2868B
:1051A000E091C307E23051F081E0E330A1F441E047
:1051B00050E064E576E20F94907E8CCF80E041E091
:1051C00050E064E576E20F94907E84CF81E0E6CFF4
:1051D00087E1891BE3CFFEEEFE0FF43008F07ACFB3
:1051E00087E18E1B41E050E064E576E20F94907E0B
:1051F00071CFEA98E4E0F0E088CF65E176E2709361
:105200001B0260931A0250916A005C7F51605093B8
:105210006A00EC9A0895A5E1B6E2B0931D02A0934E
:105220001C0270916A00737F746070936A00ED9A3B
:105230000895E998E3E0F0E068CFEB98E5E0F0E06E
:1052400064CFED98E1E0F0E060CFE37FE460E093CD
:105250006900E99A0895EF73E064E0936900EB9ABE
:105260000895EF7CE061E0936900EA9A0895109256
:10527000F51E8091BF07823009F422C1833009F402
:1052800084C09EEE980F943068F527E1281B2430E7
:1052900009F4ADC0253009F4ECC0233009F4E5C0B1
:1052A000E898E2E0F0E074C0BEEEBA0FB430D0F49B
:1052B00097E19A1BE92FF0E0EE0FFF1FE65EFD4F2E
:1052C00071836083E0916900943009F4E5C0953002
:1052D00009F4D3C0933009F4BAC0EC7F3E2B30936D
:1052E0006900E89AF091C107F23009F47CC0F3300C
:1052F00009F4B7C08EEE8F0F843008F045C027E167
:105300002F1B243009F477C0253009F4D5C0233091
:1053100009F4CEC0E898E2E0F0E0EE0FFF1FE65E91
:10532000FD4F4AE255E0518340833091C0076091C0
:10533000060270910702A091C107A23009F46BC068
:10534000432F50E0A33009F472C0BEEEBA0FB43060
:10535000D8F497E19A1BE92FF0E0EE0FFF1FE65E0D
:10536000FD4F71836083E0916900943009F4C5C0FA
:10537000953009F4B3C0933009F4A6C0EC7F3E2BFE
:1053800030936900E89A08950895ED98E1E0F0E01F
:10539000EE0FFF1FE65EFD4F4AE255E0518340836A
:1053A0003091BE076091040270910502A091BF0781
:1053B000A23029F1432F50E0A33009F075CF70934C
:1053C0001D0260931C0270916A00737F440F551F89
:1053D000440F551F472B40936A00ED9AF091C10787
:1053E000F23009F084CFEC98F0E0E0E096CFEA9854
:1053F000E4E0F0E0CDCFEA98E4E0F0E08ECF709307
:105400001B0260931A0250916A005C7F352B309327
:105410006A00EC9A67CF70931B0260931A02509156
:105420006A005C7F352B30936A00EC9A0895709384
:105430001D0260931C0270916A00737F440F551F18
:10544000440F551F472B40936A00ED9A0895E37F60
:10545000440F551F440F551F4E2B40936900E99A86
:1054600041CFED98E1E0F0E058CFE998E3E0F0E0DB
:105470008FCFEB98E5E0F0E08BCFEF7300245695EB
:1054800047950794569547950794542F402D4E2BDA
:1054900040936900EB9A26CFEF7C42955295507F5E
:1054A0005427407F54274E2B40936900EA9A1ACF25
:1054B000E998E3E0F0E031CFEB98E5E0F0E02DCFC4
:1054C000EC98F0E0E0E064CFE37F440F551F440F19
:1054D000551F4E2B40936900E99A0895EF730024FD
:1054E000569547950794569547950794542F402D08
:1054F0004E2B40936900EB9A0895EF7C42955295AC
:10550000507F5427407F54274E2B40936900EA9ADE
:10551000089583E08093F51E1092F41E2091941E4E
:105520002F7B2093941E10921E0C10921D0C309114
:10553000BF07323009F403C1333009F480C09EEE56
:10554000930F943078F547E1431B443009F49FC032
:10555000453009F4DCC0433009F4D5C0E898E2E0F6
:10556000F0E070C0FEEEF50FF430E0F497E1951B2B
:10557000E92FF0E0EE0FFF1FE65EFD4F23E936E274
:105580003183208380916900943009F4CAC095303A
:1055900009F4C1C0933009F4ACC08C7F8160809362
:1055A0006900E89A3091C107323009F46CC0333099
:1055B00009F4A5C04EEE430F443008F03FC067E148
:1055C000631B643009F467C0653009F4B4C063300C
:1055D00009F4ADC0E898E2E0F0E0EE0FFF1FE65EF0
:1055E000FD4FAAE2B5E0B183A0835091C1075230CC
:1055F00009F463C0533009F46EC0FEEEF50FF430C9
:10560000E8F497E1951BE92FF0E0EE0FFF1FE65E4F
:10561000FD4F45E156E2518340838091690094300B
:1056200009F49DC0953009F494C0933009F48BC0FF
:105630008C7F816080936900E89A08950895ED98C1
:10564000E1E0F0E0EE0FFF1FE65EFD4F6AE275E07D
:10565000718360835091BF07523009F1533009F0D4
:1056600081CFE3E9F6E2F0931D02E0931C02B091D2
:105670006A00B37FB460B0936A00ED9A3091C107BD
:10568000323009F094CFEC98F0E0E0E0A6CFEA9851
:10569000E4E0F0E0D7CFEA98E4E0F0E09ECFA3E9C1
:1056A000B6E2B0931B02A0931A0270916A007C7F4D
:1056B000716070936A00EC9A75CFE5E1F6E2F093C1
:1056C0001B02E0931A0270916A007C7F71607093F4
:1056D0006A00EC9A089525E136E230931D0220938A
:1056E0001C02B0916A00B37FB460B0936A00ED9A77
:1056F0000895837F846080936900E99A53CFED9881
:10570000E1E0F0E06ACFE998E3E0F0E09BCFEB98CE
:10571000E5E0F0E097CF8F73806480936900EB9AA7
:1057200041CF8F7C806180936900EA9A3BCFE998F2
:10573000E3E0F0E052CFEB98E5E0F0E04ECFEC98FC
:10574000F0E0E0E07FCF837F846080936900E99A96
:1057500008958F73806480936900EB9A08958F7C1D
:10576000806180936900EA9A08951092F51E8091F5
:10577000BF07823009F485C0833099F09EEE980F00
:10578000943088F527E1281B243009F46DC02530BA
:1057900009F47FC0233009F478C0E898E2E0F0E033
:1057A00003C0ED98E1E0F0E0EE0FFF1FE65EFD4F75
:1057B0004AE255E0518340834091BE0750E060913A
:1057C0000402709105023091BF07323009F450C0D5
:1057D00081E0333031F0AEEEA30FA43020F487E146
:1057E000831B0F94907E5091C3076091860C637069
:1057F000623020F07091C407751799F0E091460C63
:10580000E1FF04C0F0918709F517B1F1523071F052
:10581000533081F19EEE950F943038F487E1851B6B
:1058200006C0B091270BB3FDE9CF089580E00F9437
:10583000C2864091C20750E060910802709109024F
:105840002091C307223029F081E0233029F40D9400
:10585000907E80E00D94907E3EEE320F343028F73B
:1058600087E1821B0D94907EEA98E4E0F0E09CCF03
:1058700080E0B7CF81E0DBCF8091270B83FDC6CFDF
:105880000895EC98F0E0E0E08FCFE998E3E0F0E0F5
:105890008BCFEB98E5E0F0E087CF82E08093F51EB8
:1058A0001092F41E2091941E2F7B2093941E109230
:1058B0001E0C10921D0C3091BF07323009F4BEC08F
:1058C000333009F47AC09EEE930F943078F547E1B7
:1058D000431B443009F491C0453009F4ABC0433058
:1058E00009F4A4C0E898E2E0F0E06AC0FEEEF50F2B
:1058F000F430E0F497E1951BE92FF0E0EE0FFF1F85
:10590000E65EFD4F23E936E2318320838091690012
:10591000943009F4A3C0953009F49AC0933009F487
:1059200091C08C7F816080936900E89A3091C307B1
:105930004091860C4370423020F06091C407631799
:1059400009F1A091460CA1FF05C07091870973175A
:1059500009F467C03230D9F0333009F452C0BEEEDA
:10596000B30FB43098F487E1831B0F94C286F09193
:10597000C307F23099F480E041E050E064E576E25C
:105980000D94907E5091270B53FDDBCF089580E05E
:105990000F94C286F091C307F23069F381E0F330CF
:1059A00059F39EEE9F0F943088F787E18F1B41E0FB
:1059B00050E064E576E20D94907EED98E1E0F0E051
:1059C000EE0FFF1FE65EFD4F6AE275E071836083B4
:1059D0005091BF075230B9F0533009F087CFE3E957
:1059E000F6E2F0931D02E0931C02B0916A00B37FCF
:1059F000B460B0936A00ED9A99CFEA98E4E0F0E0E1
:105A0000DFCF81E0C5CFA3E9B6E2B0931B02A0933C
:105A10001A0270916A007C7F716070936A00EC9A40
:105A200085CFE091270BE3FD95CF0895E998E3E05A
:105A3000F0E0C6CFEB98E5E0F0E0C2CFEC98F0E004
:105A4000E0E0BECF837F846080936900E99A6ECFE7
:105A50008F73806480936900EB9A68CF8F7C80613C
:105A600080936900EA9A62CF1092F41E8091BF077A
:105A7000823009F4DEC0833009F479C09EEE980FBD
:105A8000943068F527E1281B243009F49AC02530AA
:105A900009F4D7C0233009F4D0C0E898E2E0F0E080
:105AA00069C0BEEEBA0FB430D0F497E19A1BE92F6B
:105AB000F0E0EE0FFF1FE65EFD4F71836083E09123
:105AC0006900943009F4A9C0953009F497C0933067
:105AD00009F48AC0EC7F3E2B30936900E89AF0917C
:105AE000C3078091860C8370823020F02091C40718
:105AF0002F17C1F1F23009F4A8C0F33009F4A9C09E
:105B00003EEE3F0F343068F567E16F1B643009F4F7
:105B1000ACC0653009F4A5C0633009F49EC0E898B4
:105B2000E2E0F0E0EE0FFF1FE65EFD4FAAE2B5E017
:105B3000B183A0834091C20750E060910802709148
:105B40000902B091C307B23009F43FC081E0B3301D
:105B500031F09EEE9B0F943020F487E18B1B0D9467
:105B6000907E08954091270B43FDC4CF0895ED9892
:105B7000E1E0F0E0EE0FFF1FE65EFD4F4AE255E088
:105B8000518340833091BE076091040270910502F9
:105B9000A091BF07A230E1F0432F50E0A33009F0FD
:105BA00080CF70931D0260931C0270916A00737F16
:105BB000440F551F440F551F472B40936A00ED9A21
:105BC0008ECFEA98E4E0F0E0D5CF80E00D94907EAF
:105BD00070931B0260931A0250916A005C7F352B10
:105BE00030936A00EC9A7BCFE37F440F551F440F3C
:105BF000551F4E2B40936900E99A71CFEF73002433
:105C0000569547950794569547950794542F402DE0
:105C10004E2B40936900EB9A62CFEF7C42955295F0
:105C2000507F5427407F54274E2B40936900EA9AB7
:105C300056CFEC98F0E0E0E09DCFE998E3E0F0E0AB
:105C400099CFEB98E5E0F0E095CFEC98F0E0E0E05C
:105C500069CFED98E1E0F0E065CFE998E3E0F0E0AE
:105C600061CFEB98E5E0F0E05DCFEA98E4E0F0E0AA
:105C700059CF81E08093F41E1092F51E2091941E5E
:105C80002F7B2093941E10921E0C10921D0C3091AD
:105C9000BF07323009F4E5C0333009F479C09EEE15
:105CA000930F943078F547E1431B443009F490C0DA
:105CB000453009F4D2C0433009F4CBC0E898E2E0A3
:105CC000F0E069C0FEEEF50FF430E0F497E1951BCB
:105CD000E92FF0E0EE0FFF1FE65EFD4F23E936E20D
:105CE0003183208380916900943009F4CAC09530D3
:105CF00009F4C1C0933009F4B8C08C7F81608093EF
:105D00006900E89A3091C3074091860C4370423095
:105D100020F06091C4076317B1F1323009F4C7C0B5
:105D2000333009F4C0C0AEEEA30FA43058F577E1CC
:105D3000731B743009F4CDC0753009F4C6C07330DC
:105D400009F4BFC0E898E2E0F0E0EE0FFF1FE65E66
:105D5000FD4F2AE235E031832083E091C307E23032
:105D600009F469C0E330C1F544E556E250931D02E1
:105D700040931C02F0916A00F37FF460F0936A0094
:105D8000ED9A089508955091270B53FDC6CF0895BD
:105D9000ED98E1E0F0E0EE0FFF1FE65EFD4F6AE2F6
:105DA00075E0718360835091BF075230B1F1533079
:105DB00009F088CFE3E9F6E2F0931D02E0931C02BC
:105DC000B0916A00B37FB460B0936A00ED9A9ACF45
:105DD000EA98E4E0F0E0DFCF9EEE9E0F943090F67C
:105DE00067E16E1BE62FF0E0EE0FFF1FE65EFD4F52
:105DF000A4E5B6E2B183A08330916900643009F470
:105E00004CC0653009F443C0633009F454C03C7F92
:105E1000316030936900E89A0895A3E9B6E2B0933F
:105E20001B02A0931A0270916A007C7F71607093CC
:105E30006A00EC9A67CF84E596E290931B02809308
:105E40001A02B0916A00BC7FB160B0936A00EC9A0C
:105E50000895E998E3E0F0E09ECFEB98E5E0F0E00C
:105E60009ACFEC98F0E0E0E096CF837F8460809357
:105E70006900E99A47CF8F73806480936900EB9A39
:105E800041CF8F7C806180936900EA9A3BCF3F735A
:105E9000306430936900EB9A08953F7C3061309311
:105EA0006900EA9A0895ED98E1E0F0E04ECFEC98B1
:105EB000F0E0E0E04ACF337F346030936900E99A44
:105EC0000895E998E3E0F0E040CFEB98E5E0F0E0FA
:105ED0003CCFEA98E4E0F0E038CFFC0181E0808F2D
:105EE000938D248D921709F449C0438D242F30E0FF
:105EF0002F5F3F4F2F733327822F03C00FB607FE4C
:105F000017C0548D5817D1F3A38DAE0FBF2FB11DFD
:105F1000A35ABF4F6C939FB7F894238F0288F389DD
:105F2000E02D8081806280839FBF81E090E00895B2
:105F3000A089B1897C9175FFE4CFA48DAE0FBF2FEE
:105F4000B11DA35ABF4F9C91448D50E04F5F5F4FEE
:105F50004F735527448FA689B7899C93A089B1892F
:105F60009C91937090649C93438D948D4913C9CFF9
:105F7000A289B3899C919F7D9C93C3CFA089B1894D
:105F80003C9135FFB2CF2FB7F894A689B7896C93AF
:105F90000088F189E02D60816370606460832FBFA9
:105FA00081E090E00895BF92CF92DF92EF92FF924E
:105FB0000F931F93CF93DF934115510509F486C0CA
:105FC0006A01EC017B0110E000E0BB24B394E8819E
:105FD000F9810190F081E02DD7016D917D01B6E04E
:105FE000E632FB0709F06CC0B88E9B8D8C8D98173C
:105FF00009F454C02B8D30E02F5F3F4F2F733327B0
:10600000822F03C00FB607FE23C03C8D8317D1F348
:10601000EB8DEC0FFD2FF11DE35AFF4F60839FB70F
:10602000F8942B8FEA89FB898081806280839FBFEF
:106030000F5F1F4FC016D10651F6C801DF91CF91F7
:106040001F910F91FF90EF90DF90CF90BF90089538
:10605000E889F989408145FFD8CFEC8DEC0FFD2F01
:10606000F11DE35AFF4F90814C8D50E04F5F5F4F21
:106070004F7355274C8FEE89FF899083E889F98902
:1060800090819370906490834B8D9C8D4913BDCF0C
:10609000EA89FB8950815F7D5083B7CFE889F98910
:1060A000208125FFA7CF7FB7F894EE89FF89608311
:1060B000E889F98960816370606460837FBFB8CFCD
:1060C000CE011995892B09F4B8CFB2CF10E000E0CA
:1060D000B4CFFC01818D228D90E0805C9F4F821BAC
:1060E00091098F73992708952091C50E8091C60E4E
:1060F00030E0205C3F4F281B31092F73332781E0AC
:10610000232B09F480E008952091620F8091630FA2
:1061100030E0205C3F4F281B31092F73332781E08B
:10612000232B09F480E00895CF93DF93EC01888D51
:10613000882399F1EA89FB89A889B989908195FD1D
:1061400003C02C9126FD29C00FB607FCF7CF308184
:1061500035FFF4CF4C9145FFF1CFEC8DEC0FFD2FC7
:10616000F11DE35AFF4F20818C8D90E001968F73D3
:1061700099278C8FEE89FF892083E889F9898081AE
:106180008370806480839B8D8C8D9813D3CFEA8934
:10619000FB8950815F7D5083CDCFDF91CF910895F2
:1061A000FC01938D848D981720F4891B990B01971E
:1061B00008952FE330E0291B3109820F932F911DA1
:1061C0000895FC01918D828D981761F0A28DAE0F1C
:1061D000BF2FB11D5D968C91928D9F5F9F73928FA3
:1061E00090E008958FEF9FEF0895FC01918D828DCF
:1061F000981739F0228DE20FF11D358D832F90E035
:1062000008958FEF9FEF089580E090E0892B71F063
:106210003091620F2091630F832F90E0805C9F4F3D
:10622000821B91098F739927892B69F5A0E0B0E053
:10623000AB2B41F0E0E0F0E0EF2B21F00E940000FA
:10624000811124C080E090E0892B41F0A0E0B0E013
:10625000AB2B21F00E94000081111BC0E0E0F0E0B8
:10626000EF2B71F04091C50E5091C60E842F90E037
:10627000805C9F4F851B91098F739927892B09F4A7
:1062800008950C9400000E940000D0CF0E940000EE
:10629000D9CF0E940000E2CF181619066CF4C296FE
:1062A0009C013695279536952795ABE7B4E10F9479
:1062B0002DBA969587950895DC01D2972CEE31E59D
:1062C0000F9481BA9595879595958795959587951E
:1062D000959587959595879597FD0196089524E660
:1062E000829FC0011124089597FD01969595879589
:1062F000089590E0880F991F0895089590E00895FB
:10630000CF93DF9300D000D0CDB7DEB7633009F470
:106310004BC008F16430D1F1653059F571E07983F3
:10632000DC01A95DBE4FBB83AA83895B9E4F9D8321
:106330008C837E8329813A814B815C816D817E8152
:1063400080E090E026960FB6F894DEBF0FBECDBF7A
:10635000DF91CF910895623061F421E02983AC018F
:10636000415E5F4F5B834A8387969D838C832E8338
:10637000E1CF31E03983BC01695C7F4F7B836A8365
:106380008D5B9F4F9D838C833E83D4CF51E0598397
:10639000FC01E95AFF4FFB83EA8389599F4F9D8394
:1063A0008C8382E08E83C6CFB1E0B9839C01295AE9
:1063B0003F4F3B832A8389599F4F9D838C83BE83A4
:1063C000B9CFFC0142815381248180914A1E909172
:1063D0004B1E30E0892B29F483E0220F331F8A956E
:1063E000E1F781E02417350708F480E008954F9223
:1063F0005F926F927F928F929F92AF92BF92CF9255
:10640000DF92EF92FF920F931F93CF93DF9300D011
:1064100000D0CDB7DEB7DB01722FFC014080518088
:106420006280738049825A826B827C82FD01E370B4
:10643000FF27EF2B09F497C14115510509F463C1FA
:106440007A01F1E0EF1AF108FA01E370FF273097C3
:1064500009F49AC0E130F10509F461C0329771F195
:1064600053014201492C5A2C6B2C77248D010F5F6C
:106470001F4F1E830D838C90912C19818126F4016E
:10648000EE0FFF1FEE0FFF1FE358FB4E0591159116
:10649000259134914801590184249524A624B724D8
:1064A00089829A82AB82BC82A701AD81BE81A37032
:1064B000BB27AB2B09F459C1AD81BE81C980DA80FD
:1064C000EB80FC808D2C9E2CAF2CBB249D012F5F7C
:1064D0003F4F3E832D83CC90D12C4980C424F601BC
:1064E000EE0FFF1FEE0FFF1FE358FB4E05911591B6
:1064F0002591349128013901482459246A247B24A8
:1065000049825A826B827C8241505109AD81BE81A1
:10651000A370BB27AB2B09F428C1AD81BE81698074
:106520007A808B809C80BB24A92C982C872C8D0191
:106530000F5F1F4F1E830D83CC90D12C5980C52433
:10654000F601EE0FFF1FEE0FFF1FE358FB4E059104
:1065500015912591349128013901482459246A2440
:106560007B2449825A826B827C8241505109AD81E1
:10657000BE81A370BB27AB2B09F4F7C0AD81BE81F0
:106580004115510509F4BFC089809A80AB80BC8059
:10659000892C9A2CAB2CBB249D012F5F3F4F3E834F
:1065A0002D83CC90D12C7980C724F601EE0FFF1FEC
:1065B000EE0FFF1FE358FB4E059115912591349185
:1065C00028013901482459246A247B2449825A82AB
:1065D0006B827C827A0101E0E01AF108A701ED816B
:1065E000FE81E370FF27EF2B09F4BFC0CD80DE8072
:1065F000BB24A72C962C852C86010F5F1F4F1E8372
:106600000D83F6014080512CF9814F26F201EE0FE7
:10661000FF1FEE0FFF1FE358FB4E059115912591CB
:10662000349128013901482459246A247B24498261
:106630005A826B827C8241505109ED81FE81E37068
:10664000FF27EF2B09F491C093018201812E922E36
:10665000A32EBB24A6014E5F5F4F5E834D83F601E0
:106660004180512C4026F201EE0FFF1FEE0FFF1F5D
:10667000E358FB4E0591159125913491280139017C
:10668000482459246A247B2449825A826B827C8262
:10669000A70142505109ED81FE81E370FF27EF2BE6
:1066A00009F463C0452C562C672C77249D012C5F80
:1066B0003F4F3E832D8313968C901397912CA98086
:1066C0008A24F401EE0FFF1FEE0FFF1FE358FB4E6D
:1066D00005911591259134914801590184249524FF
:1066E000A624B72489829A82AB82BC824150510988
:1066F000ED81FE81E370FF27EF2BB9F11496411570
:10670000510509F041CF772361F089809A80AB80F1
:10671000BC8080949094A094B09489829A82AB8239
:10672000BC8289809A80AB80BC80FC01808291828F
:10673000A282B382C501B40126960FB6F894DEBFDB
:106740000FBECDBFDF91CF911F910F91FF90EF90C2
:10675000DF90CF90BF90AF909F908F907F906F9081
:106760005F904F900895BE83AD834031510508F48A
:10677000C3C1AD81BE816A0110E1C11AD108D294B2
:10678000C294EFE0CE22CD24DE22CD242601429415
:10679000529410EF51225424412254247D0120E1CF
:1067A000E20EF11CE40CF51C49805A806B807C8061
:1067B0008D909D90AD90BC90139784249524A62431
:1067C000B72433272B2D1A2D092D9924AA24BB2455
:1067D000F401EE0FFF1FEE0FFF1FE358FB4E8590F5
:1067E0009590A590B490082519252A253B25812E42
:1067F000922EA32EBB24112722273327F801EE0F58
:10680000FF1FEE0FFF1FE358FB4E059115912591D9
:10681000349180269126A226B32633272B2D1A2DBC
:10682000092D9924AA24BB24F401EE0FFF1FEE0FBB
:10683000FF1FE358FB4E85909590A590B4900825D6
:1068400019252A253B25812E922EA32EBB24112704
:1068500022273327F801EE0FFF1FEE0FFF1FE3582B
:10686000FB4E059115912591349114964D905D90B4
:106870006D907C901797042515252625372508252A
:1068800019252A253B25812E922EA32EBB241127C4
:1068900022273327F801EE0FFF1FEE0FFF1FE358EB
:1068A000FB4E059115912591349180269126A226C3
:1068B000B32633272B2D1A2D092D9924AA24BB2466
:1068C000F401EE0FFF1FEE0FFF1FE358FB4E859004
:1068D0009590A590B49080269126A226B3263327C2
:1068E0002B2D1A2D092D9924AA24BB24F401EE0F77
:1068F000FF1FEE0FFF1FE358FB4E85909590A5906C
:10690000B490082519252A253B25812E922EA32EE9
:10691000BB24112722273327F801EE0FFF1FEE0FAC
:10692000FF1FE358FB4E0591159125913491189660
:106930004D905D906D907C901B9704251525262524
:106940003725082519252A253B25812E922EA32E91
:10695000BB24112722273327F801EE0FFF1FEE0F6C
:10696000FF1FE358FB4E0591159125913491802628
:106970009126A226B32633272B2D1A2D092D9924D3
:10698000AA24BB24F401EE0FFF1FEE0FFF1FE358F4
:10699000FB4E85909590A590B49080269126A226D6
:1069A000B32633272B2D1A2D092D9924AA24BB2475
:1069B000F401EE0FFF1FEE0FFF1FE358FB4E859013
:1069C0009590A590B490082519252A253B25812E60
:1069D000922EA32EBB24112722273327F801EE0F76
:1069E000FF1FEE0FFF1FE358FB4E059115912591F8
:1069F00034911C964D905D906D907C901F9704256E
:106A0000152526253725082519252A253B25812EDC
:106A1000922EA32EBB24112722273327F801EE0F35
:106A2000FF1FEE0FFF1FE358FB4E059115912591B7
:106A3000349180269126A226B32633272B2D1A2D9A
:106A4000092D9924AA24BB24F401EE0FFF1FEE0F99
:106A5000FF1FE358FB4E85909590A590B4900825B4
:106A600019252A253B25812E922EA32EBB241127E2
:106A700022273327F801EE0FFF1FEE0FFF1FE35809
:106A8000FB4E059115912591349180269126A226E1
:106A9000B32633272B2D1A2D092D9924AA24BB2484
:106AA000F401EE0FFF1FEE0FFF1FE358FB4E859022
:106AB0009590A590B49028013901482459246A245E
:106AC0007B2449825A826B827C825096AE15BF0528
:106AD00009F06ECE4F7055270FEFC01AD00AC2943E
:106AE000D29400EFD022DC24C022DC246D807E8092
:106AF0006C0C7D1C7E826D824115510509F403CE1C
:106B000049805A806B807C80FF24E72CD62CC52CD2
:106B1000ED81FE81608193018201112722273327B5
:106B20000627F801EE0FFF1FEE0FFF1FE358FB4E85
:106B30000591159125913491280139014C245D244A
:106B40006E247F2449825A826B827C8241305105B7
:106B500009F4D9CDFF24E72CD62CC52CED81FE817C
:106B60009180930182011127222733270925F801FB
:106B7000EE0FFF1FEE0FFF1FE358FB4E059115911F
:106B800025913491280139014C245D246E247F2401
:106B900049825A826B827C824230510509F4B3CD1E
:106BA000FF24E72CD62CC52CED81FE81B280930109
:106BB00082011127222733270B25F801EE0FFF1F33
:106BC000EE0FFF1FE358FB4E05911591259134916F
:106BD000280139014C245D246E247F2449825A8285
:106BE0006B827C824330510509F48DCDFF24E72C64
:106BF000D62CC52CED81FE81B38193018201112732
:106C0000222733270B27F801EE0FFF1FEE0FFF1F80
:106C1000E358FB4E059115912591349128013901D6
:106C20004C245D246E247F2449825A826B827C82AC
:106C30004430510509F467CDBB24A72C962C852C34
:106C4000ED81FE81C480D12CC424F601EE0FFF1F1C
:106C5000EE0FFF1FE358FB4E0591159125913491DE
:106C600028013901482459246A247B2449825A8204
:106C70006B827C824530510509F445CDBB24A72C9D
:106C8000962C852CED81FE81C580D12CC424F60183
:106C9000EE0FFF1FEE0FFF1FE358FB4E05911591FE
:106CA0002591349128013901482459246A247B24F0
:106CB00049825A826B827C824630510509F423CD89
:106CC000BB24A72C962C852CED81FE81C680D12C6F
:106CD0008601D9800D25000F111F000F111F0358C9
:106CE0001B4EF80105911591259134912801390128
:106CF000482459246A247B2449825A826B827C82EC
:106D00004730510509F4FFCCBB24A72C962C852CC9
:106D1000ED81FE81C780D12C8601F9800F25000FFF
:106D2000111F000F111F03581B4EF80105911591FB
:106D30002591349128013901482459246A247B245F
:106D400049825A826B827C824830510509F4DBCC3F
:106D5000BB24A72C962C852CED81FE81C084D12CE0
:106D6000860139810327000F111F000F111F0358DF
:106D70001B4EF80105911591259134912801390197
:106D8000482459246A247B2449825A826B827C825B
:106D90004930510509F4B7CCBB24A72C962C852C7F
:106DA000ED81FE81C184D12C860159800525000F1B
:106DB000111F000F111F03581B4EF801059115916B
:106DC0002591349128013901482459246A247B24CF
:106DD00049825A826B827C824A30510509F493CCF5
:106DE000BB24A72C962C852CED81FE81C284D12C4E
:106DF0008601A9810A27000F111F000F111F0358D8
:106E00001B4EF80105911591259134912801390106
:106E1000482459246A247B2449825A826B827C82CA
:106E20004B30510509F46FCCBB24A72C962C852C34
:106E3000ED81FE81C384D12C860179800725000F66
:106E4000111F000F111F03581B4EF80105911591DA
:106E50002591349128013901482459246A247B243E
:106E600049825A826B827C824C30510509F44BCCAA
:106E7000BB24A72C962C852CED81FE81C484D12CBB
:106E80008601E9800E25000F111F000F111F035806
:106E90001B4EF80105911591259134912801390176
:106EA000482459246A247B2449825A826B827C823A
:106EB0004D30510509F427CCBB24A72C962C852CEA
:106EC000ED81FE81C584D12C8601C9800C25000F7F
:106ED000111F000F111F03581B4EF801059115914A
:106EE0002591349128013901482459246A247B24AE
:106EF00049825A826B827C824E30510509F403CC60
:106F0000BB24A72C962C852CED81FE81C684D12C28
:106F1000860159810527000F111F000F111F03580B
:106F20001B4EF801059115912591349128013901E5
:106F3000482459246A247B2449825A826B827C82A9
:106F4000E2CBCF92DF92EF92FF92CC24CA94DC2C5A
:106F50007601FC01C082D182E282F382FF90EF9041
:106F6000DF90CF900D94F73180918F0A8F5F8093DF
:106F70008F0A20918F0A243011F410928F0AE09129
:106F80008F0AF0E03FB7F89440917C0D50917D0D51
:106F900060917E0D70917F0D26B5A89B06C02F3F96
:106FA00021F04F5F5F4F6F4F7F4F3FBF962F852F71
:106FB000742F6627620F711D811D911D660F771F4B
:106FC000881F991F660F771F881F991FEE0FFF1FDD
:106FD000EE0FFF1FE158F54F608371838283938327
:106FE00008958091E81D90E0880F991F092E000CEC
:106FF000AA0BBB0B4091531E5091541E6091551E1D
:107000007091561E481759076A077B07A4F49091A0
:107010004C1E8091E91D981770F42091981E23FD55
:1070200005C03091F31E3F5F3093F31E4091981ED0
:1070300040614093981E08958F929F92AF92BF92A5
:10704000CF92DF92EF92FF92E0910408F091050851
:10705000808190910308892309F455C00F945286CA
:10706000C0900E0AD0900F0AE090100AF090110A1A
:107070008090120A9090130AA090140AB090150AFA
:10708000F0914D1D9B01AC012C193D094E095F0982
:107090002115310581E04807510580F5A0E0B1E0F8
:1070A000AF1BB1090F94F8B96B017C01A5019401E4
:1070B00044275527AF2FB0E00F94F8B9C60ED71E5E
:1070C000E81EF91E8D2C9E2CAF2CBB24AA24BB24B9
:1070D0008092120A9092130AA092140AB092150A92
:1070E0002091160A2F5F2093160AFF90EF90DF90F1
:1070F000CF90BF90AF909F908F9008952FEF3FEF6C
:1071000040E050E0CBCF0F94528660930E0A70930C
:107110000F0A8093100A9093110AE7CFE2E7F0E09C
:107120008081877F80830895E2E7F0E08081877F18
:1071300080830895E2E7F0E080818D7F8083089569
:10714000E2E7F0E080818D7F80830895E3E7F0E05F
:107150008081877F80830895E3E7F0E080818B7FE3
:1071600080830895E3E7F0E080818D7F8083089538
:10717000CB9AE2E7F0E08081886080830895CB9A23
:10718000E2E7F0E08081886080830895C99AE2E7B1
:10719000F0E08081826080830895C99AE2E7F0E0A0
:1071A0008081826080830895D39AE3E7F0E0808154
:1071B000886080830895D29AE3E7F0E0808184605C
:1071C00080830895D19AE3E7F0E080818260808334
:1071D0000895E2E7F0E080818B7F80830895E1E706
:1071E000F0E08081877F80830895E1E7F0E080818F
:1071F0008B7F80830895E1E7F0E080818D7F80833D
:107200000895CA9AE2E7F0E080818460808308955F
:10721000C39AE1E7F0E08081886080830895C29A94
:10722000E1E7F0E08081846080830895C19AE1E71E
:10723000F0E08081826080830895089590E080E08E
:107240000D94C3B98EE99EE00D94C3B9CF93C82FB6
:1072500090E080E00F94C3B9C81731F06C2F90E034
:1072600080E0CF910D94CBB9CF910895CF93C82FE3
:107270008EE99EE00F94C3B9C81731F06C2F8EE9E8
:107280009EE0CF910D94CBB9CF910895FF920F93CB
:107290001F93CF93DF93EC01F62E08811981C8016B
:1072A0000F94C3B9F81649F06F2DC8010F94CBB9EC
:1072B0008A819B8101969B838A83DF91CF911F9165
:1072C0000F91FF900895CF92DF92EF92FF920F936C
:1072D0001F93CF93DF9300D000D000D01F92CDB783
:1072E000DEB77C016B010E831F83288739874A87AD
:1072F000CE0106960F94E131882381F0EC14FD0451
:1073000069F0F70161917F01CE0106960F9446392D
:10731000AE81BF811196BF83AE83EACFFE01369660
:10732000DE01119685E001900D928A95E1F72981A1
:107330003A814B815C816D8170E080E090E02A961B
:107340000FB6F894DEBF0FBECDBFDF91CF911F9176
:107350000F91FF90EF90DF90CF9008950E9495FFDE
:107360000D94A0130F9445000D9436140F9445000E
:107370000D94E6140F94F5000D94E6140F94F500A7
:107380000C94E5FE0F94F5000C9495FF0F94F50016
:107390000D9445000F94A5010C94E5FE0F94A501F2
:1073A0000C9495FF0F94A5010D9445000E94E9FFF0
:1073B0000D94E7130F9499000D948A140F9499007B
:1073C0000D943A150F94F5000D9499000F9449010E
:1073D0000D943A150F9449010C9439FF0F9449010B
:1073E0000C94E9FF0D9449010F94F9010C9439FFB5
:1073F0000F94F9010C94E9FF0F94F9010D94990091
:107400001F920F920FB60F9211240BB60F922F936B
:107410008F939F93EF93FF93E091C80EF0E0E75FA7
:10742000F04F20818091C80E90E001968F739927CC
:107430008093C80EE091C20EF091C30E2083E091BC
:10744000BC0EF091BD0E9081937090649083F0918A
:10745000C70E2091C80EF21307C0E091BE0EF09146
:10746000BF0E80818F7D8083FF91EF919F918F91DF
:107470002F910F900BBE0F900FBE0F901F9018957D
:107480001F920F920FB60F9211240BB60F922F93EB
:107490008F939F93EF93FF93E091BC0EF091BD0EFD
:1074A0008081E091C20EF091C30E82FF0DC08081F9
:1074B000FF91EF919F918F912F910F900BBE0F90A5
:1074C0000FBE0F901F90189520818091C50E8F5F81
:1074D0008F739091C60E891759F3F091C50EEF2F57
:1074E000F0E0E455F14F258F8093C50EE1CF1F9258
:1074F0000F920FB60F9211240BB60F922F938F930A
:107500009F93EF93FF93E091650FF0E0EA55F04F02
:1075100020818091650F90E001968F739927809369
:10752000650FE0915F0FF091600F2083E091590F9C
:10753000F0915A0F9081937090649083F091640F52
:107540002091650FF21307C0E0915B0FF0915C0F83
:1075500080818F7D8083FF91EF919F918F912F91FB
:107560000F900BBE0F900FBE0F901F9018951F929B
:107570000F920FB60F9211240BB60F922F938F9389
:107580009F93EF93FF93E091590FF0915A0F8081F1
:10759000E0915F0FF091600F82FF0DC08081FF913D
:1075A000EF919F918F912F910F900BBE0F900FBE77
:1075B0000F901F90189520818091620F8F5F8F73BD
:1075C0009091630F891759F3F091620FEF2FF0E05C
:1075D000E75BF04F258F8093620FE1CF2F923F92B0
:1075E0004F925F926F927F928F929F92AF92BF92D3
:1075F000CF92DF92EF92FF920F931F93CF93DF937F
:107600000EE819E0A0ECEA2EA9E0FA2ED0E0C0E0E6
:10761000812C912C5401839466246394712C809165
:10762000310A90E00C2E02C0969587950A94E2F7F5
:1076300080FFA3C0F801A289A03F08F40FC1A05F9A
:1076400090E080E0A93050F48091300A90E002C0D0
:1076500096958795AA95E2F781709927F701408161
:107660005181FE01E052F64F6F013081377009F011
:10767000A1C0552453948417950709F0512CD601C5
:107680009C91929596959695937049F1F801B28DDB
:10769000B93F28F5B03F08F4E7C12091300A30E047
:1076A000B05F02C036952795BA95E2F7217033276F
:1076B000F70140895189F601708176957695769526
:1076C000777009F03AC1F1E02417350709F0F0E0CE
:1076D000913009F43DC1923009F03CC15F2A80919C
:1076E0008F0990E00C2E02C0969587950A94E2F7D8
:1076F0009C012170332780FF67C0F801D2A055207C
:1077000009F4DCC0DD2009F410C1FE01E85DF54F8D
:1077100040814D1508F44AC1512C80918E0990E0AA
:107720000C2E02C0969587950A94E2F7482F417077
:10773000C42ED80112968C9187FFDAC08091300A4E
:10774000451509F41FC1B3010C2E01C0660F0A9440
:10775000EAF7962F862B8093300A3090101F392A33
:107760003092101F232B09F0A4C0FE01E85DF54FF5
:107770001082FE01E05EF54F108221960F5F1F4FD1
:1077800092E0E90EF11CC830D10509F048CFDF9135
:10779000CF911F910F91FF90EF90DF90CF90BF900E
:1077A000AF909F908F907F906F905F904F903F90A1
:1077B0002F900895313009F091C0552453948417C7
:1077C000950709F05CCF5ACF552009F466C0F8013F
:1077D000B285BF3F09F461C0FE01E05EF54F308124
:1077E0003B1708F49FC060918E0970E00C2E02C018
:1077F000769567950A94E2F76B01E1E0CE22DD24ED
:107800003090101F832D90E00C2E02C09695879526
:107810000A94E2F780FF0BC0FE01E85DF54F80811E
:10782000D80192965C91851710F48F5F8083F801E0
:10783000828187FF94C06091300ACD2809F047C14A
:10784000A3010C2E01C0440F0A94EAF7D42E642B36
:107850006093300A3D283092101F8FCFCA2ED12C52
:10786000A23808F4CAC0AF3E09F094C180918A09D9
:1078700090918B09A0918C09B0918D09813090482D
:10788000A105B10508F489C180918A0990918B09FD
:10789000A0918C09B0918D09E1CEFE01E85DF54F14
:1078A0004081D8019296DC904D1508F036CF4F5F9D
:1078B0004083FE01E05EF54F10825FCF4091101FC4
:1078C00050E00C2E02C0569547950A94E2F7FE014F
:1078D000E85DF54F40FF2EC0D0821ECF323009F058
:1078E00048C155245394481759070CF4C8CEC6CE46
:1078F000642F65250F940286C51409F45EC0462DD9
:107900000C2E01C0440F0A94EAF7942F20918F099E
:1079100030E00C2E02C0369527950A94E2F72170CC
:1079200033271BCF3F5F308328CFB285BF3F09F499
:10793000F4CE52CF108240E0B7CF713009F054C07E
:10794000F1E02417350709F4C2CE913009F0C3CE17
:107950005F22C5CE933009F0C2CE5F26C0CE6095BF
:107960007095617077270F940286CD2809F09EC02C
:10797000762D0C2E01C0770F0A94EAF7D72E30909F
:10798000101F68CFB501A4010C2E04C0440F551F71
:10799000661F771F0A94D2F7409584238093300A9C
:1079A0006091101F46234093101FDCCED8011A9619
:1079B000BC91BF3F09F47BCF0FCFB501A4010C2EC2
:1079C00004C0440F551F661F771F0A94D2F74095D5
:1079D00020918F0930E00C2E02C0369527950A942D
:1079E000E2F721703327DCCF723009F0CBC0F1E031
:1079F000421753070CF46CCE6ACE50E040E025E20B
:107A000030E0C90196958795BC01640F751FFB0195
:107A1000E850FC4E2490A21550F0C90101969695AD
:107A20008795AB018130910529F09C01EACF813027
:107A30009105D9F748505C4EFA014491C601A41350
:107A400031C00E94B991582EC60101960E94B99189
:107A5000982F852DF6E0CF1AD10822E0C216D10466
:107A600008F0FCCD8897FACD2B2E312CB238F0F1EE
:107A7000BF3E09F095C020918A0930918B09409151
:107A80008C0950918D09213030484105510508F489
:107A90008AC020918A0930918B0940918C095091BC
:107AA0008D0906CE0E94B99190E0D4CFD501C401D2
:107AB0000C2E04C0880F991FAA1FBB1F0A94D2F76F
:107AC00080953090101F83218093101F56CED501D2
:107AD000C4010C2E04C0880F991FAA1FBB1F0A9453
:107AE000D2F7809568236093300AEDCF50E040E0F4
:107AF00025E230E0C90196958795BC01640F751F9A
:107B0000FB01E850FC4E4490B41550F0C9010196B9
:107B100096958795AB018130910529F09C01EACFBC
:107B200081309105D9F748505C4EFA015491C1015A
:107B3000B5131AC00E94B991482EC10101960E9446
:107B4000B991382F242DD6019C91929596959695B2
:107B50009370B6E02B1A3108E2E02E16310408F0DB
:107B6000A7CD28523109A4CD0E94B991282F30E029
:107B7000EACF3330D9F455245394841795070CF089
:107B80007ECD7CCD7330D9F4F1E0241735070CF0AD
:107B90009FCD9DCD8FEF9FEF61CD80E090E85ECDD2
:107BA0002FEF3FEF85CD20E030E882CD343079F4FF
:107BB00055245394841795070CF461CD5FCD743030
:107BC00079F4F1E0241735070CF482CD80CD3530FF
:107BD00079F455245394481759070CF050CD4ECDE5
:107BE000753089F4F1E0421753070CF071CD6FCD79
:107BF000363009F0E2CD8423952355245394892B04
:107C000009F03DCD3BCD763009F09ACE24233523C3
:107C1000F1E0232B09F05CCD5ACD3F924F925F9259
:107C20006F927F928F929F92AF92BF92CF92DF928C
:107C3000EF92FF920F931F93CF93DF9300D01F9289
:107C4000CDB7DEB788E2E82E8AE0F82E00E919E029
:107C500098E2892E9AE0992EE0E2FAE0FC83EB8329
:107C6000CC24C394D12C412C512C32014394CF010C
:107C700051C0B090101F80918E0990E00A2C02C074
:107C8000969587950A94E2F780FFCBC029812B292E
:107C90002093101F3091310A4981342B3093310ADF
:107CA0006B817C8160527A405B01EB81FC81119297
:107CB000FC83EB83F70111927F01F80131908F0172
:107CC000332011F1D601062E02C0AA0FBB1F0A9461
:107CD000E2F7BA83A98337FE7AC05091101F8091D2
:107CE0008E0990E0062E02C0969587950A94E2F7D9
:107CF00080FFA5C0F9815F2B5093101F7F2F9091BB
:107D0000310A972B9093310A8B819C8188169906B2
:107D100009F447C080529A405C01EB81FC811192CA
:107D2000FC83EB83F70111927F01F80131908F0101
:107D3000332009F4B5CFC6010A2C02C0880F991F61
:107D40000A94E2F79A83898337FC93CFB090A00A14
:107D50003B14F9F02091B10A3216D9F0309189091B
:107D60003316B9F040918809341699F050915C0AA5
:107D7000351679F06091B30A361659F0709187097B
:107D8000371609F4DDC0832D0E94F5E3882309F43A
:107D90008EC0398030948091310A38223092310A75
:107DA0007FCF0F900F900F900F90DF91CF911F9189
:107DB0000F91FF90EF90DF90CF90BF90AF909F908A
:107DC0008F907F906F905F904F903F90089550916B
:107DD000A00A3516F1F07091B10A3716D1F09091E2
:107DE00089093916B1F0B09188093B1691F0F091EC
:107DF0005C0A3F1671F08091B30A381651F0B090CA
:107E000087093B1409F4A1C0832D0E94F5E3882360
:107E100029F139803094A091310AA321A093310A2D
:107E200073CFD301C20104C0880F991FAA1FBB1FC3
:107E3000AA94D2F780958B218093101F2BCFD3016A
:107E4000C20104C0880F991FAA1FBB1F6A95D2F7F1
:107E5000809585238093101F798151CF61E0832D18
:107E60000F944D7A60918E0970E00A2C02C07695CD
:107E700067950A94E2F76170832D0F9402868091D2
:107E80008E0990E00A2C02C0969587950A94E2F735
:107E900080FF36C03091101F4981342B3093101F62
:107EA0006091310AE9816E2B6093310A2DCF61E038
:107EB000832D0F944D7A60918E0970E00A2C02C0D8
:107EC000769567950A94E2F76170832D0F94028688
:107ED00080918E0990E00A2C02C0969587950A94AD
:107EE000E2F780FF1DC0A091101FB981AB2BA093BA
:107EF000101FE091310AF981EF2BE093310AD0CEC7
:107F0000D301C20104C0880F991FAA1FBB1FAA94E6
:107F1000D2F78095A090101F8A218093101FC0CFA8
:107F2000D301C20104C0880F991FAA1FBB1FAA94C6
:107F3000D2F78095A090101F8A218093101FD9CF6F
:107F40009091460C91FD25CF1ECF2091460C21FD2E
:107F500060CF5ACF8031C8F4E82FF0E08827EC5486
:107F6000F04C8E4F0D9458BACC00120214044E05FA
:107F7000220170045A055E046C034C022405C802F9
:107F8000F403FC042202FE0085E4089584E40895CD
:107F900086E3089587E3089588E3089589E30895C3
:107FA0008AE308958BE308958CE308958DE30895A3
:107FB0008EE308958FE3089580E4089581E40895A1
:107FC00082E4089583E40895882349F0813061F0C4
:107FD00022E632E04EE056E0BA01C901089560E9B8
:107FE00071E08AE593E0089528E434E044EF51E03D
:107FF000BA01C9010895CF92DF92EF92FF920F93D9
:108000001F93CF93DF9300D000D0CDB7DEB7498365
:108010005A836B837C838D839E838901892F0F9480
:10802000E43F6C01EA80FB808C819D81E816F906B3
:1080300079F0C8010F94C3B9F6011995F70191833E
:1080400080830F5F1F4FCE0101960E948764EACFA5
:10805000C80126960FB6F894DEBF0FBECDBFDF91E4
:10806000CF911F910F91FF90EF90DF90CF900895E7
:10807000EF92FF920F931F93CF93DF93CDB7DEB7AD
:1080800060970FB6F894DEBF0FBECDBF4E835F83FF
:10809000688779878A879B87EC86FD860E871F878E
:1080A000288B892F0F94E43F8B01CE010C960F94FF
:1080B000E1318823D1F0EF81F88589859A85E81729
:1080C000F90799F080819181F8011995682FCE0107
:1080D0000C960F944639AC85BD851196BD87AC874B
:1080E000CE0106960E948764E0CFFE013C96DE0139
:1080F000119615E001900D921A95E1F729813A81C8
:108100004B815C816D8170E080E090E060960FB6FD
:10811000F894DEBF0FBECDBFDF91CF911F910F91BD
:10812000FF90EF9008956F927F928F929F92AF92FF
:10813000BF92CF92DF92EF92FF920F931F93CF9354
:10814000DF93FC01E801828193818C159D0531F458
:10815000648075806E147F0409F478C2D382C28271
:10816000F582E482908177247A94760E7EEF760F02
:10817000A92FB0E0AA0FBB1FA20FB31F12960D913B
:108180001C9113970C151D05BCF5AD90BC90119773
:10819000AC14BD040CF04FC0971709F440C0911106
:1081A00038C0D9018D919C91C816D9060CF047C2F0
:1081B000A72DB0E0AA0FBB1FA20FB31F8D909C90FC
:1081C0008C149D040CF051C25901B2E0AB0EB11CED
:1081D00090E0D5010D911D915D010C151D0534F444
:1081E00014978D909C908C149D042CF59F5F7913AF
:1081F000F0CF062F071B21C0971759F014968D90CA
:108200009C9015978C149D0454F69F5F062F091BB4
:1082100014C00D911C9111970C151D0514F61297A1
:108220000D90BC91A02DAC15BD050CF4BACF9150AA
:10823000062F091B02C0062F091B8EEF882E800E09
:10824000912C015010E090838181A82FB0E0AA0FFB
:10825000BB1FAC0FBD1F1296AD90BC901397AE1410
:10826000BF040CF040C0AD90BC901197AE14BF0499
:108270000CF054C2871769F1811125C0A881B9811A
:10828000EA16FB06ECF5A72DB0E0AA0FBB1FAC0F5A
:10829000BD1F0D90BC91A02DAE15BF050CF0D8C12F
:1082A0006A807B806E147F040CF045C270E0679F8B
:1082B000B02D11246B2E712C6B0F5401A60CB71C22
:1082C000600E711E21C0AD90BC901197AE14BF041A
:1082D000ACF612970D90BC91A02DAE15BF0574F2AF
:1082E0007FEF780FE4CF871771F31496AD90BC90B1
:1082F0001597AE14BF040CF0BFCF71E0780FD7CF45
:10830000380154017D0170E07183DA01AA0DBB1DB3
:108310008C91DA01A60DB71D7C90460F511DDA0134
:10832000A80DB91DAC90400F511FDA016C90871554
:1083300009F4CFC0492F50E04F5F5F4F440F551FE6
:10834000240F351FD9014D915C914C155D0509F441
:10835000C6C022503109D9012D913C912C153D0503
:1083600009F48AC2D901A41BB50B09F436C19601E0
:10837000241B350B032E000C440B550B542F432F9D
:10838000322F22274A175B0708F027C100E1220F8E
:10839000331F441F551F18F04A175B0718F04A1B7C
:1083A0005B0B21600A9599F7D90140E051E06A0121
:1083B000C21AD30A272F30E02F5F3F4F220F331FFF
:1083C000C20FD31F48815981B12C4E155F0509F4A6
:1083D0008EC190E0872C912C2297288139812E150F
:1083E0003F0509F45DC2241B350B09F49AC0B7019F
:1083F000641B750BAB01052E000C660B770B762FFB
:10840000652F542F44276217730708F08AC000E1D4
:10841000440F551F661F771F18F06217730718F077
:10842000621B730B41600A9599F78A01C11421E020
:10843000D20609F42AC120E031E0241B350BC49E8A
:10844000E001C59ED00DD49ED00D1124C058DF4F41
:10845000CD2FDD27C89F7001C99FF00CD89FF00C6D
:108460001124A11581E0B80709F437C2A49FB00117
:10847000A59F700DB49F700D112460587F4F472F3A
:108480005527489DC001499D900D589D900D112480
:108490008E0D9F1D2C9DE0012D9DD00D3C9DD00D7E
:1084A0001124C058DF4F8D2E99248A9C80018B9C0B
:1084B000100D9A9C100D1124A11541E0B40709F08C
:1084C00066C0211561E0360709F46DC0A0E0B1E097
:1084D0005EC08A112FCF86112DCF86836FC0272FC4
:1084E00030E02F5F3F4F220F331FC20FD31F488151
:1084F0005981B12CE416F50609F4BEC090E0872C32
:10850000912C229728813981B0E0A0E0C12CDD2494
:10851000D394E216F30609F4BDC0241B350B09F011
:1085200066CFED01C058D1094D2F5527489F7001E6
:10853000499FF00C589FF00C112480E890E08A1BB2
:108540009B0B692F7727689DC001699D900D789DD1
:10855000900D11248E0D9F1DC11471E0D70609F4F2
:10856000DAC001E011E0C09E9001C19E300DD09EA6
:10857000300D112420583F4F832E99248A9C80016E
:108580008B9C100D9A9C100D112421E031E02A9F44
:1085900060012B9FD00C3A9FD00C1124D601A0581B
:1085A000BF4F2B2F3327629E7001639EF00C112466
:1085B000080F191FE00EF11E8F2DF682DF91CF916B
:1085C0001F910F91FF90EF90DF90CF90BF90AF90F1
:1085D0009F908F907F906F900895272F30E02F5FAE
:1085E0003F4F220F331FC20FD31F48815981B12C37
:1085F000CC24C394DC2CAFEFBFEFE416F50609F4EE
:108600005FC090E0872C912C229728813981E21657
:10861000F30609F0E8CEC89E7001C99EF00C112443
:10862000A11561E0B60709F441C1A89DC001A99D4B
:10863000900D11248E0D9F1D30E020E045C0872E47
:10864000912C072D10E06C0190E0FDCD8681B6CF16
:10865000679FB02C11246B2C712C6B0D5401A60C50
:10866000B71C600E711E7D014FCE6401972F01E093
:1086700010E0912C812CE7CD1A2D0027B0E0A0E06E
:1086800090E080E020E031E082CF411521E0520708
:1086900009F02EC1982F8827A11571E0B70709F4BA
:1086A00050C1A89D9001A99D300D1124820F931FE8
:1086B00030E020E02A9D80012B9D100D112467CF12
:1086C00090E080E020E031E02C9DB0012D9D700D08
:1086D0003C9D700D112460587F4FC72EDD24CA9C2D
:1086E0008001CB9C100DDA9C100D112450CFC114C9
:1086F00021E0D20609F4E3C0CA9C8001CB9C100D96
:108700001124A11561E0B60709F42BC190E080E0C7
:1087100020E031E03CCF21E031E0CCCF869F702DCE
:108720001124672E712C670F5401A60CB71C600E24
:10873000711E782FE9CDAC80BD80AE14BF0424F447
:108740006E147F040CF020C1723009F4B0CDAE81FC
:10875000BF81AE15BF0524F4AE14BF040CF0BBC03E
:10876000733009F4A4CD688479846E147F042CF4EA
:10877000AE15BF0514F073E09ACD743009F497CDAF
:10878000AA85BB85AE15BF052CF46E147F0414F0CA
:1087900074E08DCD753009F48ACDAC84BD84AE14FF
:1087A000BF042CF4AE15BF0514F075E080CD763013
:1087B00009F47DCD6E847F846E147F042CF4AE1496
:1087C000BF0414F076E073CD773009F470CDA8883B
:1087D000B988AE14BF042CF46E147F0414F077E053
:1087E00066CD783009F463CDAA89BB89AE15BF0583
:1087F00024F4AE14BF040CF0C9C0793009F457CD8D
:108800006C887D886E147F0424F4AE15BF050CF0CF
:10881000BFC07A3009F44BCDAE89BF89AE15BF0514
:1088200024F46E147F040CF0B5C07B3009F43FCD06
:10883000A88CB98CAE14BF0424F4AE15BF050CF09F
:10884000ABC07C3009F433CD6A8C7B8C6E147F0412
:1088500024F4AE14BF040CF0A1C07D3009F427CD80
:10886000AC8DBD8DAE15BF050CF021CD6E147F040F
:108870000CF41DCD7DE01BCD272F30E02F5F3F4F47
:10888000220F331FC20FD31F48815981B12CE41628
:10889000F50609F45FC0D12CC12CA0E0B1E0B1CE47
:1088A000C11441E0D40609F0B6CEF4CE982D882745
:1088B0008E0D9F1D10E000E030E020E068CE90E0DB
:1088C00080E01A2D0027A11521E0B20709F020CF82
:1088D00020E031E068CE72E0EACC0115114009F0E9
:1088E00045C0982D88278E0D9F1D30E020E0D2CD09
:1088F0009601241B350BD42FCC27CD2EDD24C89E0A
:108900007001C99EF00CD89EF00C1124A49FB001F8
:10891000A59F700DB49F700D1124AB0140585F4F9F
:10892000052F1127089DC001099D900D189D900DE0
:1089300011248E0D9F1D211541E0340709F0BACE98
:10894000C0CFB82CAA248A0D9B1D10E000E030E0B7
:1089500020E01DCE10E000E020E031E090E080E07B
:10896000B0CD20E031E090E080E01DCE942F88274C
:10897000092F1127089DC001099D900D189D900D8C
:1089800011248E0D9F1D86CD71E091CC78E08FCCA7
:1089900079E08DCC7AE08BCC7BE089CC7CE087CC15
:1089A0000F9341155105A9F08417950790F4DC0148
:1089B000CB0100E1880F991FAA1FBB1F18F0A41755
:1089C000B50718F0A41BB50B81600A9599F70F91B4
:1089D00008958FEF9FEF0F910895CF93DF9300D00D
:1089E00000D0CDB7DEB7633009F45AC010F561305E
:1089F00009F44AC0623079F52FEF2983AC014B5D51
:108A00005F4F5B834A834D969D838C8381E08E8389
:108A100029813A814B815C816D817E8180E090E08B
:108A200026960FB6F894DEBF0FBECDBFDF91CF9173
:108A300008956430D9F0653071F4BFEFB983FC015B
:108A4000EB5BFE4FFB83EA838B5D9E4F9D838C83A4
:108A500091E09E83DDCF5FEF59831B821A826EEF18
:108A60007FEF7D836C8372E07E83D2CFFFEFF9834B
:108A70009C012B593F4F3B832A838B5A9F4F9D83E9
:108A80008C8342E04E83C4CF3FEF3983DC01AF5B80
:108A9000BF4FBB83AA83C5969D838C836E83B8CF5B
:108AA0003FEF3983DC01AB59BF4FBB83AA838B5A9D
:108AB0009F4F9D838C8381E08E83AACF1F93CF939A
:108AC000DF9300D000D0CDB7DEB7142F0F94ED4464
:108AD00029833A834B835C836D837E83AC81BD8124
:108AE000EA81FB81EA17FB07A1F0220F330B412F2C
:108AF00050E060817181649FC001659F900D749FFB
:108B0000900D112491838083E20FF31FAE17BF07EE
:108B100081F726960FB6F894DEBF0FBECDBFDF916A
:108B2000CF911F910895CF93DF9300D000D0CDB7A0
:108B3000DEB7653080F5633088F4613009F445C0F4
:108B40006230C1F52FEF2983AC01435E5F4F5B8339
:108B50004A8345969D838C831E820CC05FEF5983A8
:108B6000DC01AB5ABF4FBB83AA838B5B9F4F9D83B6
:108B70008C831E8229813A814B815C816D817E814B
:108B800080E090E026960FB6F894DEBF0FBECDBF12
:108B9000DF91CF910895653069F4BFEFB9839C01EF
:108BA0002B5D3E4F3B832A838B5F9E4F9D838C833F
:108BB0001E82E0CF8FEF89831B821A82EEEFFFEFD8
:108BC000FD83EC8372E07E83D5CF3FEF3983BC0118
:108BD0006B5C7F4F7B836A8389969D838C831E8227
:108BE000C9CFCF93DF9300D01F921F92CDB7DEB7CE
:108BF000653058F5633078F46130D1F1623091F529
:108C00009C012D5E3F4F3A83298303969C838B837F
:108C100084E08D830AC0BC01615C7F4F7A836983E5
:108C200001979C838B8358E05D8329813A814B8136
:108C30005C816D8170E080E090E00F900F900F906C
:108C40000F900F90DF91CF910895653059F4DC01BA
:108C5000A950BF4FBA83A98309979C838B8370E186
:108C60007D83E3CF1A8219821C821B821D82DDCF95
:108C7000AC014B5D5F4F5A83498301969C838B8384
:108C800036E03D83D2CF5F926F927F928F929F9218
:108C9000AF92BF92CF92DF92EF92FF920F931F930A
:108CA000CF93DF93CDB7DEB761970FB6F894DEBFF1
:108CB0000FBECDBF5C01562E7A010F94F1452D8772
:108CC0003E874F87588B6F847888062F10E04701C6
:108CD000CD84DE84C614D70461F0A801B401C601B6
:108CE0000F94B3B9E00EF11E800E911EC01AD10A86
:108CF000F1CF652DC5010F949345B22FA32FF42F0B
:108D0000E52FCB0197014B2F5A2F6F2F7E2F0F94FA
:108D1000FB3F8C01652DC5010F948031722E932E7F
:108D2000B42ED52ECB019801472D592D6B2D7D2DBD
:108D300061960FB6F894DEBF0FBECDBFDF91CF9125
:108D40001F910F91FF90EF90DF90CF90BF90AF9069
:108D50009F908F907F906F905F900D94FB3F6F92EC
:108D60007F928F929F92AF92BF92CF92DF92EF92BB
:108D7000FF920F931F93CF93DF93CDB7DEB7EE979C
:108D80000FB6F894DEBF0FBECDBF4C01A62E0AAFC2
:108D90001BAF2CAF3DAF4EAF0F94F14528AB39ABB5
:108DA0004AAB5BAB6CABC8A8D9A86AA87BA8FE018C
:108DB000FA96DE01919685E001900D928A95E1F791
:108DC000E62EF12CCE0181960F94E131882391F1AA
:108DD0006C147D0479F185E0B82EFE01B196DE01B8
:108DE00057961B2D01900D921A95E1F7B6016E0D65
:108DF0007F1D0F89188D298D3A8D4B8DC6010F94DB
:108E000063392D873E874F87588B698BFE013D96CE
:108E1000DE0152962B2D01900D922A95E1F7FE016D
:108E20007296DE01919601900D92BA94E1F7CE18F8
:108E3000DF08C8CF05E0FE01B196DE015C96902FF9
:108E400001900D929A95E1F7FE017C96DE019B96CA
:108E500001900D920A95E1F76A2DC4010F94934594
:108E6000A22FF42FE52FCB01EBA4FCA40DA51EA58A
:108E70002FA54A2F532F6F2F7E2F0F9438402EA3EC
:108E80003FA348A759A76AA76A2DC4010F94803150
:108E9000722E942EB52ECB01EEA0FFA008A519A529
:108EA0002AA5472D532F692D7B2D0F94384070E054
:108EB00080E090E0EE960FB6F894DEBF0FBECDBF17
:108EC000DF91CF911F910F91FF90EF90DF90CF90A6
:108ED000BF90AF909F908F907F906F9008958F92EA
:108EE0009F92AF92BF92CF92DF92EF92FF920F9339
:108EF0001F93CF93DF93EC018B017A818B859C8547
:108F00008017910709F44FC09FEF970F6981603177
:108F100009F451C0683009F445C16430F9F017FD17
:108F200032C07881703109F479C1783009F46AC1AE
:108F3000743009F47EC190E080E01C870B879E8727
:108F40008D87DF91CF911F910F91FF90EF90DF9070
:108F5000CF90BF90AF909F908F900895AD81BE81CC
:108F60007D01E90EF11CF7012081022E000C330B6C
:108F700002171307B4F68C91082E000C990B80177A
:108F800091070CF4D0C15881503109F442C15830D6
:108F900009F4DCC2543079F6EB81FC819081892F91
:108FA000990F990BCACF8090AB1E9F859811ACCFBB
:108FB0008D859E85C2CFED81FE81E92EF12CD701F2
:108FC000AA0FBB1FAE0FBF1F4D915C910417150771
:108FD0000CF0A7CF8080918080169106A4F6D090E7
:108FE000AB1EDF864F815885DA01BB27AA0FBB1F56
:108FF000AE0FBF1F8D909C9089859A85DC01BB27A1
:10900000AA0FBB1FAE0FBF1F2D913C91801691067A
:109010000CF084C1EE0CFF1CDF01AE0DBF1D8D9066
:109020009C90872F8150990B7C01181619060CF023
:10903000F1C39EEFB92EB70EA7016701B1E0CB1ABD
:10904000D108C70183709927009709F449C081307E
:10905000910571F10297B9F08B2D90E0880F991F5F
:109060008E0F9F1FDC012D913C910815190509F405
:10907000EAC0C601201731070CF4FAC0ADEFBA2ED2
:10908000B70E4901A601AB2DB0E0AA0FBB1FAE0F72
:10909000BF1F2D913C910815190509F4D4C0CA01D0
:1090A0000197201731070CF4E3C0BA944901AC01D1
:1090B000AB2DB0E0AA0FBB1FAE0FBF1F2D913C918F
:1090C0000815190509F4BFC0CA0101972017310717
:1090D0000CF4CEC0BA944901AC01009709F45DC00C
:1090E000AB2DB0E0AA0FBB1FAE0FBF1F2D913C915F
:1090F0000815190509F4A7C0CA01019720173107FF
:109100000CF4B6C0AA24AA94AB0C4901BC01AC0172
:109110008A2D90E0880F991F8E0F9F1FDC012D91E3
:109120003C910815190509F48EC0CB010197201751
:1091300031070CF49DC0AFEFAA0D4901AC01B0E0BE
:10914000AA0FBB1FAE0FBF1F2D913C91081519052B
:1091500009F479C00197201731070CF489C049013F
:10916000AB0142505109ADEFAB0DB0E0AA0FBB1FF0
:10917000AE0FBF1F2D913C910815190509F463C06E
:10918000CB010397201731070CF472C0BCEFBB0E64
:109190004901AC01009709F0A3CFA701812C912CC4
:1091A000540170C0ED81FE817F01E90EF11CD701F1
:1091B0009C909016110609F00CF4B3CEA080A01676
:1091C00011060CF0E0CEB090AB1EBF864F815885E3
:1091D00089859A85DF01A40FB11D8C90912CE80F31
:1091E000F11D208130E0801691060CF4B4C12017E7
:1091F00031070CF0B0C1821A930A092C000CAA089E
:10920000BB0840C0EB81FC81E90FF11D808190E03B
:1092100094CEEB81FC81808191818FCE892F90E06B
:10922000880F991FEB81FC81E80FF91F80819181E4
:1092300084CEEB81FC81E90FF11D9080892D990C82
:10924000990B7BCEAF013881303109F476C13830CB
:1092500009F4D8C2343009F06ECEEB80FC804E0D9C
:109260005F1DFA01F0808F2DFF0C990B66CEAF01C8
:1092700058874F839A878987821A930A092C000C92
:10928000AA08BB08D801A21BB30BF881F03119F171
:10929000F830A1F1F43009F04ECE6B817C81860F5D
:1092A000972F911DFC012081E22E220FFF08460F0F
:1092B000572F511DFA012081022E000C330B2E195D
:1092C0003F090F9479BAA50194010F94D9B9C70148
:1092D000820F931F32CECB80DC80FC01FF27EE0F84
:1092E000FF1FEC0DFD1DE080F1805527440F551F39
:1092F000C40ED51EF60120813181E1CF6B817C81C6
:10930000860F972F911DFC012081E22EF12C460F34
:10931000572F511DFA01208130E0D1CF201731079E
:109320000CF078CE68CF8091AB1E8F874F81588527
:1093300089859A859D01240F311DF9018080082CB3
:10934000000C9908A80FB11D2C91022E000C330BB4
:109350008016910624F0201731070CF44CCFF7014A
:109360008080082C000C9908872F8150990BAC0144
:10937000181619060CF04FC2643009F48BC168301E
:1093800009F4EDC09A01FA01E770FF27309709F45C
:1093900071C0E130F10509F45DC0E230F10509F476
:1093A0004CC0E330F105E1F1E430F10561F1E53065
:1093B000F105E1F0369769F00815190509F41CC2AA
:1093C000CA010197101611060CF418C2912C812CB9
:1093D0009C010815190509F40FC2C901019710165F
:1093E00011060CF40BC2912C812C9C010815190557
:1093F00009F402C2C9010197101611060CF4FEC14E
:10940000912C812C9C010815190509F4F5C1C9019D
:109410000197101611060CF4F1C1912C812C9C01BE
:109420000815190509F4E8C1C901019710161106BC
:109430000CF4E4C1912C812C9C010815190509F448
:10944000DBC1C9010197101611060CF4D7C1912C8C
:10945000812C9C010815190509F4CEC1C901019799
:10946000101611060CF4CAC1912C812C9C01009796
:1094700009F45DC00815190509F4BEC1C9010197B9
:10948000101611060CF4BAC1912C812CBC019C0160
:109490000115110509F4B0C1CB0101971016110691
:1094A0000CF4ACC19C010115110509F4A5C101978B
:1094B000101611060CF4A2C19B01225031090115AE
:1094C000110509F499C1CB010397101611060CF48C
:1094D00095C19C010115110509F48EC10197101663
:1094E00011060CF48BC1912C812C9C0101151105E6
:1094F00009F482C10197101611060CF47FC19C017A
:109500000115110509F478C10197101611060CF424
:1095100075C19C010115110509F46EC10197101662
:1095200011060CF46BC19C01009709F0A3CF30E049
:1095300020E0812C912C5401A5CE440F551FEB81C6
:10954000FC81E40FF51F80819181F7CCEB81FC81D8
:10955000808190E0F2CCF7018080912C05CFAD8026
:10956000BE806EEF670FFA016A0181E0C81AD10868
:10957000DA01A370BB271097F1F1A130B10531F1E9
:10958000129791F0D501A60FB11D2C9130E008156E
:10959000190509F457CEC601201731070CF467CE20
:1095A0006DEF670F4901F601D501A60FB11D2C9192
:1095B00030E00815190509F445CECF0101972017B1
:1095C00031070CF454CE61504901FC01D501A60FBE
:1095D000B11D2C9130E00815190509F433CECF01E7
:1095E0000197201731070CF442CE61504901FC016C
:1095F000009709F4D3CDD501A60FB11D2C9130E011
:109600000815190509F41ECECF010197201731075F
:109610000CF42DCE7FEF760F49017C01FC01D501C2
:10962000A70FB11D2C9130E00815190509F40ACED9
:109630000197201731070CF41ACE71504901FC0133
:10964000D501A70FB11D2C9130E00815190509F4BB
:10965000F9CD0197201731070CF409CE4901F70124
:1096600032978DEF860F8A0D9B2D911DDC012C9179
:1096700030E00815190509F4E5CDC7010397201757
:1096800031070CF4F4CD64504901FC01009709F056
:10969000B2CF84CDAD80BE806EEF670FFA017A0144
:1096A000B1E0EB1AF108CA0183709927009709F419
:1096B00047C08130910561F10297A9F0C501860F7D
:1096C000911DDC012C91022E000C330B081519059D
:1096D00009F4B8CDC701201731070CF4C8CD6DEFE0
:1096E000670F4901F701C501860F911DDC012C911F
:1096F000022E000C330B0815190509F4A3CDCF0178
:109700000197201731070CF4B2CD61504901FC01DB
:10971000C501860F911DDC012C91022E000C330B2C
:109720000815190509F48ECDCF01019720173107CF
:109730000CF49DCD61504901FC01009709F42ECD38
:10974000C501860F911DDC012C91022E000C330BFC
:109750000815190509F476CDCF01019720173107B7
:109760000CF485CD7FEF760F49017C01FC01C5012A
:10977000870F911DDC012C91022E000C330B081574
:10978000190509F45FCDC7010197201731070CF4C3
:109790006ECD71504901FC01C501870F911DDC019F
:1097A0002C91022E000C330B0815190509F44ACD33
:1097B000CF010197201731070CF459CD4901F7016A
:1097C00032978DEF860F8A0D9B2D911DDC012C9118
:1097D000022E000C330B0815190509F433CDC7010F
:1097E0000397201731070CF442CD64504901FC0166
:1097F000009709F0A5CFD2CCA90125CDA90130E071
:1098000020E036CD2B813C81420F531FFA0180812D
:1098100090E093CBAC01821A930A092C000CAA08A1
:10982000BB0890E080E02ECD78941F920F920FB687
:109830000F9211240BB60F92CF92DF92EF92FF920C
:109840002F933F934F935F936F937F938F939F9348
:10985000AF93BF93CF93EF93FF938091770D806881
:109860008093770D2091430830914408409145083A
:10987000509146082F5F3F4F4F4F5F4F2093430853
:10988000309344084093450850934608309142086D
:109890003F5F30934208409141084F5F4093410839
:1098A000509140085F5F5093400860913F086F5FA0
:1098B00060933F0870913E087F5F70933E089091DF
:1098C0003D089F5F90933D08A0913B08B0913C08F4
:1098D0001196B0933C08A0933B080F9452862091B8
:1098E000390830913A08C090DC1CC7FC58C1C1FC53
:1098F000D1C0D090491ED6FE0AC0F090991EFF201C
:1099000009F4F3C05091491E5F7B5093491E70913A
:109910003608713009F401C290913608923009F48A
:1099200026C130914208353039F4109242086091D6
:10993000770D60646093770D50914108543139F48C
:10994000109241087091770D70627093770D90912D
:109950004008913209F4FFC3C0913F08C23439F482
:1099600010923F08F091770DF860F093770D809199
:109970003E08843609F4FAC170913D087A3F39F403
:1099800010923D08C091770DC260C093770DE090B2
:109990003B08F0903C0828EEE21623E0F20609F4BA
:1099A0000BC13091BB1E31FF5AC050913208552374
:1099B00049F170911C0AE0910D0A7E1708F444C425
:1099C000E0903208E0FC55C5D0903208D1FC4EC57D
:1099D0002091320822FD47C5A0913208A3FD40C561
:1099E000F0903208F4FC4EC5B0913208B5FD47C581
:1099F000C0903208C6FC40C5F0913208F7FD96C50C
:109A000010921C0AC0913108CC2349F180911B0AA5
:109A100040910C0A841708F411C43091310830FDCC
:109A20001CC55091310851FD15C57091310872FD6A
:109A300005C5E0913108E3FDFEC49091310894FD25
:109A400006C5E0903108E5FCFFC4D0903108D6FC93
:109A5000F8C42091310827FD62C510921B0AA3E8C3
:109A6000A093B200FF91EF91CF91BF91AF919F91E1
:109A70008F917F916F915F914F913F912F91FF90C7
:109A8000EF90DF90CF900F900BBE0F900FBE0F9016
:109A90001F9018956B017C01C21AD30AE108F108E6
:109AA000B0916610B33009F4D9C3C0914710C330E8
:109AB00009F4EAC3F0912810F33009F01ACF60914D
:109AC0002D1070912E1080912F10909130106C15E8
:109AD0007D058E059F0508F00CCFE0912B10F091CD
:109AE0002C1019951092281004CFC0904308D090E4
:109AF0004408E0904508F09046082CEDC21625E099
:109B0000D206E104F10408F0FDCE80914308909163
:109B10004408A0914508B0914608883E9340A105AD
:109B2000B10508F4B2C4A0913708B091380820916B
:109B30001E0A30911F0A2A0F3B1F30931F0A2093E1
:109B40001E0A40911E0A50911F0A483E534008F4D5
:109B5000DECE31E03093360860911E0A70911F0A04
:109B6000685E734070931F0A60931E0AD0CE809186
:109B7000430890914408A0914508B0914608B091DF
:109B80001D0AB813CECEC0913508E0913308F0918C
:109B90003408D080DC2AD08210923608C2CEE09001
:109BA0004A1EF0904B1EE091E11EF091E21EEE166F
:109BB000FF0608F49ECE9BCE10923C0810923B0804
:109BC0009091770D91609093770DD090F91CDE9C69
:109BD0009001DF9C300D112430933A08209339080E
:109BE000F090E11CBAE0FB9ED0011124B093E21E7C
:109BF000A093E11E9091991E492F417090FF09C0DA
:109C0000F091AA1EFF3F29F08091AA1E8F5F8093DA
:109C1000AA1EC090780DD090790DD092AD1EC09242
:109C2000AC1E1092790D1092780D3091AB1E3F5FF3
:109C30003093AB1E2091660CE22FE87109F03AC315
:109C4000E090491EE4FC18C08091AB1E9091B20ACE
:109C5000891B990BD090510CD816190609F064F4A1
:109C60002091491E20612093491EA0914A1EB09167
:109C70004B1EAB2B09F4D7C3F090460CF1FE91CEEE
:109C80008091490CB091160AB81708F08DC3109254
:109C9000160A20E030E0A901C0918E1EE0914D1D12
:109CA000F0E0A0E0B1E0AE1BBF0B0F94F8B96B0180
:109CB0007C012C2F30E0DF010F942DBAC60ED71E89
:109CC000E81EF91ECD2CDE2CEF2CFF24C0928E1E38
:109CD0008091120A9091130AA091140AB091150A6A
:109CE000883E9340A105B10508F425C34091120AAE
:109CF0005091130A6091140A7091150A4938534122
:109D00006105710508F08AC36091120A7091130A07
:109D10008091140A9091150A12C3F091300CF07CD6
:109D200009F085C2C0903508E0913308F0913408FD
:109D30008081C094C822C0828091430890914408D9
:109D4000A0914508B0914608A091310C8A0F8093EC
:109D50001D0A22E020933608E090491E4091491EDA
:109D6000E7FA47F940584093491EDBCD10923E0870
:109D7000A091770DA460A093770DC0904A1ED0905B
:109D80004B1E20912F08309130087601E21AF30A19
:109D9000A701440F551F440F551F4E0D5F1D440F63
:109DA000551F5093621E4093611ED0923008C0929E
:109DB0002F08F090991EF0FC25C210928A0910928B
:109DC0008B0910928C0910928D093091491E35FD36
:109DD000ADC12091170A3091180A4091190A50918B
:109DE0001A0A8091980C90E0B0E0A0E0281739079B
:109DF0004A075B0708F49AC1CD2809F097C1D090B3
:109E0000491ED1FE93C16091681E7091691E685D04
:109E10007F4F8EE098E00F946F47009709F481C15F
:109E200050915A1E7091E21C751708F47AC124EF04
:109E300031E0DC010F9481BA6B017C01C09110020A
:109E4000CC2309F46EC19091F310933009F4B7C498
:109E5000F8948CEFC8168FEFD80683E0E806F1047B
:109E600008F4D7C34BEF5FEF63E070E04093EF106F
:109E70005093F0106093F1107093F210E091FD1088
:109E8000F091FE108081918149969093F510809316
:109E9000F410E091FF10F09100116091F4107091B6
:109EA000F51071836083C1E0C093F3107894E09162
:109EB0000311F09104111995C0911002C23008F4F9
:109EC00030C1F091DD10F33009F4C7C3F8942CEFE2
:109ED000C2162FEFD20623E0E206F10408F487C38E
:109EE0004BEF5FEF63E070E04093D9105093DA10CE
:109EF0006093DB107093DC10E091E710F091E810B4
:109F00008081918149969093DF108093DE10E091DB
:109F1000E910F091EA106091DE107091DF1071830A
:109F2000608351E05093DD107894E091ED10F09152
:109F3000EE101995C0911002C33008F4F2C0709170
:109F4000C710733009F46FC4F8942CEFC2162FEFCA
:109F5000D20623E0E206F10408F476C34BEF5FEF8C
:109F600063E070E04093C3105093C4106093C51039
:109F70007093C610E091D110F091D2108081918140
:109F800049969093C9108093C810E091D310F09136
:109F9000D4106091C8107091C91071836083B1E0D2
:109FA000B093C7107894E091D710F091D81019951C
:109FB000C0911002C43008F4B4C0F091B110F33075
:109FC00009F4C9C3F8942CEFC2162FEFD20623E090
:109FD000E206F10408F42FC34BEF5FEF63E070E09B
:109FE0004093AD105093AE106093AF107093B010CB
:109FF000E091BB10F091BC108081918149969093C3
:10A00000B3108093B210E091BD10F091BE1060913A
:10A01000B2107091B3107183608331E03093B1104E
:10A020007894E091C110F091C2101995C09110027E
:10A03000C53008F476C050919B10533009F427C402
:10A04000F8942CEFC2162FEFD20623E0E206F104BB
:10A0500008F4E8C24BEF5FEF63E070E040939710C5
:10A06000509398106093991070939A10E091A510F6
:10A07000F091A61080819181499690939D108093D4
:10A080009C10E091A710F091A81060919C10709125
:10A090009D107183608391E090939B107894E09180
:10A0A000AB10F091AC101995C0911002C630C8F1F8
:10A0B000B0918510B33009F410C3F8942CEFC21698
:10A0C0002FEFD20623E0E206F10408F499C24BEF29
:10A0D0005FEF63E070E040938110509382106093D3
:10A0E000831070938410E0918F10F0919010808114
:10A0F000918149969093871080938610E0919110FA
:10A10000F0919210C0908610D0908710D182C082BA
:10A1100031E0309385107894E0919510F09196108D
:10A1200019955091491E50625093491E6091170A2B
:10A130007091180A8091190A90911A0A6F5F7F4FE7
:10A140008F4F9F4F6093170A7093180A8093190AD4
:10A1500090931A0A11CC10924008B091BB1EB1FF27
:10A160004BC0E0914A1EF0914B1EEF2B09F044C00A
:10A17000C0913208C0FD15C2D0903208D1FC0EC289
:10A18000F0913208F2FD07C2F0903208F3FC00C2F1
:10A19000C0903208C4FCF9C18091320885FDF2C13B
:10A1A000A0913208A6FDEBC12091320827FDFFC126
:10A1B00010921C0AE0903108E0FCDEC140913108A9
:10A1C00041FDD7C13091310832FDD0C160913108D5
:10A1D00063FDC9C15091310854FDC2C1709131086D
:10A1E00075FDBBC19091310896FDB4C1B0913108A5
:10A1F000B7FDDAC110921B0AE091770DE061E093A0
:10A20000770DAACB60918A0970918B0980918C0996
:10A2100090918D096F5F7F4F8F4F9F4F60938A0999
:10A2200070938B0980938C0990938D09CECDF0901B
:10A23000491EF7FC77CD109236088ECD60911B0A2F
:10A240006F5F60931B0A0BCC90911C0A9F5F9093E9
:10A250001C0AC0913108C111D9CB01CC80916B107F
:10A2600090916C10A0916D10B0916E108C159D05A1
:10A27000AE05BF0508F019CCE0916910F0916A10A5
:10A2800019951092661011CC40914C1050914D10C0
:10A2900060914E1070914F104C155D056E057F0555
:10A2A00008F008CCE0914A10F0914B1019951092EB
:10A2B000471000CCE83009F407C1E03109F0C0CC08
:10A2C000492F422B40FF81C191FF02C021FF7DC178
:10A2D0006091681E7091691E685D7F4F8EE198E005
:10A2E0000F946F475091600B53FF09C06091121F8C
:10A2F00064FF05C070916E0B871708F4872F809359
:10A30000071F882309F4F5C0FFB6F8942091B81F01
:10A3100020FF63C180915A0BE091580BF091590BCB
:10A32000C08080958C218083FFBEF091971EF860DD
:10A33000F093971E85CC68EE73E080E090E0609328
:10A34000120A7093130A8093140A9093150A2091AD
:10A35000120A3091130A4091140A5091150AA0E88C
:10A36000B0E10F94F8B9969587957795969587956E
:10A370007795672F782F892F912D6D5B7F4181090C
:10A380009109161617065CF56E5C7F4F9B0136959A
:10A39000279536952795ABE7B4E10F942DBA96959E
:10A3A000879580938F1EFDCAC090160A20914A0C93
:10A3B00030E02F5F3F4FC216130621F11CF1F091E0
:10A3C000160A90E042961092160AF817190611F034
:10A3D0000CF0A8C024E630E040E050E05DCCDB01AA
:10A3E000D2972CEE31E50F9481BA95958795959586
:10A3F000879595958795959587959595879597FDDB
:10A400000196CFCF2091160A281B1092160A2130F0
:10A4100009F488C030E050E040E03ECC68E873E1E9
:10A4200080E090E08CCF60E080912E080F9402864F
:10A430001092F01E21CC0E9495FFFFCA0F94450098
:10A44000F8CA0F94361405CB0F94E614FECA0E9486
:10A45000E5FEF7CA0F94F500E8CA0F94A501E1CA1A
:10A460000F942411BDCA0F94C311B6CA0F9462127F
:10A47000AFCA0F940113A8CA0F942916BDCA0F942E
:10A48000FA0FB6CA0F948F10AFCAA0913708B091D7
:10A490003808209143083091440840914508509174
:10A4A0004608E0901E0AF0901F0A0F94F8B928EEB3
:10A4B00033E040E050E00F94D9B92E0D3F1D3093AA
:10A4C0001F0A20931E0A3DCB6091B91F6852770B7B
:10A4D000E091681EF091691E20FD2BC041112AC039
:10A4E0009091BA1F691B71096E177F0714F441110F
:10A4F000A7CB3FB7F8944091B81F40FF5BC0709165
:10A500005A0BE091580BF091590BC0817C2B708352
:10A510003FBF9091971E977F9093971E91CB0F947A
:10A52000A0139BCA20E030E0A901B6CB0F9496158A
:10A5300067CA41E0E617F70744F4E090600BE3FEDA
:10A54000CFCFD090121FD4FECBCF91FFDDCE21FD17
:10A55000DBCECFCF0F948A1449CE0F943A1542CE5A
:10A560000E9439FF3BCE0E94E9FF34CE0F94990040
:10A570002DCE0F94490126CE0F94F9011FCE0F94D2
:10A58000741612CE0F9445100BCE0F94DA1004CE31
:10A590000F947411FDCD0F941312F6CD0F94B212D7
:10A5A000EFCD0F945113E8CD0F94E71323CE0F9402
:10A5B000E015FECD50915A0BE091580BF091590BDC
:10A5C0006081509556235083A3CF1092071FC091EE
:10A5D000971EC77FC093971E8CCFB0915A0BE09106
:10A5E000580BF091590BA081BA2BB0839DCEC0922D
:10A5F000D910D092DA10E092DB10F092DC107CCC13
:10A60000C0928110D0928210E0928310F092841058
:10A610006ACDC092EF10D092F010E092F110F0925B
:10A62000F2102CCCC0929710D0929810E092991012
:10A63000F0929A101BCDC092AD10D092AE10E09265
:10A64000AF10F092B010D4CCC092C310D092C4100E
:10A65000E092C510F092C6108DCCA0911602B09178
:10A66000170220910F0B3091100B4091110B50915C
:10A67000120B0F94F8B960587F4F8F4F9F4F6115A1
:10A680007C4F8F4F934008F057CCF8948CEFC8164E
:10A690008FEFD80683E0E806F10408F42BC12BEF16
:10A6A0003FEF43E050E02093D9103093DA1040930D
:10A6B000DB105093DC10E091E710F091E810A081DE
:10A6C000B1815996B093E510A093E41031E0309336
:10A6D000E6107894C09110022FCCA0911602B09190
:10A6E000170220910F0B3091100B4091110B5091DC
:10A6F000120B0F94F8B960587F4F8F4F9F4F611521
:10A700007C4F8F4F934008F00CCDF8948CEFC81617
:10A710008FEFD80683E0E806F10408F4FDC02BEFC4
:10A720003FEF43E050E0209381103093821040933C
:10A73000831050938410E0918F10F0919010A081BD
:10A74000B1815996B0938D10A0938C10F1E0F093E5
:10A750008E107894E6CC80911602909117020E9498
:10A760007D446C3F7F4F8340910508F061CCF894A5
:10A770008CEFC8168FEFD80683E0E806F10408F4E2
:10A78000DDC02BEF3FEF43E050E02093AD1030935E
:10A79000AE104093AF105093B010E091BB10F09109
:10A7A000BC10A081B1815996B093B910A093B81094
:10A7B000C1E0C093BA107894C091100239CC809156
:10A7C0001602909117020E947D446C3F7F4F834098
:10A7D000910508F073CBF8948CEFC8168FEFD8066C
:10A7E00083E0E806F10408F4A0C08BEF9FEFA3E03C
:10A7F000B0E08093EF109093F010A093F110B0931D
:10A80000F210E091FD10F091FE10A081B1815996F7
:10A81000B093FB10A093FA10B1E0B093FC107894C1
:10A82000C09110024BCB80911602909117020E94AA
:10A830007D446C3F7F4F8340910508F0BBCBF8947B
:10A840008CEFC8168FEFD80683E0E806F10408F411
:10A850007EC02BEF3FEF43E050E02093C3103093D6
:10A86000C4104093C5105093C610E091D110F091E0
:10A87000D210A081B1815996B093CF10A093CE1081
:10A8800091E09093D0107894C091100293CB809176
:10A890001602909117020E947D446C3F7F4F8340C7
:10A8A000910508F003CCF8948CEFC8168FEFD8060A
:10A8B00083E0E806F10438F12BEF3FEF43E050E08E
:10A8C00020939710309398104093991050939A10BA
:10A8D000E091A510F091A610A081B1815996B09396
:10A8E000A310A093A21071E07093A4107894C0916B
:10A8F0001002DCCBC092D910D092DA10E092DB10BB
:10A90000F092DC10D8CEC0929710D0929810E092BE
:10A910009910F0929A10DCCFC0928110D0928210E0
:10A92000E0928310F092841006CFC092EF10D09284
:10A93000F010E092F110F092F21063CFC092AD10DF
:10A94000D092AE10E092AF10F092B01026CFC0922D
:10A95000C310D092C410E092C510F092C61085CFFB
:10A960000F931F93CF93DF938C01EB010F94C3B927
:10A970008883C80101960F94C3B98983C8010296E0
:10A980000F94C3B98A83C80103960F94C3B98B830C
:10A99000CE01DF91CF911F910F910895AF92BF9299
:10A9A000CF92DF92FF920F931F93CF93DF935B01C0
:10A9B000EC018B016B0184E0C80ED11CF801F19011
:10A9C0008F01CE010F94C3B9F81699F06F2DCE0107
:10A9D0000F94CBB92196C016D10681F7C501DF913E
:10A9E000CF911F910F91FF90DF90CF90BF90AF90CC
:10A9F00008952196C016D10609F7F0CF8F929F9245
:10AA0000AF92BF92CF92DF92FF920F931F93CF939B
:10AA1000DF934B015B0120E4A20EB11CEB01019717
:10AA20006C01C61AD70AF99086010C0F1D1FC801C8
:10AA30000F94C3B9F816A1F06F2DC8010F94CBB9CC
:10AA4000CA15DB0581F7C401DF91CF911F910F91EA
:10AA5000FF90DF90CF90BF90AF909F908F90089520
:10AA6000CA15DB0501F7EFCFAF92BF92CF92DF920D
:10AA7000EF92FF920F931F93CF93DF935B016B01D4
:10AA800020E4C20ED11CEB018C01061B170BC80180
:10AA90008C0F9D1F0F94C3B9FE0181937F01C801E4
:10AAA0008E0F9F1F0F94C3B98983C7010196800F32
:10AAB000911F0F94C3B9F7018183CE010396800FD4
:10AAC000911F0F94C3B98B83CE010496800F911F01
:10AAD0000F94C3B98C83CE010596800F911F0F94FC
:10AAE000C3B98D83CE010696800F911F0F94C3B911
:10AAF0008E83CE010796800F911F0F94C3B98F8369
:10AB00002896CC15DD0519F6C501DF91CF911F916F
:10AB10000F91FF90EF90DF90CF90BF90AF9008958E
:10AB200067E478E08FE99EE00F94FE540F94837DF4
:10AB300067E878E08FEF9EE00F94FE5467EC78E0D2
:10AB40008FE39FE00F94FE5467E079E08FE79FE08A
:10AB50000F94FE5467E479E08FEB9FE00D94FE5470
:10AB600043E050E065E083E09BE10F94434640E81A
:10AB700050E063E271E080E29CE00F94B3B945EAF3
:10AB800051E065E085E798E10F94434640E850E0E6
:10AB900065EC72E080ED9CE10F94B3B947E453E0BB
:10ABA00065E087EE95E10F94434640E850E067E6A4
:10ABB00074E080E49FE10F94B3B949EE54E063E0A0
:10ABC00089E195E10F9443464BE355E063E08BE464
:10ABD00094E10F9443464DE855E063E080E895E149
:10ABE0000F9443464FED55E061E08AE393E10F9403
:10ABF000434641E156E061E087EF92E10F9443461E
:10AC000043E456E061E084EB92E10F94434645E76C
:10AC100056E061E081E792E10F94434649EB5BE047
:10AC200061E08EE292E10F9443464BEE5BE061E01F
:10AC30008BEE91E10F9443464DE15CE061E088EAE0
:10AC400091E10F9443464FE45CE061E085E691E1D9
:10AC50000F94434640EC50E06EEA76E086EB9CE0D1
:10AC60000F94B3B940EC50E06EE677E089E89DE1DF
:10AC70000F94B3B940E358E065E08CEB99E10F9491
:10AC8000434643E559E063E08DE793E10F94434683
:10AC900045EA59E063E084EE93E10F94434647EFC1
:10ACA00059E062E08EE391E10F94434640E850E0C2
:10ACB00064E17AE08EE899E00F94B3B946E95AE08E
:10ACC00065E08EE297E10F9443464FE75CE063E076
:10ACD00082EB94E10F94434640EB50E061ED7CE061
:10ACE0008DE59BE00D94B3B9EF92FF920F931F9304
:10ACF000CF93DF93CDB7DEB7CC58D1090FB6F89418
:10AD0000DEBF0FBECDBFE82F8091971E48E086FFC3
:10AD100042E160914A1E70914B1E6234710558F0F9
:10AD200088E99AE30F9496B9462F611101C041E07A
:10AD3000403108F04FE07E0188E8E80EF11C05E0A4
:10AD4000D7011D920A95E9F7D70114964C93E1506B
:10AD5000EF3008F002C3F0E08827EE54F94A8E4F36
:10AD60000D9458BA7A04FA03FA0480001601AC0470
:10AD7000B2023404E0046E03AA03C803DA05D60065
:10AD8000A20153E0052FCD57DF4F5883C358D04061
:10AD9000CC57DF4F1882C458D040CB57DF4F1982B1
:10ADA0001882C558D040C957DF4F4883C758D04094
:10ADB00010E020E0CA57DF4F3881C658D04065E028
:10ADC00083E09BE10F94AF46C2C2A3E20A2FEF9645
:10ADD000AFAFEF97B1E0C158DF4FB883CF57D04046
:10ADE000C058DF4F19821882C058D040CE57DF4F6D
:10ADF0004883C258D04011E020E0CF57DF4F388160
:10AE0000C158D04060EA7CE080E29CE058C215EA7C
:10AE1000012FEA961FAFEA9721E0EB962FAFEB9751
:10AE2000ED961FAE1EAEED97EE964FAFEE9711E08A
:10AE300020E0ED963FADED9765E085E798E10F9452
:10AE4000AF4685C265EC062FE5966FAFE597E2E069
:10AE5000E696EFAFE697E8961FAE1EAEE897E99646
:10AE60004FAFE99712E020E0E8963FADE89760E544
:10AE70007DE180ED9CE123C277E4072FE0967FAF70
:10AE8000E09733E0E1963FAFE197E3961FAE1EAE49
:10AE9000E397E4964FAFE49713E020E0E3963FADED
:10AEA000E39765E087EE95E10F94AF4650C2F7E671
:10AEB0000F2FAB96FFAFAB9784E0AC968FAFAC97FC
:10AEC000AE961FAE1EAEAE97AF964FAFAF9714E0E3
:10AED00020E0AE963FADAE9760EC7FE180E49FE16D
:10AEE000EEC139EE032FA6963FAFA69764E0A79672
:10AEF0006FAFA797A9961FAE1EAEA997AA964FAFA0
:10AF0000AA9714E020E0A9963FADA99763E089E1F4
:10AF100095E10F94AF46F701208331834283538339
:10AF20006483142F352F2BE3022FA1962FAFA19707
:10AF300055E0A2965FAFA297212FA3961FAFA397CC
:10AF4000A4963FAFA497A5966FAFA59715E0462F9F
:10AF500063E08BE494E10F94AF46D7012C931196F4
:10AF60003C93119712964C93129713965C931397F8
:10AF700014966C93B42F352F9DE8092F6C969FAFD4
:10AF80006C9745E06D964FAF6D972B2F6E96BFAFC8
:10AF90006E976F965FAF6F97A0966FAFA097462F93
:10AFA00063E080E895E10F94AF46D1C19FED092F92
:10AFB00067969FAF6797B5E06896BFAF68976A9648
:10AFC0001FAE1EAE6A976B964FAF6B9715E020E0F1
:10AFD0006A963FAD6A9761E08AE393E10F94AF46CA
:10AFE000D7012C9311963C93119712964C9312977C
:10AFF00013965C93139714966C93352FF1E10F2FF2
:10B000006296FFAF629786E063968FAF6397242FB7
:10B0100064964FAF649765965FAF659766966FAF1E
:10B02000669716E0462F61E087EF92E10F94AF46F6
:10B03000F70120833183428353836483352F23E4D4
:10B04000022F2D962FAF2D9756E02E965FAF2E979D
:10B05000242F2F964FAF2F9760963FAF6097619642
:10B060006FAF6197462F61E084EB92E10F94AF469A
:10B07000D7012C9311963C93119712964C931297EB
:10B0800013965C93139714966C93B42F352F95E712
:10B09000092F28969FAF289746E029964FAF29970A
:10B0A0002B2F2A96BFAF2A972B965FAF2B972C9604
:10B0B0006FAF2C97462F61E081E792E10F94AF4686
:10B0C000F70120833183428353836483142F352F08
:10B0D000F9EB0F2F2396FFAF23978BE024968FAFCA
:10B0E0002497212F25961FAF259726965FAF269789
:10B0F00027966FAF27971BE0462F61E08EE292E123
:10B100000F94AF46D7012C9311963C93119712964A
:10B110004C93129713965C93139714966C93352F58
:10B120002BEE022F2DAF5BE05EAF242F4FAF2196A9
:10B130003FAF219722966FAF2297462F61E08BEEAB
:10B1400091E10F94AF46F70120833183428353830B
:10B150006483B42F352F9DE1092F98AF4CE049AFA0
:10B160002B2FBAAF5BAF6CAF1CE0462F61E088EAD3
:10B1700091E10F94AF46D7012C9311963C93119710
:10B1800012964C93129713965C93139714966C93A4
:10B19000F42F352F8FE4082F8BAB7CE07CAB2F2F67
:10B1A000FDAB5EAB6FAB462F61E085E691E10F949E
:10B1B000AF46CDC07EEA072F7EA7E6E0EFA719AA2B
:10B1C00018AA4AAB16E020E039A966E77DE086EBD5
:10B1D0009CE075C05EE6052F59A767E06AA71CA62C
:10B1E0001BA64DA717E020E03CA569E47EE189E8B5
:10B1F0009DE1ABC010E3012F1CA338E03DA31FA2CB
:10B200001EA248A718E020E03FA165E08CEB99E181
:10B210000F94AF4656C063E5062F6F8F79E078A391
:10B220001AA219A24BA319E020E03AA163E08DE72E
:10B2300093E10F94AF46F701208331834283538318
:10B240006483352F95EA092F9A8FB9E0BB8F242F9D
:10B250004C8F5D8F6E8F462F63E084EE93E10F94E9
:10B26000AF46D7012C9311963C93119712964C93AD
:10B27000129713965C93139714966C93F42F352FB3
:10B2800087EF082F8D8B29E02E8B2F2FFF8B588F68
:10B29000698F462F62E08EE391E10F94AF4657C06D
:10B2A00034E1032F388B5AE0598B1B8A1A8A4C8B56
:10B2B0001AE020E03B896EE07AE08EE899E00F9496
:10B2C0006339F7012083318342835383648345C00C
:10B2D00016E9012F1B872AE02C871E861D864F87C3
:10B2E0001AE020E03E8565E08EE297E10F94AF46DC
:10B2F0002EC09FE7092F9E83FCE0FF8319861886E6
:10B300004A871CE020E0398563E082EB94E10F94EA
:10B31000AF46D7012C9311963C93119712964C93FC
:10B32000129713965C93139714966C93352F81EDB7
:10B33000082F89837CE07A83242F4B835C836D8381
:10B34000462F6DE07CE08DE59BE00F946339F701BB
:10B3500020833183428353836483C7010F94E13197
:10B36000811106C03091971E30613093971E05C041
:10B370000091971E0F7E0093971EC457DF4F0FB6A4
:10B38000F894DEBF0FBECDBFDF91CF911F910F911B
:10B39000FF90EF9008958091971E82958170089597
:10B3A000CF9381E00F947456C2E00F94CB59811172
:10B3B00006C08C2F0F947456CF5FC031B1F7CF9178
:10B3C00008952F923F924F925F926F927F928F9249
:10B3D0009F92AF92BF92CF92DF92EF92FF920F9324
:10B3E0001F93CF93DF93CDB7DEB72E970FB6F894A8
:10B3F000DEBF0FBECDBF0F941E39823011F40D9405
:10B40000C1630F941E39833011F40D94A2630F941D
:10B410001E39843011F40D942164853011F40D949B
:10B420004B630F941E39863011F40D941C630F94F6
:10B430001E39873009F0F6C01092A91DF091210C39
:10B440002F2F022E000C330B3A8329833093B01D2B
:10B450002093AF1D1092BB1D4091590C4F73409328
:10B46000C11D1092C71DE0915B0CE093CD1DE090D3
:10B47000220CF12C5701A21AB30A00915A0C041B9A
:10B48000110B90905C0C892D8E1B990B6C01F4E1D3
:10B49000F093AA1DF093BC1DF093C81DFA9DC00146
:10B4A000FB9D900D112424E630E0B9010F9482B980
:10B4B000A981BA816A0F7B1F7093B21D6093B11D81
:10B4C000F09FC001F19F900D1124B9010F9482B932
:10B4D000640F6093C21DFC9DC001FD9D900D112461
:10B4E000B9010F9482B96E0F6093CE1DF8E2F0930C
:10B4F000AB1DF093BD1DF093C91DFA9DC001FB9DCE
:10B50000900D1124B9010F9482B989819A81680F35
:10B51000791F7093B41D6093B31DF09FC001F19F1C
:10B52000900D1124B9010F9482B9640F6093C31D6B
:10B53000FC9DC001FD9D900D1124B9010F9482B9AD
:10B540006E0F6093CF1DFCE3F093AC1DF093BE1D16
:10B55000F093CA1DFA9DC001FB9D900D1124B90105
:10B560000F9482B9A981BA816A0F7B1F7093B61DAF
:10B570006093B51DF09FC001F19F900D1124B9019A
:10B580000F9482B9640F6093C41DFC9DC001FD9DA2
:10B59000900D1124B9010F9482B96E0F6093D01DE4
:10B5A000F0E5F093AD1DF093BF1DF093CB1DFA9D18
:10B5B000C001FB9D900D1124B9010F9482B98981BE
:10B5C0009A81860F971F9093B81D8093B71DF09FA7
:10B5D000C001F19F900D1124B9010F9482B9640F3D
:10B5E0006093C51DFC9DC001FD9D900D1124B90106
:10B5F0000F9482B9E60FE093D11D84E68093AE1DCF
:10B600008093C01D8093CC1DF092BA1DE092B91DAD
:10B61000400F4093C61D9092D21D0F94D05988E0E0
:10B620000F9426390F941E39883011F40D9400645C
:10B630008930F9F4A7EBBCE070E1FD0111927A9535
:10B64000E9F792E39093101DB4EBB093111DB09302
:10B65000121D60E86093131D6093141D84E18093B4
:10B66000151D20E42093161D0F94D0598AE00F94E5
:10B6700026390F941E39082F8A3009F45EC70F94BB
:10B680001E398B3011F40D94D3648C3011F40D9469
:10B6900074648D3009F4AAC60F941E398E3009F4F3
:10B6A00096C50F941E398F3011F40D946664803165
:10B6B00009F455C50F941E39813109F4C0C30F94A4
:10B6C0001E39823109F418C30F941E39833109F4ED
:10B6D000F3C10F941E39843109F4D3C00F941E397D
:10B6E000853111F40D944064863109F49EC00F94A5
:10B6F0001E39873109F459C00F941E3981508E3F8D
:10B70000E0F000E012E010932A0D0093290D109252
:10B710009009109291091092920910929309109237
:10B7200094091092950910929609109297091BE4BA
:10B7300010934D1D88E10F9426390F941E398931DD
:10B74000C8F42E960FB6F894DEBF0FBECDBFDF91C2
:10B75000CF911F910F91FF90EF90DF90CF90BF900E
:10B76000AF909F908F907F906F905F904F903F90A1
:10B770002F90089588E12E960FB6F894DEBF0FBE85
:10B78000CDBFDF91CF911F910F91FF90EF90DF9090
:10B79000CF90BF90AF909F908F907F906F905F9071
:10B7A0004F903F902F900D942639F091E51DFC7F2E
:10B7B000F093E51D30909E0C30FE06C030914B1D7D
:10B7C0003F78306130934B1D31FE06C020914B1DF8
:10B7D0002F78206220934B1DAFEFA093481EE2E329
:10B7E000E093490C86E980934A0C5090A41D809008
:10B7F000A31D8092A41DA090A21DA092A31D5092F3
:10B80000A21D7090A91D79824AE250E06AEA7DE1AA
:10B8100089EA9DE10F94DEBA99809092D31D0F942E
:10B82000D05988E10F94263967CF60911E1E669526
:10B830006F73623010F00D94F26408E000930D0A0B
:10B8400014E010930C0A70916D0D7E7F70936D0D56
:10B85000BAE0B0936A0D94E690936B0D64E1609347
:10B860006C0D4FEF4093260D1092270D50919E0CBA
:10B87000537F50939E0C0F94D05987E10F94263933
:10B8800036CFB4E0B093350C92E09093360C24E6BA
:10B8900020939F0CE091A009A9EEAE0FA93D18F4EA
:10B8A000EF5FE093A00963EA6E0F633918F4EF5F6E
:10B8B000E093A0094091A80909EE040F093D18F48E
:10B8C0004F5F4093A80983EA840F833918F44F5FD0
:10B8D0004093A8091091A10959EE510F593D18F450
:10B8E0001F5F1093A10933EA310F333918F41F5F3A
:10B8F0001093A109F091A90979EE7F0F793D18F411
:10B90000FF5FF093A909B3EABF0FB33918F4FF5FE3
:10B91000F093A9092091A20999EE920F993D18F48C
:10B920002F5F2093A209E3EAE20FE33918F42F5FB7
:10B930002093A209A091AA0969EE6A0F693D18F443
:10B94000AF5FA093AA0943EA4A0F433918F4AF5FE7
:10B95000A093AA090091A30989EE800F893D18F4EC
:10B960000F5F0093A30913EA100F133918F40F5F48
:10B970000093A3095091AB0939EE350F393D18F406
:10B980005F5F5093AB09F3EAF50FF33918F45F5F8B
:10B990005093AB097091A409B9EEB70FB93D18F4F3
:10B9A0007F5F7093A40923EA270F233918F47F5F80
:10B9B0007093A409E091AC0999EE9E0F993D18F49B
:10B9C000EF5FE093AC09A3EAAE0FA33918F4EF5F81
:10B9D000E093AC096091A50949EE460F493D18F482
:10B9E0006F5F6093A50903EA060F033918F46F5FD0
:10B9F0006093A5098091AD0919EE180F193D18F44F
:10BA00008F5F8093AD0953EA580F533918F48F5F55
:10BA10008093AD093091A609F9EEF30FF93D18F4C2
:10BA20003F5F3093A60973EA730F733918F43F5FD1
:10BA30003093A609B091AE0929EE2B0F293D18F4D9
:10BA4000BF5FB093AE09E3EAEB0FE33918F4BF5FD1
:10BA5000B093AE09A091A70999EE9A0F993D18F4F9
:10BA6000AF5FA093A70963EA6A0F633918F4AF5F69
:10BA7000A093A7094091AF0909EE040F093D18F4FE
:10BA80004F5F4093AF0983EA840F833918F44F5F07
:10BA90004093AF091091600B1E7F1093600B1092C2
:10BAA000471E50914F0D5F7750934F0D0F94D05913
:10BAB00085E10F94263912CE50914B1D352F3695C6
:10BAC0003370323018F0597F50934B1DF091440C75
:10BAD000F07FF03411F40D94DF65E0915C0DEC7FA4
:10BAE000E160E0935C0DA0914E1FAF7BA0934E1FD1
:10BAF00090914B1D9F7890934B1D10925E0B60911F
:10BB00005D0B6E7F60935D0B44E64093F1144093B0
:10BB1000F2144093F3144093F4144093F5144093BB
:10BB2000F6144093F7144093F8144093E9144093AB
:10BB3000EA144093EB144093EC144093ED144093BB
:10BB4000EE144093EF144093F0144093E1144093AB
:10BB5000E2144093E3144093E4144093E5144093BB
:10BB6000E6144093E7144093E8144093D9144093AB
:10BB7000DA144093DB144093DC144093DD144093BB
:10BB8000DE144093DF144093E0144093D1144093AB
:10BB9000D2144093D3144093D4144093D5144093BB
:10BBA000D6144093D7144093D8144093C9144093AB
:10BBB000CA144093CB144093CC144093CD144093BB
:10BBC000CE144093CF144093D0144093C1144093AB
:10BBD000C2144093C3144093C4144093C5144093BB
:10BBE000C6144093C7144093C8144093B9144093AB
:10BBF000BA144093BB144093BC144093BD144093BB
:10BC0000BE144093BF144093C0140CED15E0109384
:10BC100008150093071580ED97E090930615809323
:10BC2000051524EC39E03093041520930315E8EB57
:10BC3000FBE0F0930215E0930115ACEABDE0B09390
:10BC40000015A093FF1460EA7FE07093FE146093E8
:10BC5000FD1444E951E15093FC144093FB1408E8AF
:10BC600013E11093FA140093F91482E890E0909392
:10BC70001815809317152CE830E030931615209393
:10BC80001515E6E9F0E0F0931415E0931315A0EA1A
:10BC9000B0E0B0931215A09311156AEA70E07093AA
:10BCA000101560930F1544EB50E050930E15409320
:10BCB0000D150EEB10E010930C1500930B1588EC8E
:10BCC00090E090930A158093091510916F0D1C7FD9
:10BCD00010936F0D5AE55093700D38E23093710D4B
:10BCE000F0EAF093720D7EE07093730D0F94D059CB
:10BCF00084E10F942639EDCC9091B81F9695917000
:10BD0000A92FAA0FAA0FAA0F6091660C677E6A2B53
:10BD10006093660C20907E0C220C20927E0C409149
:10BD2000990C440F4093990C7090E21C770C709220
:10BD3000E21C00910E1D000F00930E1D80914C1F00
:10BD4000880F80934C1F1091D31D110F1093D31D9A
:10BD500050911F1E550F50931F1E9090D71D990C88
:10BD60009092D71D3091031E307C303851F4C09032
:10BD7000041ED090051ECC0CDD1CD092051EC09276
:10BD8000041EF091431E7F2F707C703839F4BF2F52
:10BD9000BB0FB078FF73FB2BF093431E2091450C33
:10BDA0002770213009F42EC790913A0C907790318A
:10BDB00009F421C76091031E6770613009F414C74C
:10BDC0004091431E4770413009F407C742E063E0E9
:10BDD00089E195E10F945E450091461F0C70043097
:10BDE00009F4E0C68BE494E10F94A48584EE93E11A
:10BDF0000F94A48510924F1D10924E1D1092020AAE
:10BE00001092030A1092050A1092040A1092060A70
:10BE10001092070A8091080A887F877F8093080A1A
:10BE20001092090A10920A0A10910B0A107C1093C2
:10BE30000B0A0F94D05983E10F94263945CC90908A
:10BE40008A14990C90928A14B0908B14BB0CB09207
:10BE50008B14D0908C14DD0CD0928C14F0908D1437
:10BE6000FF0CF0928D1430908E14330C30928E149F
:10BE700050908F14550C50928F14C0909014CC0C8D
:10BE8000C0929014E0909114EE0CE0929114809086
:10BE90008214880C8092821460908314660C6092E5
:10BEA000831440908414440C40928414A090851410
:10BEB000AA0CA092851420908614220C209286143D
:10BEC00030918714330F30938714F0918814FF0F4B
:10BED000F093881470918914770F70938914B0913E
:10BEE0007A14BB0FB0937A1420917B14220F209305
:10BEF0007B1490917C14990F90937C14E0917D14A5
:10BF0000EE0FE0937D14A0917E14AA0FA0937E14EF
:10BF100060917F14660F60937F1440918014440FEA
:10BF20004093801470908114770C7092811400916A
:10BF30007214000F0093721480917314880F809311
:10BF4000731410917414110F10937414509175148C
:10BF5000550F5093751490907614990C9092761416
:10BF6000B0907714BB0CB0927714D0907814DD0C9D
:10BF7000D0927814F0907914FF0CF09279143090EC
:10BF80006A14330C30926A1450906B14550C509212
:10BF90006B14C0906C14CC0CC0926C14E0906D14B7
:10BFA000EE0CE0926D1480906E14880C80926E14EA
:10BFB00060906F14660C60926F1440907014440C83
:10BFC00040927014A0907114AA0CA0927114209049
:10BFD0006214220C2092621430916314330F309358
:10BFE0006314F0916414FF0FF0936414709165145E
:10BFF000770F70936514B0916614BB0FB0936614FD
:10C0000020916714220F2093671490916814990F60
:10C0100090936814E0916914EE0FE0936914A09175
:10C020005A14AA0FA0935A1460915B14660F609380
:10C030005B1440915C14440F40935C1470905D1449
:10C04000770C70925D1400915E14000F00935E14E3
:10C0500080915F14880F80935F1410916014110F0A
:10C060001093601450916114550F50936114909087
:10C070005214990C90925214B0905314BB0CB0927D
:10C080005314D0905414DD0CD0925414F0905514E5
:10C09000FF0CF092551430905614330C3092561415
:10C0A00050905714550C50925714C0905814CC0C03
:10C0B000C0925814E0905914EE0CE09259148090FC
:10C0C000071E880C8092071E6090341E660C6092DA
:10C0D000341E4090351E440C4092351E3091361E61
:10C0E000F0914B1DFE7FF0934B1D3F7B3F773093CC
:10C0F000361EA0904E1FA6FE05C07091461F7C7F85
:10C100007093461F10920D1EB8ECB0930E1E109245
:10C110004C1D20917C0C922F990F907F2770292B1A
:10C1200020937C0C10929D0CE0914F0DEF7CE093DE
:10C130004F0D1092B0091092B1091092B2091092ED
:10C14000B3091092B4091092B5091092B609109271
:10C15000B7090F94D05982E10F942639B0CA46EB43
:10C160005BE05A83498389819A81805791090F94B2
:10C17000C3B9782E89819A810F94C3B97816E9F0F2
:10C18000672D89819A810F94CBB989819A81019712
:10C190009A83898383319A4031F710917C1F1D7FE8
:10C1A00010937C1F5091660C5B7F5093660C0F942C
:10C1B000D05981E10F9426397DCA09811A81015035
:10C1C00011091A83098303311A4069F6E6CF07E49F
:10C1D00019E027E039E03A83298367EC78E07C8333
:10C1E0006B8387E898E09E838D8340E85DE0588705
:10C1F0004F83A7E4B8E0BA87A98722242A945DE098
:10C20000352EF0E0E0E0FE87ED87C1010F94C3B961
:10C2100090E0F801819391935F01E981FA81CD84E7
:10C22000DE84C192D1926F01C10192500F94C3B9C3
:10C2300090E0AB81BC81FD01819391937F01ED8101
:10C24000FE814D845E84419251924F01C101945010
:10C250000F94C3B9AF81B885FD0181933F01E98592
:10C26000FA852D853E85219331932F01C10140969A
:10C270009C878B87205E3F4F3E872D870F94C3B9E5
:10C2800090E0D80113969C938E93129785010E5FD0
:10C290001F4F6D857E85E981FA8173836283A601D4
:10C2A0004E5F5F4F5A834983C101805F91400F9475
:10C2B000C3B990E0AB81BC8113969C938E93129787
:10C2C000C70102969C838B83AD84BE84ED81FE8181
:10C2D000B382A28294012E5F3F4F3E832D83C10122
:10C2E000805F93400F94C3B9AF81B88511968C934A
:10C2F000C301019698878F83ED85FE85A985BA8550
:10C300001396FC93EE931297B2016E5F7F4F7A877C
:10C3100069872B843C8430E1230E311CB096FE8764
:10C32000ED8747E859E04017510709F06ECF0F94A9
:10C3300090551091101E197F1E7F1093101E1092A1
:10C34000241E5091251E5E7F5093251E3091261E7F
:10C350003E7F3093261E10921E1E1092281EF8E279
:10C36000F0932E1E72E37093291EF0932F1EB4E6F5
:10C37000B0932A1EF093301E96E990932B1EF093F3
:10C38000311E08EC00932C1EF093321E2AEF2093EE
:10C390002D1EF093331E1092900910929109109265
:10C3A0009209109293091092940910929509109293
:10C3B00096091092970990913A0C96959170E92FF1
:10C3C000E295EE0FEE0FE07C8091230C8F738E2BA5
:10C3D0008F7D8093230C1092980CAAE0A093200CE0
:10C3E0000F94D0598FE00F9426395BC980918D1D31
:10C3F00025E0622F0F944CBA80938D1D80918E1D85
:10C400000F944CBA80938E1D80918F1D0F944CBA5F
:10C4100080938F1D8091901D0F944CBA8093901D36
:10C4200080903C0C90903D0C90923F0C80923E0C82
:10C430009092410C8092400C9092430C8092420C5E
:10C4400020937F0C69E16093800C8DE28093810CD6
:10C4500001E40093820C1092840C40E54093850C1B
:10C460001091CD1D185D1093CD1D5091CE1D585DBE
:10C470005093CE1D3091CF1D385D3093CF1DF0917C
:10C48000D01DF85DF093D01DA091D11DA85DA093A3
:10C49000D11D7091D21D785D7093D21DB4E6B0931A
:10C4A000210C98E29093220CB093470CE091751FF9
:10C4B000E83008F093C2E295EE0FE07EE093751F3E
:10C4C0006091761F683008F467C38FEF8093761F02
:10C4D0000091771F083008F459C34FEF4093771F3E
:10C4E0001091081E183008F44BC35FEF5093081EDC
:10C4F0003091091E383008F43DC3FFEFF093091E58
:10C50000A0910A1EA83008F42FC37FEF70930A1E73
:10C51000B1E0B0930F1EB093200C9091230C977F45
:10C520009093230CE091860CEC7FE093860C0F94A3
:10C53000D0598EE00F942639AFC88091470C65E042
:10C540000F944CBA8093730C8093740C8093750C89
:10C550008093760C1092770C48E24093780C16E4A6
:10C560001093790C54E650937A0C5090220C509210
:10C57000670C5092680C5092690C50926A0C0093B0
:10C580006B0C00936C0C00936D0C00936E0C10926E
:10C590006F0C34E13093700CFCE3F093710CA0E568
:10C5A000A093720C1092171D7EE17093181DF093EA
:10C5B000191D10931A1DE5E5E0931B1D50931C1DDA
:10C5C00010921D1D10921E1D10921F1D1092201DF5
:10C5D0001092211D1092221D9091310C973018F06D
:10C5E000B3E0B093310C6091230C6C7F6093230C0B
:10C5F0006090330C6092320C8BE48093271D809303
:10C60000281D8093291D80932A1D27E02093231D38
:10C610000CE00093241D44E14093251D18E2109383
:10C62000261D5091031E577C5093031E0F94D05922
:10C630008BE00F94263923C82CED37E03A83298309
:10C6400089819A810F94C3B9382E09811A810E5AB3
:10C650001F4FC8010F94C3B93816A1F0632DC8014C
:10C660000F94CBB949815A81415051095A8349836A
:10C670004B3C554029F787E00F9426390F94B0556D
:10C680000D94175AA981BA811197BA83A983AB3C3B
:10C69000B540B1F6F0CF0EEA17E01A83098389811D
:10C6A0009A810F94C3B9F82E09811A8100581F4F3F
:10C6B000C8010F94C3B9F816D9F16F2DC8010F94B2
:10C6C000CBB949815A81415051095A8349834E322D
:10C6D000534029F76EE673E07A83698389819A81F2
:10C6E0000F94C3B9282E09811A81005C1F4FC8011D
:10C6F0000F94C3B9281699F0622DC8010F94CBB9D5
:10C70000E981FA813197FA83E983EE30F24031F71B
:10C7100086E00F9426390F94B0550D94115A8981F3
:10C720009A8101979A8389838E309240B9F6F0CF2F
:10C73000A981BA811197BA83A983AE32B34009F0B7
:10C74000AECFC8CF3091280D307F3093280DE0E078
:10C75000F1E0F0932A0DE093290D20E531E03093CC
:10C760002C0D20932B0DF091D71CFF3F19F47AE08C
:10C770007093D71C0F94D05984E00F9426390D94F0
:10C78000075AECE6F9E12CE638E18081885D808388
:10C790000181085D01831281185D12834381485D28
:10C7A00043835481585D54836581685D65837681D8
:10C7B000785D76839781985D9783A085A85DA08733
:10C7C000B185B85DB1878285885D82870385085D04
:10C7D00003871485185D14874585485D4587568510
:10C7E000585D56876785685D678770972E173F0786
:10C7F00061F60F94D05983E00F9426390D94015AB5
:10C800004090460C42FA112710F95091450C587F80
:10C81000512B5093450C1295107F30913A0C3F7874
:10C82000132B10933A0CF091DC1CF160F093DC1C9C
:10C830000F94D05989E00F9426390F941E390D9426
:10C84000185B1092891D98E290938A1DA6E4A0932C
:10C850008B1DB4E6B0938C1D80912E0C8C59809367
:10C860008D1D80938E1D80938F1D8093901D0F943E
:10C87000D05985E00F9426390F941E390D940D5A26
:10C8800032EE30936F0BFCEEF093700B76EF7093FB
:10C89000710BBBEFB093720B22E32093730BE1E4B7
:10C8A000E093740BA0E5A093750B9FE59093760B36
:10C8B000D0900D1DD694D0920D1D0F94D05986E1C5
:10C8C0000F9426390F941E390D94745B6091431EAA
:10C8D000677C6093431E0F94D05980E10F942639F2
:10C8E0000F941E390D94575B7091230C7B7F7093CE
:10C8F000230CE0E5E0932C1D95E590932D1DBAE502
:10C90000B0932E1D6FE560932F1D84E68093301D3C
:10C9100029E62093311D0EE60093321D43E7409334
:10C92000331D8093341D8093351D8093361D809375
:10C93000371D8093381D8093391D80933A1D809355
:10C940003B1D10917C0C1C7F10937C0C55E0509388
:10C950007E0C34E130937D0CFEE1F0933C1DA8E2A7
:10C96000A0933D1D72E370933E1D9CE390933F1D89
:10C97000B6E4B093401DE093411DEFE0E093421D0B
:10C98000E093431DE093441DE093451DE093461D55
:10C99000E093471D0F94D0598DE00F9426390F94E2
:10C9A0001E390D94495B10922B1D3091460C3B7F34
:10C9B0003093460CF091031EF770F093031EA8E528
:10C9C000BBE1B093051EA093041E0F94D0598CE0D8
:10C9D0000F9426390F941E390D94455B2FEF209349
:10C9E000751F6ECDE0EFF3E105911491011511056E
:10C9F00011F40D941D5C1A82198288248A943FE7F1
:10CA0000932EB12CA12C49815A814035510508F44F
:10CA100055C0403A510508F4A2C0483B5105F0F515
:10CA20008981D82E50E6D50EE980FA80A0EAEA1A6C
:10CA3000F108B0E1EB16F10408F45BC1E4E1EE1695
:10CA4000F10408F09BC1805B90E0F501E81BF90B55
:10CA5000EE0FFF1FE55AFE4E808191810F944C31FD
:10CA6000880FC98030E1E316F10408F456C144E1AF
:10CA7000E416F10408F071C10F946F3120E52C0D1C
:10CA800030E0F501E21BF30BEE0FFF1FE55AFE4EFF
:10CA900091838083909241118092401189819A8183
:10CAA00001969A8389838017910711F40D941D5C78
:10CAB00049815A814035510508F0ABCF90E080E0C4
:10CAC0002DE733E1E980FA80E81AF90AC7018034DA
:10CAD000910508F4E5C08834910508F05FC18054E1
:10CAE00090E0F501E81BF90BEE0FFF1FE20FF31FBB
:10CAF000EB5AFF4F808191810F944C31880FE9816F
:10CB0000FA81E035F10508F0D6C06DE7E62E63E165
:10CB1000F62E30E020E069807A80621A730A930171
:10CB20002034310508F4EFC02834310508F0FFC087
:10CB3000205430E02501421A530A1201220C331C02
:10CB40006701F5E5CF0ED11CC20CD31C0F946F31D9
:10CB5000D6018D939C93F701938282829FCF80E5CB
:10CB600090E024EE33E1AECFA295AA0FA07EA09371
:10CB70000A1ECECC3295330F307E3093091EC0CCC6
:10CB80001295110F107E1093081EB2CC0295000F63
:10CB9000007E0093771FA4CC6295660F607E609341
:10CBA000761F96CC42E063E08BE494E10F945E45FF
:10CBB00042E063E084EE93E10F945E451BC97091FF
:10CBC000460C7073703309F48DC0B0914B1DB97F62
:10CBD000B260B0934B1D0D946D5D44E065E08EE254
:10CBE00097E10F945E45F2C844E065E08CEB99E173
:10CBF0000F945E45E5C844E065E085E798E10F9451
:10CC00005E45D8C844E065E083E09BE10F945E4553
:10CC100044E065E087EE95E10F945E4544E061E015
:10CC20008AE393E10F945E4544E061E087EF92E18F
:10CC30000F945E4544E061E084EB92E10F945E4521
:10CC400044E061E081E792E10F945E4544E061E0F9
:10CC50008EE292E10F945E4544E061E08BEE91E15B
:10CC60000F945E4544E061E088EA91E10F945E45EF
:10CC700044E061E085E691E10F945E45E091DC1CC3
:10CC8000EC71E03109F090C8E9E8FDE1A1E9BDE10E
:10CC9000B188BB0CB18A3196AE17BF07C9F784C8FB
:10CCA000FE2DF770F45EFF0FFE192F0F311DD90115
:10CCB00017968C9123CF54EEE52E53E1F52E20E507
:10CCC00030E0E03AF10508F426CFE83BF10508F042
:10CCD000E5CEDE2E30E6D30E29813A81205A310985
:10CCE0007901BFCE20914B1D297F20934B1D0D94C0
:10CCF0006D5DED2DE370EA5FEE0FED19F0E0E25CA3
:10CD0000FE4E8781ADCEE62DE770E45EEE0FE619AC
:10CD1000EE0DFF2DF11D87831ECFED2DE370EA5F31
:10CD2000EE0FED19F0E0E25CFE4E8783B3CE28549F
:10CD3000022E000C330BF501E21BF30B9F01220FB7
:10CD4000331F6701F5E6CF0ED11CC20ED31E0F9420
:10CD50007931D6018D939C93FECE0F9479312CE4DA
:10CD60002C0D022E000C330BF501E21BF30BEE0F22
:10CD7000FF1FED59FE4E918380838CCE845B082E7D
:10CD8000000C990BF501E81BF90BEE0FFF1FED5995
:10CD9000FE4E808191810F94743162CE8854082EAA
:10CDA000000C990BF501E81BF90BEE0FFF1FE20FCA
:10CDB000F31FEB59FF4F808191810F9474319ECE08
:10CDC000CF93DF93FC01A089B1898D919D910D9046
:10CDD000BC91A02D2AE0880F991FAA1FBB1F2A957E
:10CDE000D1F7808F918FA28FB38FC685D785488169
:10CDF00059816A817B81448F558F668F778F288117
:10CE000039814A815B8120A331A342A353A344A566
:10CE100055A566A577A5481759076A077B074CF003
:10CE200040A551A562A573A584179507A607B70766
:10CE300024F4408F518F628F738FDF91CF910895CB
:10CE4000CF92DF92EF92FF920F931F93CF93DF93D6
:10CE5000FC0140175107620773070CF04BC0DB0160
:10CE6000CA01CAE0880F991FAA1FBB1FCA95D1F734
:10CE700080A791A7A2A7B3A7D901C801DAE0880FBC
:10CE8000991FAA1FBB1FDA95D1F784A795A7A6A75C
:10CE9000B7A7C0A9CC2371F1C089D189C880D98036
:10CEA000EA80FB800C151D052E053F0564F1C416B4
:10CEB000D506E606F70644F4488359836A837B83E4
:10CEC00084A595A5A6A5B7A5408D518D628D738DBE
:10CED00084179507A607B7074CF080A591A5A2A5D2
:10CEE000B3A5481759076A077B0724F4808F918FF1
:10CEF000A28FB38FDF91CF911F910F91FF90EF9091
:10CF0000DF90CF900895088319832A833B8384A5FB
:10CF100095A5A6A5B7A5D8CF2F923F924F925F9225
:10CF20006F927F928F929F92AF92BF92CF92DF9239
:10CF3000EF92FF920F931F93CF93DF9300D000D017
:10CF4000CDB7DEB79E838D83DC0196968D919C9143
:10CF500097978617970709F492C097967C936E93DC
:10CF6000969714962D903C906101BFEFCB1ADB0A87
:10CF7000ED81FE814280538092012F5F3F4F6080A0
:10CF80007180F3013196AD81BE811196FC93EE93D1
:10CF900013963C932E9312971596DC92CE9214978B
:10CFA00088EE93E00F9496B98B014B01B12CA12C24
:10CFB000EE0FFF1FE295F295F07FFE27E07FFE2740
:10CFC000FA83E983AD81BE811796FC93EE931697A1
:10CFD000220F331F22953295307F3227207F322750
:10CFE0003C832B83B901330F880B990BA501980162
:10CFF0000F94D9B9AD81BE8119963C932E931897A1
:10D00000000F111F02951295107F1027007F102727
:10D01000C09E7001C19EF00CD09EF00C11241B9696
:10D02000FC92EE921A971C964D915C911D9741309F
:10D030005105F1F1ED81FE8171826082538242825D
:10D0400035822482E981FA81B097AD81BE8117963D
:10D05000FC93EE9316976B817C8160527109072EC9
:10D06000000C880B990BA50194010F94D9B9ED819F
:10D07000FE8131872087E01AF10AF386E286269640
:10D080000FB6F894DEBF0FBECDBFDF91CF911F91D9
:10D090000F91FF90EF90DF90CF90BF90AF909F9057
:10D0A0008F907F906F905F904F903F902F9008955A
:10D0B00011967C926E9213965C924E9212971596F0
:10D0C0003C922E92149780E290E0E981FA818E1BC7
:10D0D0009F0B17969C938E9316976B817C81605261
:10D0E0007109072E000C880B990BA50194010F9470
:10D0F000D9B9319521953109AD81BE8119963C93FD
:10D100002E9318970E191F091B961C930E931A97AE
:10D11000B6CF9C01E091440CE295EF70E150E8300D
:10D1200008F089C0F0E08827E756F7498E4F0D9444
:10D1300058BA7A05D6057603D6059A0176035E02BB
:10D14000DA03E0917A1E80911B0B90911C0B609189
:10D150000E0270910F02009709F4CB010E2E000C05
:10D16000FF0B8E1B9F0B6817790714F4861B970B18
:10D1700090931A0B8093190B821B930B97FF02C09D
:10D18000860F971F9093240B8093230B8091170B8E
:10D190009091180B009709F4CB018E1B9F0B681719
:10D1A000790714F4861B970B90930D0880930C0855
:10D1B000821B930B97FF02C0860F971F9093220B41
:10D1C0008093210B4091150B5091160B4115510581
:10D1D00009F4AB014E1B5F0B6417750714F4461B73
:10D1E000570B50930B0840930A08421B530B57FFF1
:10D1F00002C0460F571F5093200B40931F0BA09166
:10D200000808B0910908109709F4DB01AE1BBF0BA9
:10D210006A177B0714F4A61BB70BB0930708A093FB
:10D220000608A21BB30BB7FF02C0A60FB71FB0932F
:10D230001E0BA0931D0B089560917A1E80911B0B0D
:10D2400090911C0B40910E0250910F02009709F42F
:10D25000CA01062E000C770B861B970B481759073F
:10D2600014F4841B950B90931A0B8093190B821B5B
:10D27000930B97FD7CC09093240B8093230B80919C
:10D28000170B9091180B009709F4CA01861B970B96
:10D290004817590714F4841B950B90930D0880933D
:10D2A0000C08821B930B97FD6FC09093220B809309
:10D2B000210B089560917A1E40911B0B50911C0B1D
:10D2C00080910E0290910F024115510509F4AC01B5
:10D2D000062E000C770B461B570B8417950714F48A
:10D2E000481B590B50931A0B4093190B421B530BBD
:10D2F00057FD3AC05093240B4093230B4091170BDA
:10D300005091180B4115510509F4AC01461B570B00
:10D310008417950714F4481B590B50930D0840933C
:10D320000C08421B530B57FD2CC05093220B40930B
:10D33000210BA091150BB091160B109709F4DC018D
:10D34000A61BB70B8A179B0714F4A81BB90BB09345
:10D350000B08A0930A08A21BB30BB7FD0BC0B09338
:10D36000200BA0931F0B0895480F591FC3CF840FA4
:10D37000951F81CF8A0F9B1F9093200B80931F0BCB
:10D380000895480F591FD1CF840F951F8ECF6091FC
:10D390007A1E40911B0B50911C0B80910E029091B4
:10D3A0000F024115510509F4AC01062E000C770B54
:10D3B000461B570B8417950714F4481B590B5093C1
:10D3C0001A0B4093190B421B530B57FF02C0480F17
:10D3D000591F5093240B4093230B4091170B5091EE
:10D3E000180B4115510509F4AC01461B570B841766
:10D3F000950714F4481B590B50930D0840930C08E3
:10D40000421B530B57FF02C0480F591F5093220B6A
:10D410004093210BA091150BB091160B109709F4B6
:10D42000DC01A61BB70B8A179B0714F4A81BB90BCA
:10D43000B0930B08A0930A08A21BB30BB7FF02C05E
:10D44000A80FB91FB093200BA0931F0BE091080801
:10D45000F0910908309709F4FC01E61BF70B8E17D1
:10D460009F0714F4E81BF90BF0930708E0930608F4
:10D47000E21BF30BF7FD2AC0F0931E0BE0931D0B8C
:10D48000089560917A1E80911B0B90911C0BE09186
:10D490000E02F0910F02009709F4CF01861B91094B
:10D4A00067FD9395E817F90714F48E1B9F0B909373
:10D4B0001A0B8093190B821B930B97FF02C08E0FE0
:10D4C0009F1F9093240B8093230B08958E0F9F1F13
:10D4D00090931E0B80931D0B08958F929F92AF9295
:10D4E000BF92CF92DF92EF92FF920F931F936A0148
:10D4F00059018C01095C1F4F9C01255D3F4FAC0118
:10D50000495F5F4F7B0166E00F9493408B51282F5A
:10D5100030E0D5010F942DBA6115710521E0820725
:10D52000910510F16E5C7F4F8F4F9F4F2EE33AE0D5
:10D5300047ED53EA0F9488BA00E20F94B5BA490157
:10D54000DA01C40126E0B695A795979587952A95A7
:10D55000D1F71F910F91FF90EF90DF90CF90BF9088
:10D56000AF909F908F9008956E5C7F4F9B01369592
:10D57000279536952795ABE7B4E10F942DBA96958C
:10D580008795E7CF0F93DC01CB0100E1880F991F4E
:10D59000AA1FBB1F18F0A417B50718F0A41BB50BE2
:10D5A00081600A9599F70F9108950F931F93CF9378
:10D5B000DF93C0914F0CD091500C00914E0C109104
:10D5C0008909812F0F943586812F0F943586002E7F
:10D5D000000C110B97FF02C090E080E09E01201B21
:10D5E000310BDC010F9481BA9695879577959695C6
:10D5F00087957795672F782F892F912D600F711F51
:10D6000077FD60E08FEB860F8C3228F0DF91CF91B1
:10D610001F910F9108956093591E862FDF91CF912E
:10D620001F910F910D943639CF93A9E3BAE086E1AB
:10D63000FD0111928A95E9F720914D1F26FD0DC03D
:10D640000F9422399FEB980F9C3228F48093591E37
:10D65000CF910D94D56A84E6F9CFC091C30A8C2F7F
:10D660000F9435868C2F0F94358697FF02C090E07B
:10D6700080E09093521E8093511E6091600C462F63
:10D68000660F550B2091610C3091620C241B350BF9
:10D69000DC010F9481BA9695879577959695879535
:10D6A0007795672F782F892F912D640F751F77FD40
:10D6B00060E06093591ECF910895CF92DF92EF9270
:10D6C000FF92E82EF090A00A8F2D0F9435868F2DB3
:10D6D0000F943586AC0197FF02C050E040E0E110A6
:10D6E00013C050936B1E40936A1EBA0180E99AE002
:10D6F0000F946F4788979093691E8093681EFF90E0
:10D70000EF90DF90CF900895E091111DF0E0A0918F
:10D710006A1EB0916B1E9F010F942DBA6B017C01A4
:10D7200020E031E02E1B3F0BDA010F9481BADC01BF
:10D73000CB018C0D9D1DAE1DBF1D892F9A2FAB2FC8
:10D74000BB27BC0190936B1E80936A1ECFCFCF92F4
:10D75000DF92EF92FF92E82E80915A1E80935E1E18
:10D76000F09088098F2D0F9435868F2D0F94358674
:10D7700097FF02C090E080E02FEF30E0DC010F94D3
:10D7800081BA969587957795969587957795672F22
:10D79000782F892F912DEE2009F446C04091101D5D
:10D7A00050E0A0E0B1E0A41BB50B262F30E00F94B1
:10D7B0002DBA6B017C0120915B1E30E0DA010F94E1
:10D7C0002DBADC01CB018C0D9D1DAE1DBF1D892F17
:10D7D0009A2FAB2FBB27382F80935B1EE0914D0C07
:10D7E000C0904C0CCE1680F43C1510F520E0209330
:10D7F0005A1E90917B0C97FD3EC010928D1EFF909B
:10D80000EF90DF90CF9008953095C0943C1570F361
:10D81000E095D12CF12CE12CE31708F447C0232F1D
:10D8200030E050E040E00FC0362F60935B1ED6CF53
:10D83000D12CF12CE12C8E2F3E17B0F190E0B0E00E
:10D84000A0E09C01AD012C193D094E095F09A8EC2F
:10D85000B0E00F94F8B92E2F30E050E040E02C19E2
:10D860003D094E095F090F94D9B920935A1E909132
:10D870007B0C97FFC2CF8091020896FD0CC00F94DD
:10D88000D28521E0892B61F420938D1EFF90EF90CB
:10D89000DF90CF9008950F94D28521E0892BA1F7D6
:10D8A00020E020938D1EF2CF832FC8CF3E2F232F51
:10D8B00030E050E040E0C7CFCF92DF92EF92FF928E
:10D8C0000F931F93CF93DF93C0914E1FCC1FCC2794
:10D8D000CC1F0091420A1091430AD091151DF0907F
:10D8E00089098F2D0F9435868F2D0F94358697FFDC
:10D8F00002C090E080E09C01235031092B3F33406F
:10D90000C0F44D2F50E020E031E0241B350BDC014A
:10D910000F942DBA6B017C019A01D8010F942DBA96
:10D92000C60ED71EE81EF91ECD2CDE2CEF2CFF24D0
:10D930008601C1117DC1CFEFDFEF1093430A009341
:10D94000420AD093450AC093440A8091440C8370E4
:10D95000823009F4D8C108F09DC1813009F0E7C0D8
:10D96000DFB6F89410914C1E90919D0C911708F021
:10D9700032C23091491E30FF2AC26091B51E7091AB
:10D98000B61E8091B71E9091B81EDFBE6230710541
:10D990008105910508F420C28091460A90E0B0E02C
:10D9A000A0E0EFB7F8942091B51E3091B61E4091DB
:10D9B000B71E5091B81E3327442755278217930767
:10D9C000A407B50709F4A7C20091B51E1091B61EB1
:10D9D0002091B71E3091B81E0196A11DB11D1127CF
:10D9E00022273327EFBF80179107A207B307C1F59E
:10D9F000C0914D0AD0914E0A2196D0934E0AC09301
:10DA00004D0AE090420AF090430A8091470A9091B3
:10DA1000480AA091490A8E0D9F1DA11D8093470AB7
:10DA20009093480AA093490AC090440AD090450AAE
:10DA300060914A0A70914B0A80914C0A6C0D7D1DD1
:10DA4000811D60934A0A70934B0A80934C0ADF91C0
:10DA5000CF911F910F91FF90EF90DF90CF9008959D
:10DA60008091470A9091480AA091490A0097A10520
:10DA700009F466C240914D0A50914E0AE090420A64
:10DA8000F090430AC091440AD091450A41155105CE
:10DA900009F42DC0B0E0A417B50708F05DC200E19D
:10DAA000880F991FAA1FBB1F18F0A417B50718F0FD
:10DAB000A41BB50B81600A9599F79093430A809354
:10DAC000420ACF3FDC0799F080914A0A90914B0AB5
:10DAD000A0914C0ABC018A2F90E08417950708F0AA
:10DAE0003EC20F94C26A9093450A8093440A809183
:10DAF000B51E9091B61EA091B71EB091B81E80932E
:10DB0000460A41E050E050934E0A40934D0AC70147
:10DB1000A0E08093470A9093480AA093490ACE0157
:10DB2000A0E080934A0A90934B0AA0934C0AC091BC
:10DB3000531ED091541E0F945286D0933A0AC0932C
:10DB4000390AE0903B0AF0903C0A00913D0AC82F48
:10DB5000DB01AE19BF09C00B9D014C2F20933F0A7A
:10DB60003093400A4093410A60933B0A70933C0A09
:10DB700080933D0A90933E0AD0914E1FDD1FDD2712
:10DB8000DD1FB0914E0CCB2EBB0FDD0820914F0C4A
:10DB90003091500C2C193D09A091420AB091430AD2
:10DBA0000F942DBA96958795779596958795779545
:10DBB000672F782F892F912D6C0D7D1D77FD35C036
:10DBC000CB01770FAA0BBB0B8093531E9093541E6F
:10DBD000A093551EB093561EDD2309F438CF7091E3
:10DBE000630C072F770F110B2091640C3091650C9B
:10DBF000201B310BA091440AB091450A0F942DBA15
:10DC0000969587957795969587957795672F782F31
:10DC1000892F912D600F711F77FF02C070E060E0C7
:10DC20007093581E6093571E12CF70E060E0C8CF0B
:10DC3000C091440AD091450AE090151DC09001089A
:10DC40008C2D0F9435868C2D0F94358697FF02C04E
:10DC500090E080E0AC01435051094B3F534008F045
:10DC60006CCE4E2D50E020E031E0241B350BDC0162
:10DC70000F942DBA6B017C019A01DE010F942DBA2D
:10DC8000C60ED71EE81EF91ECD2CDE2CEF2CFF246D
:10DC9000E60153CEBFB7F89470914C1EF0919D0CE5
:10DCA000F71708F092C0D091491ED0FF8AC020918A
:10DCB000B51E3091B61E4091B71E5091B81E22304D
:10DCC00031054105510508F480C0D090061FBFBF43
:10DCD000DD2009F4A8C08091A70C9091A80C809336
:10DCE0004B0A8091420A9091430AA0E08093460A31
:10DCF0009093470AA093480A41E050E050934A0AA3
:10DD00004093490A14CF90919D0CC0904C1E9C15D5
:10DD100008F048C08091460A90E0B0E0A0E0FFB76C
:10DD2000F8942091B51E3091B61E4091B71E5091C7
:10DD3000B81E33274427552782179307A407B50732
:10DD400009F4EBC00091B51E1091B61E2091B71ECC
:10DD50003091B81E0196A11DB11D1127222733272E
:10DD6000FFBF80179107A207B30709F4E8C0E0914D
:10DD7000420AF091430A4091470A5091480A509351
:10DD8000430A4093420A4091B51E5091B61E6091DD
:10DD9000B71E7091B81E4093460AF093480AE0936C
:10DDA000470AC5CE8091B51E9091B61EA091B71EB0
:10DDB000B091B81E8093460A1093480A0093470A10
:10DDC000B6CEF090961EF4FC72CFBFBF84CF5091B8
:10DDD000961E54FDD2CDDFBE8091B51E9091B61E29
:10DDE000A091B71EB091B81E8093460AA1E0B0E0A2
:10DDF000B0934E0AA0934D0A8091420A9091430A33
:10DE0000A0E08093470A9093480AA093490A809122
:10DE1000440A9091450AA0E080934A0A90934B0AE5
:10DE2000A0934C0A84CE1FB7F89430914B0A80918E
:10DE3000A70C9091A80C1FBF38131DC0E090420A98
:10DE4000F090430A6091460A7091470A8091480A0F
:10DE50006E0D7F1D811D6093460A7093470A809363
:10DE6000480AA091490AB0914A0A1196B0934A0A09
:10DE7000A093490AECCDA091460AB091470AC091FF
:10DE8000480AAB2BAC2B09F426CFE091490AF0915C
:10DE90004A0AEF2B09F41FCF5FB7F89400914B0AA1
:10DEA0008091A70C9091A80C5FBF081708F013CFC2
:10DEB000C091420AD091430A4091490A50914A0ABE
:10DEC0008091460A9091470AA091480A4115510550
:10DED00009F43FC0BC018A2F90E084179507C8F56C
:10DEE0000F94C26A9093430A8093420A8091A70CD0
:10DEF0009091A80C80934B0ACE01A0E08093460A33
:10DF00009093470AA093480A81E090E090934A0AD0
:10DF10008093490A0CCEEFBF6BCDFFBF6091470ADB
:10DF20007091480A2091420A3091430A62177307A0
:10DF300008F49B013093480A2093470A88CDEECF1E
:10DF4000E090420AF090430AC091440AD091450AF9
:10DF5000CECD8FEF9FEFC6CF8FEF9FEFAECD8FEF80
:10DF60009FEFC1CDFF920F931F93CF93DF938091CB
:10DF70007A00846080937A0000917A000D7F00938C
:10DF80007A0010917A001E7F10937A0010925C0B39
:10DF900007EB1CE0C0E0FF24F39420C0332309F416
:10DFA00000C1283009F471C0A72FA770A43009F46C
:10DFB000E5C0B72FB57009F0E8C0D92FD370D230C3
:10DFC00009F463C0332309F4E2C02C3009F4AAC079
:10DFD000D33009F4A7C0CF5FC031C1F0C093E01EB9
:10DFE000F80191918F01292F2C707091B60C372F69
:10DFF0003170243099F6311104C0572F56705630C5
:10E0000099F6F0925C0BCF5FC03141F71091101D73
:10E01000113F08F019C10091111D013F08F006C120
:10E020003091121D313F08F0FAC0E091131DE13F1D
:10E0300008F0EEC0A091141DA13F08F0E2C0B0911D
:10E04000151DB13F08F0D6C08091161D813F08F024
:10E05000F4C020914D1D213F30F0DBE4D0934D1DE5
:10E0600084E00F9474560F94528660930E0A709356
:10E070000F0A8093100A9093110A10928F0ADF9171
:10E08000CF911F910F91FF900895F801E958FF4F2C
:10E09000D081DF73D031C8F4ED2FF0E08827EC5A3F
:10E0A000FF488E4F0D9458BAC000240344038204E5
:10E0B000B0039C028A022E035C031A02FE051204BE
:10E0C0000A040002D402B805D6E35091A00A5D17F5
:10E0D00009F44EC0A091B10AAD1709F449C060918E
:10E0E00089096D1709F444C0B0918809BD1709F476
:10E0F0003FC0F0915C0AFD17D9F18091B30A8D17EA
:10E10000B9F1909187099D1779F18D2F0E94F5E360
:10E1100081112EC08D2F0F948D7AF0925C0B73CFEE
:10E120002C30C1F5F801E957FF4FD081DF73DF5F75
:10E13000F091A00ADF17E1F08091B10AD817C1F081
:10E1400090918909D917A1F020918809D21781F0FF
:10E1500070915C0AD71761F03091B30AD31741F080
:10E1600040918709D413D1CF2091460C21FFCDCF08
:10E17000D091061FD068D093061F2DCF692F6370F2
:10E18000623009F482CFB72FB5703111C9CF7670E4
:10E19000763031F2A43059F0B1111DCFD92FD370A0
:10E1A00017CF472F4670463009F0FECEFACE937057
:10E1B000933009F010CFB6CFD4E487CFD3E485CF26
:10E1C000D2E483CFD1E481CFD0E47FCFDFE37DCF32
:10E1D000DEE37BCFDDE379CFDCE377CFDBE375CF25
:10E1E000DAE373CFD9E371CFD8E36FCFD7E36DCF45
:10E1F000D5E46BCFF4E1F093151D84E00F947456D1
:10E2000023CF60E86093141D84E00F94745617CFF9
:10E2100050E85093131D84E00F9474560BCF44EBD9
:10E220004093121D84E00F947456FFCE74EB7093EC
:10E23000111D84E00F947456F3CE90E49093161D54
:10E2400084E00F94745605CFC2E3C093101D84E0A0
:10E250000F947456E0CECF92DF92EF92FF920F931D
:10E260001F938091431E877021F5E090531EF0901C
:10E27000541EF092EF1EE092EE1EC0904A1ED09007
:10E280004B1E05E518E125E338E145E357E160E180
:10E290008EE297E10F94934088529091431E907CB8
:10E2A000903CC9F01F910F91FF90EF90DF90CF90BD
:10E2B00008958130C1F02091531E3091541E409139
:10E2C000551E5091561E8230C1F079013093EF1ED9
:10E2D0002093EE1ED2CF1F910F91FF90EF90DF9011
:10E2E000CF900C94B153E0905A1EF12CEE0CFF1C11
:10E2F000F092EF1EE092EE1EC0CFA4E6B0E00F94C5
:10E30000F8B92091571E3091581E032E000C440B73
:10E31000550B0F94D9B979013093EF1E2093EE1E5F
:10E32000ACCFCF92DF92EF92FF920F931F93809129
:10E33000031E877039F1813071F14091531E509165
:10E34000541E6091551E7091561E823071F17A01F3
:10E350005093EB1E4093EA1EC0904A1ED0904B1E75
:10E3600003EE1AE123EC3AE143EC59E160E18CEB76
:10E3700099E10F9493401F910F91FF90EF90DF90E0
:10E38000CF900895E090531EF090541EF092EB1E33
:10E39000E092EA1EE1CFE0905A1EF12CEE0CFF1C39
:10E3A000F092EB1EE092EA1ED7CF24E6249FC00134
:10E3B000259F900D11246091571E7091581E0F9447
:10E3C00096B97B017093EB1E6093EA1EC5CFF8945B
:10E3D000823031F160F48823E1F0813031F48091B2
:10E3E0004710813011F410924710789408958330CB
:10E3F00049F08430D1F73091EA0F3130B1F7109203
:10E40000EA0FF3CF40910910413079F710920910CB
:10E41000ECCF20916610213041F710926610E5CFC5
:10E4200050912810513009F710922810DECFF8943F
:10E43000823071F168F08430B1F018F1853031F438
:10E4400030918510313011F4109285107894089530
:10E45000882381F08130D1F78091DD108130B1F7D0
:10E460001092DD10F3CF50919B10513079F710923C
:10E470009B10ECCF2091F310213041F71092F31054
:10E48000E5CF4091B110413009F71092B110DECFC5
:10E490006091C7106130D1F61092C710D7CF1F928C
:10E4A0000F920FB60F9211240BB60F92CF92DF92FC
:10E4B000EF92FF920F931F932F933F934F935F938E
:10E4C0006F937F938F939F93AF93BF93EF93FF933C
:10E4D00080912810813009F058C0E0912910F09106
:10E4E0002A10199523E0209328100F9452866093E8
:10E4F0002D1070932E1080932F1090933010F09069
:10E500003A10F11037C0E0913B10F0913C1060815F
:10E5100071818091241090912510A0912610B091C6
:10E520002710E0913D10F0913E10B695A795979574
:10E530008795B695A79597958795860F971F918391
:10E540008083FF91EF91BF91AF919F918F917F91C8
:10E550006F915F914F913F912F911F910F91FF907C
:10E56000EF90DF90CF900F900BBE0F900FBE0F90EB
:10E570001F901895E0913D10F0913E10409133109E
:10E580005091341051834083DCCF00912810033028
:10E5900009F05BC0E0912B10F0912C1019951092AE
:10E5A000281010923A10A091A70CB091A80C1196C7
:10E5B000B093A80CA093A70C0091761E1091771E23
:10E5C0000F945286C0902D10D0902E10E0902F10F6
:10E5D000F09030109B012C193D09A2EEB0E00F9491
:10E5E0002DBAAB01BC0130E020E0D901C801880F91
:10E5F000991FAA1FBB1F880F991FAA1FBB1F880F37
:10E60000991FAA1FBB1F880F991FAA1FBB1F801B22
:10E61000910BA20BB30B880F991FAA1FBB1F840F6E
:10E62000951FA61FB71F892F9A2FAB2FBB2790933B
:10E63000771E8093761ED0903910D1100BC0E091D8
:10E640003F10F091401019957CCFC0902810CC203D
:10E65000B1F377CFE0913D10F0913E10E09035108E
:10E66000F0903610F182E08211E0109328101092A1
:10E67000391067CF1F920F920FB60F9211240BB66D
:10E680000F92CF92DF92EF92FF920F931F932F93EF
:10E690003F934F935F936F937F938F939F93AF932A
:10E6A000BF93EF93FF9380914710813009F058C0DA
:10E6B000E0914810F0914910199523E020934710FC
:10E6C0000F94528660934C1070934D1080934E10AF
:10E6D00090934F10F0905910F11037C0E0915A10FC
:10E6E000F0915B1060817181809143109091441092
:10E6F000A0914510B0914610E0915C10F0915D1032
:10E70000B695A79597958795B695A795979587956B
:10E71000860F971F91838083FF91EF91BF91AF91F7
:10E720009F918F917F916F915F914F913F912F9129
:10E730001F910F91FF90EF90DF90CF900F900BBE45
:10E740000F900FBE0F901F901895E0915C10F09104
:10E750005D10409152105091531051834083DCCF93
:10E7600000914710033009F05BC0E0914A10F0912E
:10E770004B1019951092471010925910A091A70CA8
:10E78000B091A80C1196B093A80CA093A70C00917F
:10E79000761E1091771E0F945286C0904C10D09028
:10E7A0004D10E0904E10F0904F109B012C193D0938
:10E7B000A2EEB0E00F942DBAAB01BC0130E020E036
:10E7C000D901C801880F991FAA1FBB1F880F991F65
:10E7D000AA1FBB1F880F991FAA1FBB1F880F991F55
:10E7E000AA1FBB1F801B910BA20BB30B880F991F95
:10E7F000AA1FBB1F840F951FA61FB71F892F9A2F13
:10E80000AB2FBB279093771E8093761ED090581025
:10E81000D1100BC0E0915E10F0915F1019957CCF84
:10E82000C0904710CC20B1F377CFE0915C10F0910D
:10E830005D10E0905410F0905510F182E08211E0EC
:10E84000109347101092581067CF1F920F920FB677
:10E850000F9211240BB60F92CF92DF92EF92FF929C
:10E860000F931F932F933F934F935F936F937F93D8
:10E870008F939F93AF93BF93EF93FF938091661015
:10E88000813009F058C0E0916710F0916810199537
:10E8900023E0209366100F94528660936B10709360
:10E8A0006C1080936D1090936E10F0907810F110B2
:10E8B00037C0E0917910F0917A1060817181809178
:10E8C000621090916310A0916410B0916510E09176
:10E8D0007B10F0917C10B695A79597958795B69586
:10E8E000A79597958795860F971F91838083FF91B2
:10E8F000EF91BF91AF919F918F917F916F915F91B8
:10E900004F913F912F911F910F91FF90EF90DF90CA
:10E91000CF900F900BBE0F900FBE0F901F901895C9
:10E92000E0917B10F0917C10409171105091721029
:10E9300051834083DCCF00916610033009F05BC047
:10E94000E0916910F0916A1019951092661010927A
:10E950007810A091A70CB091A80C1196B093A80CB8
:10E96000A093A70C0091761E1091771E0F945286EB
:10E97000C0906B10D0906C10E0906D10F0906E1005
:10E980009B012C193D09A2EEB0E00F942DBAAB010A
:10E99000BC0130E020E0D901C801880F991FAA1FEF
:10E9A000BB1F880F991FAA1FBB1F880F991FAA1F83
:10E9B000BB1F880F991FAA1FBB1F801B910BA20BA7
:10E9C000B30B880F991FAA1FBB1F840F951FA61F8B
:10E9D000B71F892F9A2FAB2FBB279093771E809359
:10E9E000761ED0907710D1100BC0E0917D10F09181
:10E9F0007E1019957CCFC0906610CC20B1F377CFF4
:10EA0000E0917B10F0917C10E0907310F090741006
:10EA1000F182E08211E0109366101092771067CFB8
:10EA20001F920F920FB60F9211240BB60F922F93D5
:10EA30003F934F935F936F937F938F939F93AF9386
:10EA4000BF93EF93FF93809185108130C9F5E091DA
:10EA50008810F0918910199573E070938510E091FA
:10EA60008F10F091901020813181809181109091D0
:10EA70008210A0918310B0918410E0919110F091D8
:10EA80009210B695A79597958795B695A795979562
:10EA90008795820F931F91838083FF91EF91BF91A0
:10EAA000AF919F918F917F916F915F914F913F9126
:10EAB0002F910F900BBE0F900FBE0F901F901895C7
:10EAC00020918510233089F4E0918A10F0918B1009
:10EAD00019951092851040918E1041110BC0E09154
:10EAE0009310F09194101995D8CF3091851033235D
:10EAF000B1F3D3CFE0919110F091921060918C100E
:10EB000070918D107183608351E050938510109245
:10EB10008E10C3CF1F920F920FB60F9211240BB617
:10EB20000F922F933F934F935F936F937F938F93A6
:10EB30009F93AF93BF93EF93FF9380919B1081308E
:10EB4000C9F5E0919E10F0919F10199573E07093B4
:10EB50009B10E091A510F091A61020813181809149
:10EB6000971090919810A0919910B0919A10E091FF
:10EB7000A710F091A810B695A79597958795B6958B
:10EB8000A79597958795820F931F91838083FF9117
:10EB9000EF91BF91AF919F918F917F916F915F9115
:10EBA0004F913F912F910F900BBE0F900FBE0F9082
:10EBB0001F90189520919B10233089F4E091A010AC
:10EBC000F091A110199510929B104091A410411141
:10EBD0000BC0E091A910F091AA101995D8CF3091EF
:10EBE0009B103323B1F3D3CFE091A710F091A8107D
:10EBF0006091A2107091A3107183608351E05093D3
:10EC00009B101092A410C3CF1F920F920FB60F92B9
:10EC100011240BB60F922F933F934F935F936F93F3
:10EC20007F938F939F93AF93BF93EF93FF938091C5
:10EC3000B1108130C9F5E091B410F091B51019957B
:10EC400073E07093B110E091BB10F091BC10208183
:10EC500031818091AD109091AE10A091AF10B09124
:10EC6000B010E091BD10F091BE10B695A7959795A4
:10EC70008795B695A79597958795820F931F918352
:10EC80008083FF91EF91BF91AF919F918F917F9181
:10EC90006F915F914F913F912F910F900BBE0F900D
:10ECA0000FBE0F901F9018952091B110233089F45A
:10ECB000E091B610F091B71019951092B1104091F3
:10ECC000BA1041110BC0E091BF10F091C01019951E
:10ECD000D8CF3091B1103323B1F3D3CFE091BD1031
:10ECE000F091BE106091B8107091B910718360837B
:10ECF00051E05093B1101092BA10C3CF1F920F92EF
:10ED00000FB60F9211240BB60F922F933F934F9390
:10ED10005F936F937F938F939F93AF93BF93EF9383
:10ED2000FF938091C7108130C9F5E091CA10F0912E
:10ED3000CB10199573E07093C710E091D110F0914A
:10ED4000D210208131818091C3109091C410A09184
:10ED5000C510B091C610E091D310F091D410B695C3
:10ED6000A79597958795B695A79597958795820FBF
:10ED7000931F91838083FF91EF91BF91AF919F91FA
:10ED80008F917F916F915F914F913F912F910F9054
:10ED90000BBE0F900FBE0F901F9018952091C710BB
:10EDA000233089F4E091CC10F091CD101995109298
:10EDB000C7104091D01041110BC0E091D510F091D7
:10EDC000D6101995D8CF3091C7103323B1F3D3CFD4
:10EDD000E091D310F091D4106091CE107091CF10CB
:10EDE0007183608351E05093C7101092D010C3CF4D
:10EDF0001F920F920FB60F9211240BB60F922F9302
:10EE00003F934F935F936F937F938F939F93AF93B2
:10EE1000BF93EF93FF938091DD108130C9F5E091AE
:10EE2000E010F091E110199573E07093DD10E0911E
:10EE3000E710F091E810208131818091D9109091F4
:10EE4000DA10A091DB10B091DC10E091E910F091A4
:10EE5000EA10B695A79597958795B695A795979536
:10EE60008795820F931F91838083FF91EF91BF91CC
:10EE7000AF919F918F917F916F915F914F913F9152
:10EE80002F910F900BBE0F900FBE0F901F901895F3
:10EE90002091DD10233089F4E091E210F091E3102D
:10EEA00019951092DD104091E61041110BC0E091D0
:10EEB000EB10F091EC101995D8CF3091DD10332381
:10EEC000B1F3D3CFE091E910F091EA106091E41032
:10EED0007091E5107183608351E05093DD101092C2
:10EEE000E610C3CF1F920F920FB60F9211240BB6EC
:10EEF0000F922F933F934F935F936F937F938F93D3
:10EF00009F93AF93BF93EF93FF938091F310813062
:10EF1000C9F5E091F610F091F710199573E0709330
:10EF2000F310E091FD10F091FE102081318180916D
:10EF3000EF109091F010A091F110B091F210E091CB
:10EF4000FF10F0910011B695A79597958795B69506
:10EF5000A79597958795820F931F91838083FF9143
:10EF6000EF91BF91AF919F918F917F916F915F9141
:10EF70004F913F912F910F900BBE0F900FBE0F90AE
:10EF80001F9018952091F310233089F4E091F81028
:10EF9000F091F91019951092F3104091FC10411165
:10EFA0000BC0E0910111F09102111995D8CF309169
:10EFB000F3103323B1F3D3CFE091FF10F0910011A0
:10EFC0006091FA107091FB107183608351E050934F
:10EFD000F3101092FC10C3CF0F931F93FC0100831A
:10EFE000118322833383F894A789B08D8D919C91EE
:10EFF0007695679557954795769567955795479573
:10F00000480F591F56874587A18DB28D05851685F6
:10F0100011961C930E9311E014837894058CF68D51
:10F02000E02D1F910F9119940F931F93FC01F894F9
:10F030000083118322833383A685B7858D919C91AC
:10F040007695679557954795769567955795479522
:10F05000480F591F5487438701E0058778941F9113
:10F060000F9108950F931F93FC01F894008311836F
:10F0700022833383A685B7858D919C91769567957C
:10F08000579547957695679557954795480F591F1A
:10F0900056834583A089B1890581168111961C93F9
:10F0A0000E9311E0148378940488F589E02D1F9164
:10F0B0000F9119942F923F924F925F926F927F928D
:10F0C0008F929F92AF92BF92CF92DF92EF92FF9278
:10F0D0000F931F93CF93DF938FEE882E80E1982EAE
:10F0E000D40114961C9214975496ED91FC911995A5
:10F0F00099EDA92E90E1B92EE5011C82EC89FD89DC
:10F10000199523ECC22E20E1D22ED60114961C9222
:10F1100014975496ED91FC9119953DEAE32E30E158
:10F12000F32EE7011C82EC89FD89199507E910E1AE
:10F13000D80114961C9214975496ED91FC91199550
:10F14000C1E8D0E11C82EC89FD89199542E6642E64
:10F1500040E1742EF3011482058CF68DE02D199593
:10F1600053E4452E50E1552ED20114961C9214976B
:10F170005D96ED91FC91199564E2262E60E1362EA4
:10F18000F1011482058CF68DE02D1995109209106D
:10F19000E0912210F09123101995E6EEFFE0148221
:10F1A000058CF68DE02D199586E694E0D40118962D
:10F1B0009C938E9317971A969C938E931997F501AB
:10F1C0009087878392878187D60118969C938E9328
:10F1D00017971A969C938E931997F70190878783B8
:10F1E00092878187D80118969C938E9317971A96C9
:10F1F0009C938E93199798878F839A878987E301C9
:10F200009E838D8398878F831092240B1092230BFB
:10F2100010921A0B1092190B10921C0B10921B0BD0
:10F22000F20196838583908787831092220B109238
:10F23000210B10920D0810920C081092180B1092CE
:10F24000170BE1019E838D8398878F831092200B8B
:10F2500010921F0B10920B0810920A081092160BB6
:10F260001092150B90930B1080930A1090930D1031
:10F2700080930C1010921E0B10921D0B1092070819
:10F280001092060810920908109208081092430B79
:10F290001092420B1092410B1092400B10923F0BB8
:10F2A00010923E0B10923D0B10923C0B10923B0BB8
:10F2B00010923A0B1092390B1092380BDF91CF91CC
:10F2C0001F910F91FF90EF90DF90CF90BF90AF9084
:10F2D0009F908F907F906F905F904F903F902F9076
:10F2E000089581508231F8F4E82FF0E08827E4583F
:10F2F000F6488E4F0D9458BA64021C021E04720226
:10F3000070057C03D4004A03C0051A03A200F80468
:10F31000EE008A057C0306069A02F805809120011A
:10F32000877F80932001089544B54F7744BD0895A9
:10F3300034B53F7D34BD0895209180002F77209310
:10F3400080000895809180008F7D809380000895D3
:10F35000F0918000F77FF09380000895E091B00075
:10F36000EF77E093B0000895B091B000BF7DB09307
:10F37000B0000895A0919000AF77A09390000895F9
:10F38000909190009F7D90939000089570919000CF
:10F39000777F7093900008956091A0006F776093DD
:10F3A000A00008955091A0005F7D5093A0000895A3
:10F3B0004091A000477F4093A00008953091200124
:10F3C0003F77309320010895209120012F7D2093D5
:10F3D00020010895789484B5826084BD24B52160AD
:10F3E00024BD35B5326035BD45B5416045BDEEE65D
:10F3F000F0E0508151605083E1E8F0E010826081DC
:10F4000062606083708171607083E0E8F0E09081F9
:10F4100091609083E1EBF0E0A081A460A083E0EB39
:10F42000F0E0B081B160B083E1E9F0E0808182601A
:10F430008083208121602083E0E9F0E03081316029
:10F440003083E1EAF0E040814260408350815160C6
:10F450005083E0EAF0E0608161606083E1E2F1E026
:10F46000708172607083908191609083E0E2F1E03E
:10F47000A081A160A083EAE7F0E0B081B460B0832E
:10F480008081826080832081216020833081306888
:10F4900030831092C10008950895CF93DF9390E0D8
:10F4A000FC01E950F74E24918F54974EFC01849152
:10F4B0008823B9F090E0880F991FFC01E956F74EB8
:10F4C000A591B491FC01E358F74EC591D491662300
:10F4D00059F06230B1F08FB7F894EC91E22BEC93D5
:10F4E0008FBFDF91CF9108956FB7F8947C912095ED
:10F4F00072237C93A8812A2328836FBFDF91CF9149
:10F5000008959FB7F8943C91422F409543234C9324
:10F510005881522B58839FBFE4CFCF93DF9390E065
:10F52000FC01E950F74E24918F54974EFC018491D1
:10F530008823C1F090E0880F991FFC01E956F74E2F
:10F54000C591D491FC01E358F74EA591B4919FB7B2
:10F55000F8948881E22FE0958E2388838C91E823AC
:10F56000EC939FBFDF91CF910895CF92DF92EF92FE
:10F57000FF920F931F93CF93DF93EC018B01FA015E
:10F580007901888199818617970709F45AC01983F0
:10F590000883FB83EA83FD82EC826EA17FA188EE63
:10F5A00093E00F9496B96B01000F111F029512950D
:10F5B000107F1027007F10271F830E83BF01660F67
:10F5C000771F62957295707F7627607F7627072E6A
:10F5D000000C880B990B960150E040E00F94D9B9CC
:10F5E00039872887EE0CFF1CE294F29440EFF42256
:10F5F000FE24E422FE24EC9CC001ED9C900DFC9CBA
:10F60000900D11249B878A876C857D8561307105FB
:10F6100079F41195019511091F830E833195219578
:10F620003109398728879195819591099B878A8728
:10F63000DF91CF911F910F91FF90EF90DF90CF90CE
:10F640000895CA80DB80C416D50609F0A0CF2C81AE
:10F650003D812E153F0509F09ACFEACF4F925F9278
:10F660006F927F928F929F92AF92BF92CF92DF92D2
:10F67000EF92FF921F93CF93DF93CDB7DEB76297E0
:10F680000FB6F894DEBF0FBECDBFFC0110A911115B
:10F6900018C010E0812F62960FB6F894DEBF0FBE3F
:10F6A000CDBFDF91CF911F91FF90EF90DF90CF9072
:10F6B000BF90AF909F908F907F906F905F904F9092
:10F6C00008958FB7F8948090A80E9090A90EA090FE
:10F6D000AA0EB090AB0E8FBF448855886688778895
:10F6E00075016401C418D508E608F70886A197A13A
:10F6F000B0E0A0E0C816D906EA06FB0650F2A685DF
:10F70000B7854D905D906D907C901414150416048F
:10F7100017040CF0BECFA289B3898D919D910D90F5
:10F72000BC91A02D6C017D01C418D508E608F7082E
:10F73000C986DA86EB86FC86C48CD58CE68CF78C81
:10F74000CD86DE86EF86F88A6A017B013AE0CC0C32
:10F75000DD1CEE1CFF1C3A95D1F7CD82DE82EF82D4
:10F76000F886E084F184FA8AE98A24A535A546A5BD
:10F7700057A529833A834B835C83A681B78129856A
:10F780003A854B855C850F9403BA6B017C014989EE
:10F790005A8941155105A9F1DA0129853A854B8528
:10F7A0005C850F9403BA208D318D428D538D260FC9
:10F7B000371F481F591F29873A874B875C87208F3F
:10F7C000318F428F538F89819A81AB81BC814D816A
:10F7D0005E816F817885841B950BA60BB70B2985FD
:10F7E0003A854B855C8582179307A407B5070CF013
:10F7F00062C0808F918FA28FB38FC80ED91EEA1E70
:10F80000FB1EA285B3851097C1F0A30192016D85FF
:10F810007E858F859889261B370B480B590B0F94D3
:10F8200003BA95958795779567959595879577957B
:10F830006795C61AD70AE80AF90A8D819E81AF81B9
:10F84000B885C80ED91EEA1EFB1E29813A814B815C
:10F850005C812C153D054E055F056CF040A551A55A
:10F8600062A573A549835A836B837C834C155D0520
:10F870006E057F05DCF0A089B189C980DA80EB8054
:10F88000FC808AE0F594E794D794C7948A95D1F7E1
:10F89000CD92DD92ED92FC921397448E558E668E3A
:10F8A000778E848A958AA68AB78AF4CEC982DA824C
:10F8B000EB82FC82E0CF80A591A5A2A5B3A54D81E6
:10F8C0005E816F817885841B950BA60BB70B29850C
:10F8D0003A854B855C85281739074A075B070CF486
:10F8E00088CFDA01C90189CF2FB7F8946091A80EAB
:10F8F0007091A90E8091AA0E9091AB0E2FBF089522
:10F90000CF93DF93FC0180A9882329F031E030AB4D
:10F91000DF91CF910895A089B1898D919D910D902E
:10F92000BC91A02D2AE0880F991FAA1FBB1F2A9502
:10F93000D1F7808F918FA28FB38FC685D7854881ED
:10F9400059816A817B81448F558F668F778F28819B
:10F9500039814A815B8120A331A342A353A344A5EB
:10F9600055A566A577A5481759076A077B074CF088
:10F9700040A551A562A573A584179507A607B707EB
:10F980002CF6408F518F628F738FC0CF9091131FD1
:10F99000981791F18093131F6093141F4093151FC4
:10F9A00090E09093171F8093161F70E07093191FBB
:10F9B0006093181F50E050931B1F40931A1FA09193
:10F9C0001C1FB0911D1F119709F008959195819505
:10F9D00091099093171F8093161F71956195710976
:10F9E0007093191F6093181F5195419551095093B9
:10F9F0001B1F40931A1F08952091141F2613CACF6E
:10FA00003091151F3413C6CF0895CF92DF92EF9235
:10FA1000FF920F931F93CF93DF93EC01DB01C8801C
:10FA2000D980EA80FB8033272F2D1E2D0D2D4C9180
:10FA300050E04C25FA01EE0FFF1FEE0FFF1FE358B9
:10FA4000FB4E4591559165917491CB01BA016027A8
:10FA5000712782279327688379838A839B83DF9129
:10FA6000CF911F910F91FF90EF90DF90CF9008956D
:10FA7000EF92FF920F931F93CF93DF9300D01F92CB
:10FA8000CDB7DEB78C017B018617970758F4681B4A
:10FA9000790B8056924F0E946F65080F191F0E1543
:10FAA0001F0528F1C70104960817190700F521E082
:10FAB000A70160EA7DE083E99CE10F94A1379801FA
:10FAC0002E193F0979010E94A36569837A838B838C
:10FAD0009C8364E070E06E197F0981E090E08C0FF8
:10FAE0009D1F8E0D9F1D0E946F65080F191FC80175
:10FAF0000F900F900F900F90DF91CF911F910F916A
:10FB0000FF90EF900895CF92DF92FF920F931F9393
:10FB1000CF93DF93C0E8DDE02EED3EE08901005891
:10FB20001D406801F99086010C0F1D1FC8010F943C
:10FB3000C3B9F81691F06F2DC8010F94CBB93DE011
:10FB4000C03AD30779F780E89DE0DF91CF911F910C
:10FB50000F91FF90DF90CF9008958DE0C03AD807C5
:10FB600009F7F1CF883018F5E82FF0E0EE0FFF1F0E
:10FB7000E65EFD4F7183608381508730C8F09091BD
:10FB80006A009C7F492B40936A00EC9A0895A091EB
:10FB90006A00AF730024569547950794569547958C
:10FBA0000794542F402D4A2B40936A00EF9A0895F2
:10FBB000E82FF0E08827E052F2488E4F0D9458BAB3
:10FBC000EC052C0658066606BA01800400018091F7
:10FBD00069008F730024569547950794569547956D
:10FBE0000794542F402D482B40936900EB9A0895B9
:10FBF000209169002F7C42955295507F5427407F79
:10FC00005427422B40936900EA9A08953091690085
:10FC1000337F440F551F440F551F432B40936900FA
:10FC2000E99A0895509169005C7F452B40936900E3
:10FC3000E89A089560916A00637F440F551F440F4E
:10FC4000551F462B40936A00ED9A089570916A0003
:10FC50007F7C42955295507F5427407F5427472BF5
:10FC600040936A00EE9A08958830D0F4E82FF0E0CF
:10FC7000EE0FFF1FE65EFD4F71836083815087307A
:10FC800080F090916A009C7F916090936A00EC9A5A
:10FC9000089570916A007F73706470936A00EF9AA0
:10FCA0000895E82FF0E08827E75AF1488E4F0D9429
:10FCB00058BA3405AE030006C2036205760636055F
:10FCC000809169008F73806480936900EB9A089536
:10FCD000209169002F7C206120936900EA9A0895A1
:10FCE00030916900337F346030936900E99A089558
:10FCF000409169004C7F416040936900E89A089503
:10FD000050916A00537F546050936A00ED9A0895B1
:10FD100060916A006F7C606160936A00EE9A08955A
:10FD2000E82FF0E0DF01AA0FBB1FA65EBD4F1196C2
:10FD30007C936E938830F0F48827EE55F1488E4F0F
:10FD40000D9458BAAC019C0430016804B602380323
:10FD50002C04E001B0916A00BF73002456954795CA
:10FD60000794569547950794542F402D4B2B40935D
:10FD70006A00EF9A089580916A008F7C42955295AF
:10FD8000507F5427407F5427482B40936A00EE9AB7
:10FD9000089590916A009C7F492B40936A00EC9AE9
:10FDA000089570916A00737F440F551F440F551FCB
:10FDB000472B40936A00ED9A0895509169005C7F4B
:10FDC000452B40936900E89A089560916900637F2C
:10FDD000440F551F440F551F462B40936900E99A65
:10FDE0000895309169003F7C42955295507F542789
:10FDF000407F5427432B40936900EA9A089520914D
:10FE000069002F730024569547950794569547959A
:10FE10000794542F402D422B40936900EB9A08958C
:10FE20006F927F928F929F92AF92BF92CF92DF920A
:10FE3000EF92FF920F931F93CF93DF93CDB7DEB76F
:10FE4000A1970FB6F894DEBF0FBECDBF8C01262F51
:10FE500030E050E040E019A27E0181E2E80EF11CA2
:10FE60006AE0862E912CA12CB12CCA01B901A50102
:10FE700094010F940BBA605DD7016E937D0121153B
:10FE800031054105510589F7F801A081B181D12CD7
:10FE9000C12CE114F10409F4A4C012962D913C91F7
:10FEA0001397F70101900020E9F7CF0101975C015A
:10FEB000AE18BF08F1E0243D3F0709F056C1D12C30
:10FEC000C12CA114B10409F48CC0C5018370992719
:10FED0000097C9F18130910511F1029781F0FFEF90
:10FEE000EF1AFF0AED91FC91C8011995892B09F4CD
:10FEF00042C1CC24C394D12CF801A081B181F70177
:10FF000061917F01ED91FC91C8011995892B09F44C
:10FF100032C1FFEFCF1ADF0AF801A081B181F701EA
:10FF200061917F01ED91FC91C8011995892B09F42C
:10FF300022C1FFEFCF1ADF0AF801A081B181AC1412
:10FF4000BD0409F44EC0F70161913F01ED91FC91B0
:10FF5000C8011995892B09F40EC14601FFEF8F1ACC
:10FF60009F0A6401D801ED91FC91D70111966C9123
:10FF70000190F081E02DC8011995892B09F4FBC08F
:10FF8000FFEFCF1ADF0AD801ED91FC91D301119652
:10FF90006C910190F081E02DC8011995892B09F42D
:10FFA000EAC06401B2E0CB0ED11CD801ED91FC9106
:10FFB000D70113966C91B4E0EB0EF11C0190F08127
:10FFC000E02DC8011995892B09F4D5C06401E3E03F
:10FFD000CE0ED11CF801A081B181AC14BD0409F092
:10FFE000B2CF1296ED91FC91139781E0E43DF807B2
:10FFF00009F0CDC03DE6A32E32E0B32EF12CE12C6A
:020000023000CC
:1000000099249394ED91FC91D5016D915D01B6E039
:10001000E632FB0709F08CC0F801908E938D748C4A
:10002000971509F467C0F801238D30E02F5F3F4F2B
:100030002F733327922F03C00FB607FE24C0D801B9
:100040005C964C915C979417B9F35B96EC91E00F3A
:10005000F12FF11DE35AFF4F60839FB7F894F80129
:10006000238F0288F389E02D8081806280839FBF87
:10007000EA94EF2809F458C0F801A081B181EE2478
:10008000E394F12CBFCF5096ED91FC9151975081A4
:1000900055FFD5CF5C96EC915C97E00FF12FF11DE9
:1000A000E35AFF4F80815C964C915C9750E04F5F24
:1000B0005F4F4F7355275C964C935C975696ED9126
:1000C000FC91579780835096ED91FC9151978081D8
:1000D0008370806480835B964C915B975C968C9177
:1000E0005C974813ACCF5296ED91FC9170817F7D67
:1000F0007083A5CF0088F189E02D308135FF93CF43
:100100002FB7F894D8015696ED91FC9157976083DC
:100110005096ED91FC9160816370606460832FBFA5
:10012000EA94EF2809F0A8CF92E0E92EF12C05C05F
:10013000C8011995892B09F09BCFC7018C0D9D1D16
:10014000A1960FB6F894DEBF0FBECDBFDF91CF9161
:100150001F910F91FF90EF90DF90CF90BF90AF90E5
:100160009F908F907F906F900895A501B701C8016F
:10017000F90119956C01F801A081B1811296ED91F8
:10018000FC91139781E0E43DF80709F433CF42E096
:1001900050E06DE672E0C80119957C01CECF8F92D8
:1001A0009F92AF92BF92CF92DF92EF92FF920F9306
:1001B0001F93CF93DF93CDB7DEB7A1970FB6F89417
:1001C000DEBF0FBECDBF8C01CB01BA0119A2223018
:1001D00008F42AE0822E912CB12CA12C7E0121E280
:1001E000E20EF11C09C0E05DD701EE937D016115BF
:1001F00071058105910591F0A50194010F940BBA49
:10020000E62FB901CA01EA3074F3E95CD701EE9335
:100210007D01611571058105910571F7D12CC12C06
:10022000AB2B09F462C0F801A081B18112962D9127
:100230003C911397F70101900020E9F731975F0196
:10024000AE18BF0891E0243D390709F048C0D12C11
:10025000C12CA114B10409F448C099249394ED91E0
:10026000FC91D7016D917D01B6E0E632FB0709F004
:100270009EC0F801908E938D848C981509F480C0EF
:10028000F801238D30E02F5F3F4F2F733327922FDC
:1002900003C00FB607FE3DC0D8015C964C915C9739
:1002A0009417B9F35B96EC91E00FF12FF11DE35A2F
:1002B000FF4F60839FB7F894F801238F0288F3897A
:1002C000E02D8081806280839FBFFFEFCF1ADF0A1D
:1002D000AC14BD0451F0F801A081B181C0CFA501DB
:1002E000B701C801F90119956C01C601A1960FB6B5
:1002F000F894DEBF0FBECDBFDF91CF911F910F915C
:10030000FF90EF90DF90CF90BF90AF909F908F9035
:1003100008955096ED91FC915197508155FFBCCFB7
:100320005C96EC915C97E00FF12FF11DE35AFF4FC3
:1003300080815C964C915C9750E04F5F5F4F4F73AC
:1003400055275C964C935C975696ED91FC91579788
:1003500080835096ED91FC915197808183708064E9
:1003600080835B964C915B975C968C915C9748136D
:1003700093CF5296ED91FC9170817F7D70838CCFED
:100380000088F189E02D308135FF7ACF2FB7F894BE
:10039000D8015696ED91FC91579760835096ED9158
:1003A000FC9160816370606460832FBF8ECFC80151
:1003B0001995892B09F499CF88CFBF92CF92DF92FC
:1003C000EF92FF920F931F93CF93DF93FC01A081D5
:1003D000B1811296ED91FC911397EB0109900020E9
:1003E000E9F79E01215031097901E61AF70A31E057
:1003F000E43DF30709F08BC0E114F10409F492C065
:10040000EC018B01D12CC12CBB24B394ED91FC9158
:10041000D8016D918D01B6E0E632FB0709F067C0A7
:10042000B88E9B8D8C8D981709F44FC04B8D242F5F
:1004300030E02F5F3F4F2F733327922F03C00FB64B
:1004400007FE1DC05C8D9517D1F3EB8DEC0FFD2FD2
:10045000F11DE35AFF4F60839FB7F8942B8FEA8911
:10046000FB898081806280839FBFEFEFCE1ADE0A16
:10047000EC14FD0409F440C0A881B981C7CFE88914
:10048000F989708175FFDECFEC8DEC0FFD2FF11D2A
:10049000E35AFF4F80814C8D50E04F5F5F4F4F73A9
:1004A00055274C8FEE89FF898083E889F9898081FF
:1004B0008370806480834B8D8C8D4813C3CFEA8911
:1004C000FB89B081BF7DB083BDCFE889F9893081D8
:1004D00035FFACCF2FB7F894EE89FF896083E889A8
:1004E000F98960816370606460832FBFBECFCE01E5
:1004F0001995892B09F0B9CFC601DF91CF911F91D2
:100500000F91FF90EF90DF90CF90BF900895A701DB
:10051000DF91CF911F910F91FF90EF90DF90CF90DF
:10052000BF901994D12CC12CE7CF1F93CF93DF93A9
:10053000182FD62FC72F63E772E080917A0D909124
:100540007B0D0F94DD8180917A0D90917B0DDC0104
:10055000ED91FC910190F081E02D612F1995809132
:100560007A0D90917B0DDC01ED91FC910190F08171
:10057000E02D6D2F199580917A0D90917B0DDC0106
:10058000ED91FC910190F081E02D6C2FDF91CF91E6
:100590001F9119946F927F928F929F92AF92BF9208
:1005A000CF92DF92EF92FF920F931F93CF93DF933F
:1005B000CDB7DEB7A1970FB6F894DEBF0FBECDBFA3
:1005C0008C019B0150E040E019A27E0181E2E80E1F
:1005D000F11C6AE0862E912CA12CB12CCA01B90124
:1005E000A50194010F940BBA605DD7016E937D0154
:1005F000211531054105510589F7F801A081B18127
:10060000D12CC12CE114F10409F4A4C012962D914F
:100610003C911397F70101900020E9F7CF01019772
:100620005C01AE18BF08F1E0243D3F0709F056C158
:10063000D12CC12CA114B10409F48CC0C501837064
:1006400099270097C9F18130910511F1029781F046
:10065000FFEFEF1AFF0AED91FC91C8011995892B64
:1006600009F442C1CC24C394D12CF801A081B181FA
:10067000F70161917F01ED91FC91C8011995892BDA
:1006800009F432C1FFEFCF1ADF0AF801A081B1816E
:10069000F70161917F01ED91FC91C8011995892BBA
:1006A00009F422C1FFEFCF1ADF0AF801A081B1815E
:1006B000AC14BD0409F44EC0F70161913F01ED9106
:1006C000FC91C8011995892B09F40EC14601FFEF71
:1006D0008F1A9F0A6401D801ED91FC91D701119600
:1006E0006C910190F081E02DC8011995892B09F4D6
:1006F000FBC0FFEFCF1ADF0AD801ED91FC91D301C7
:1007000011966C910190F081E02DC8011995892B0B
:1007100009F4EAC06401B2E0CB0ED11CD801ED911E
:10072000FC91D70113966C91B4E0EB0EF11C019093
:10073000F081E02DC8011995892B09F4D5C0640119
:10074000E3E0CE0ED11CF801A081B181AC14BD0450
:1007500009F0B2CF1296ED91FC91139781E0E43D40
:10076000F80709F0CDC03DE6A32E32E0B32EF12C00
:10077000E12C99249394ED91FC91D5016D915D014B
:10078000B6E0E632FB0709F08CC0F801908E938D3D
:10079000748C971509F467C0F801238D30E02F5F42
:1007A0003F4F2F733327922F03C00FB607FE24C08D
:1007B000D8015C964C915C979417B9F35B96EC91D9
:1007C000E00FF12FF11DE35AFF4F60839FB7F894BC
:1007D000F801238F0288F389E02D80818062808375
:1007E0009FBFEA94EF2809F458C0F801A081B181B5
:1007F000EE24E394F12CBFCF5096ED91FC915197EC
:10080000508155FFD5CF5C96EC915C97E00FF12FAE
:10081000F11DE35AFF4F80815C964C915C9750E04C
:100820004F5F5F4F4F7355275C964C935C9756967E
:10083000ED91FC91579780835096ED91FC915197E3
:1008400080818370806480835B964C915B975C961B
:100850008C915C974813ACCF5296ED91FC917081CE
:100860007F7D7083A5CF0088F189E02D308135FF31
:1008700093CF2FB7F894D8015696ED91FC915797E6
:1008800060835096ED91FC91608163706064608339
:100890002FBFEA94EF2809F0A8CF92E0E92EF12CBF
:1008A00005C0C8011995892B09F09BCFC7018C0D94
:1008B0009D1DA1960FB6F894DEBF0FBECDBFDF9190
:1008C000CF911F910F91FF90EF90DF90CF90BF904D
:1008D000AF909F908F907F906F900895A501B70182
:1008E000C801F90119956C01F801A081B181129636
:1008F000ED91FC91139781E0E43DF80709F433CFC3
:1009000042E050E06DE672E0C80119957C01CECF5F
:100910009FB7F89440917C0D50917D0D60917E0DB4
:1009200070917F0D86B5A89B06C08F3F21F04F5F69
:100930005F4F6F4F7F4F9FBF762F652F542F4427F8
:10094000480F511D611D711D440F551F661F771FF4
:10095000440F551F661F771F3FB7F89480917C0D99
:1009600090917D0DA0917E0DB0917F0D26B5A89B35
:1009700005C02F3F19F00196A11DB11D3FBFBA2F31
:10098000A92F982F8827820F911DA11DB11D880FB7
:10099000991FAA1FBB1F880F991FAA1FBB1F841B6B
:1009A000950BA60BB70B883E9340A105B105A0F2AD
:1009B00008950F931F93817090918E1C21E09227D0
:1009C000891729F080938E1C1F910F910895E09153
:1009D000721CF091731C408151816281738140933C
:1009E0007A1C50937B1C60937C1C70937D1CE0915F
:1009F000701CF091711C0081118122813381009360
:100A00007E1C10937F1C2093801C3093811C0091CE
:100A10008A1C10918B1C20918C1C30918D1C04170A
:100A20001507260737076CF00091861C1091871C6C
:100A30002091881C3091891C401751076207730769
:100A40000CF600937A1C10937B1C20937C1C309333
:100A50007D1CB8CFFC01A089B18982E08C93A4856C
:100A6000B5851C92A685B78520E12C93108EA489AC
:100A7000B58936E03C93A289B3894C9140614C938F
:100A8000A289B3895C9158605C93A289B3896C9107
:100A900060686C930288F389E02D70817F7D70839C
:100AA0000895EF92FF920F931F93CF93DF93C0E8C7
:100AB000DDE00FED1EE000581D40C8018C0F9D1FAA
:100AC0000F94C3B9FE0181937F01C8018E0F9F1F50
:100AD0000F94C3B98983C7010196800F911F0F94AA
:100AE000C3B9F7018183CE010396800F911F0F9444
:100AF000C3B98B83CE010496800F911F0F94C3B9A5
:100B00008C83CE010596800F911F0F94C3B98D83FE
:100B1000CE010696800F911F0F94C3B98E83CE012C
:100B20000796800F911F0F94C3B98F832896FDE01D
:100B3000C03ADF0711F680E89DE0DF91CF911F9169
:100B40000F91FF90EF900895CF93DF9300D000D0E6
:100B5000CDB7DEB763E00F94ED4429833A834B832E
:100B60005C836D837E834C815D81EA81FB81E41728
:100B7000F50779F0220F330B8081918197FD019663
:100B80009595879591838083E20FF31F4E175F073A
:100B900099F726960FB6F894DEBF0FBECDBFDF9152
:100BA000CF910895CF93DF93282F30E0F901E95CCE
:100BB000FB4E8491F901E950F74ED491F901EF54BD
:100BC000F74EC491CC23B1F0811119C0EC2FF0E0A5
:100BD000EE0FFF1FE35EFB4EA591B4912C912D23E8
:100BE00081E090E019F0DF91CF91089580E0DF91EE
:100BF000CF91089580E090E0DF91CF9108950F9418
:100C00007179E4CF1F93CF93DF93282F30E0F90160
:100C1000E95CFB4E8491F901E950F74E1491F9011A
:100C2000EF54F74EC491CC23A1F0D62F81111AC0F6
:100C3000EC2FF0E0EE0FFF1FE358F74EA591B491B3
:100C40008FB7F894D11109C09C91109519231C936A
:100C50008FBFDF91CF911F9108952C91212B2C9361
:100C60008FBFF7CF0F947179E3CF863308F08653A7
:100C700020917B00982F9870277F922B90937B0078
:100C80008770806480937C0080917A008064809378
:100C90007A0030917A0036FDFCCF809178009091F7
:100CA000790008953FB7F89480917C0D90917D0D67
:100CB000A0917E0DB0917F0D26B5A89B05C02F3F5A
:100CC00019F00196A11DB11D3FBFBA2FA92F982F72
:100CD0008827BC01CD01620F711D811D911D660F1A
:100CE000771F881F991F660F771F881F991F089508
:100CF0001F920F920FB60F9211242F933F938F9351
:100D00009F93AF93BF938091A80E9091A90EA0914D
:100D1000AA0EB091AB0E3091D21F23E0230F2D37D6
:100D200068F126E8230F0296A11DB11D2093D21F62
:100D30008093A80E9093A90EA093AA0EB093AB0E29
:100D400080917C0D90917D0DA0917E0DB0917F0DD5
:100D50000196A11DB11D80937C0D90937D0DA093F4
:100D60007E0DB0937F0DBF91AF919F918F913F9179
:100D70002F910F900FBE0F901F9018950196A11DF7
:100D8000B11DD4CF282F30E0883080F4F9018827B6
:100D9000E353F9478E4F0D9458BA820628017A061C
:100DA00022067203780464014806EF98220F331F6D
:100DB000F901E65EFD4F8AE295E091838083089514
:100DC000EE98F4CFEC98F2CFED98F0CFE898EECF14
:100DD000E998ECCFEA98EACFEB98E8CF1F920F9210
:100DE0000FB60F9211240BB60F922F933F934F9390
:100DF0005F936F937F938F939F93AF93BF93EF9383
:100E0000FF93E0912802F09129021995FF91EF914B
:100E1000BF91AF919F918F917F916F915F914F9112
:100E20003F912F910F900BBE0F900FBE0F901F9010
:100E300018951F920F920FB60F9211240BB60F92B6
:100E40002F933F934F935F936F937F938F939F93D2
:100E5000AF93BF93EF93FF93E0912602F0912702A7
:100E60001995FF91EF91BF91AF919F918F917F91D4
:100E70006F915F914F913F912F910F900BBE0F900B
:100E80000FBE0F901F9018951F920F920FB60F92E2
:100E900011240BB60F922F933F934F935F936F9351
:100EA0007F938F939F93AF93BF93EF93FF93E091C3
:100EB0001C02F0911D021995FF91EF91BF91AF9126
:100EC0009F918F917F916F915F914F913F912F9162
:100ED0000F900BBE0F900FBE0F901F9018951F9292
:100EE0000F920FB60F9211240BB60F922F933F93D0
:100EF0004F935F936F937F938F939F93AF93BF9322
:100F0000EF93FF93E0911A02F0911B021995FF9164
:100F1000EF91BF91AF919F918F917F916F915F9171
:100F20004F913F912F910F900BBE0F900FBE0F90DE
:100F30001F9018951F920F920FB60F9211240BB6A7
:100F40000F922F933F934F935F936F937F938F9362
:100F50009F93AF93BF93EF93FF93E0912402F0919F
:100F600025021995FF91EF91BF91AF919F918F91BC
:100F70007F916F915F914F913F912F910F900BBE99
:100F80000F900FBE0F901F9018951F920F920FB6E3
:100F90000F9211240BB60F922F933F934F935F93B1
:100FA0006F937F938F939F93AF93BF93EF93FF9331
:100FB000E0912202F09123021995FF91EF91BF91E8
:100FC000AF919F918F917F916F915F914F913F91E1
:100FD0002F910F900BBE0F900FBE0F901F90189582
:100FE0001F920F920FB60F9211240BB60F922F93F0
:100FF0003F934F935F936F937F938F939F93AF93A1
:10100000BF93EF93FF93E0912002F0912102199595
:10101000FF91EF91BF91AF919F918F917F916F91D0
:101020005F914F913F912F910F900BBE0F900FBE8C
:101030000F901F9018951F920F920FB60F921124C8
:101040000BB60F922F933F934F935F936F937F93C2
:101050008F939F93AF93BF93EF93FF93E0911E0203
:10106000F0911F021995FF91EF91BF91AF919F9160
:101070008F917F916F915F914F913F912F910F9041
:101080000BBE0F900FBE0F901F901895883078F40C
:10109000282F30E08150873058F0EC98220F331F12
:1010A000F901E65EFD4F8AE295E091838083089521
:1010B000E82FF0E08827E05AF7478E4F0D9458BA92
:1010C000EE0134066006D005EC045A026801EB9884
:1010D000E5CFEA98E3CFE998E1CFE898DFCFED9844
:1010E000DDCFEE98DBCFEF98D9CFDF92EF92FF9272
:1010F0000F931F93CF93DF93FC01A081B1811296D0
:10110000ED91FC91139721E0E43DF20709F08CC0CA
:10111000EC010DE612E0F12CE12CDD24D394ED91ED
:10112000FC91D8016D918D01B6E0E632FB0709F024
:101130006DC0D88E9B8D8C8D981709F44EC02B8D69
:1011400030E02F5F3F4F2F733327922F03C00FB62E
:1011500007FE1DC03C8D9317D1F3EB8DEC0FFD2FD7
:10116000F11DE35AFF4F60839FB7F8942B8FEA89F4
:10117000FB898081806280839FBFEA94EF2809F415
:1011800041C0A881B981EE24E394F12CC8CFE8894D
:10119000F989408145FFDECFEC8DEC0FFD2FF11D6D
:1011A000E35AFF4F80814C8D50E04F5F5F4F4F738C
:1011B00055274C8FEE89FF898083E889F9898081E2
:1011C0008370806480834B8D8C8D4813C3CFEA89F4
:1011D000FB8950815F7D5083BDCFE889F9892081EB
:1011E00025FFADCF7FB7F894EE89FF896083E8894A
:1011F000F98960816370606460837FBFEA94EF283F
:1012000009F0BFCF82E0E82EF12C05C0CE01199580
:10121000892B09F0B2CFC701DF91CF911F910F91B8
:10122000FF90EF90DF90089542E050E06DE672E0AD
:10123000DF91CF911F910F91FF90EF90DF90199464
:10124000BF92CF92DF92EF92FF920F931F93CF93B3
:10125000DF93EC017B01FB01649110E000E0662369
:10126000B9F1DD24D394A881B981ED91FC9186E098
:10127000E632F80709F0FAC0D88E9B8D8C8D98174E
:1012800009F4BDC02B8D30E02F5F3F4F2F73332704
:10129000922F03C00FB607FE66C0CC8C9C15D1F30D
:1012A000AB8DAC0FBD2FB11DA35ABF4F6C939FB731
:1012B000F8942B8FEA89FB898081806280839FBFAD
:1012C0000F5F1F4FF801EE0DFF1D64916111CBCF31
:1012D000A881B9811296ED91FC91139781E0E43DCC
:1012E000F80709F0CFC02DE6C22E22E0D22EF12C55
:1012F000E12CBB24B394ED91FC91D6016D916D016D
:10130000B6E0E632FB0709F0B7C0B88E7B8DBC8D26
:101310007B1709F486C02B8D30E02F5F3F4F2F7372
:101320003327922F03C00FB607FE43C08C8D98174A
:10133000D1F3EB8DEC0FFD2FF11DE35AFF4F6083CE
:101340009FB7F8942B8FEA89FB8980818062808324
:101350009FBFEA94EF2809F479C0A881B981EE24EF
:10136000E394F12CC8CFE889F989308135FF95CF16
:10137000EC8DEC0FFD2FF11DE35AFF4F80814C8D5A
:1013800050E04F5F5F4F4F7355274C8FEE89FF89B9
:101390008083E889F98980818370806480834B8DA4
:1013A0008C8D48137ACFEA89FB8940814F7D408339
:1013B00074CFE889F989308135FFB8CFEC8DEC0F17
:1013C000FD2FF11DE35AFF4F80814C8D50E04F5FA0
:1013D0005F4F4F7355274C8FEE89FF898083E889D3
:1013E000F98980818370806480834B8D8C8D481354
:1013F0009DCFEA89FB8940814F7D408397CFE88963
:10140000F989B080B5FE3ECF2FB7F894EE89FF89F9
:101410006083E889F98950815370506450832FBFED
:101420004FCFE889F989F081F5FF75CF9FB7F89420
:10143000EE89FF896083E889F9896081637060645F
:1014400060839FBFEA94EF2809F087CF82E0E82EFF
:10145000F12CC701800F911FDF91CF911F910F9148
:10146000FF90EF90DF90CF90BF900895CE01199537
:10147000892B09F42DCF24CFCE011995892B09F0A2
:1014800068CFE7CF42E050E06DE672E0CE011995FB
:101490007C01DFCFDF92EF92FF920F931F93CF93E8
:1014A000DF93FB016491662309F483C07F01EC01A3
:1014B00010E000E0DD24D394A881B981ED91FC9186
:1014C00086E0E632F80709F06EC0D88E9B8D8C8DD1
:1014D000981709F456C03B8D232F30E02F5F3F4F04
:1014E0002F733327822F03C00FB607FE24C04C8D05
:1014F0008417D1F3AB8DAC0FBD2FB11DA35ABF4FD5
:101500006C939FB7F8942B8FEA89FB898081806266
:1015100080839FBF0F5F1F4FF801EE0DFF1D649189
:101520006111CACFC801DF91CF911F910F91FF9038
:10153000EF90DF900895E889F989508155FFD7CF62
:10154000EC8DEC0FFD2FF11DE35AFF4F90814C8D78
:1015500050E04F5F5F4F4F7355274C8FEE89FF89E7
:101560009083E889F98990819370906490834B8D82
:101570009C8D4913BCCFEA89FB8970817F7D708384
:10158000B6CFE889F989208125FFA5CFBFB7F894A8
:10159000EE89FF896083E889F989608163706064FE
:1015A0006083BFBFB7CFCE011995892B09F4BACF9D
:1015B000B1CF10E000E0B6CFCF92DF92EF92FF9272
:1015C0000F931F931092AF0E1092AE0E48EE53E0A1
:1015D00060E070E04093B00E5093B10E6093B20E95
:1015E0007093B30E89E592E09093AD0E8093AC0EAC
:1015F00025E331E03093B90E2093B80E24E331E0B7
:101600003093BB0E2093BA0E20E331E03093BD0E31
:101610002093BC0E21E331E03093BF0E2093BE0E29
:1016200022E331E03093C10E2093C00E26E331E077
:101630003093C30E2093C20E1092C50E1092C60EA8
:101640001092C70E1092C80E10924C0F10924B0FB2
:1016500040934D0F50934E0F60934F0F7093500F68
:1016600090934A0F8093490F85EC90E09093560F2A
:101670008093550F84EC90E09093580F8093570F10
:1016800080EC90E090935A0F8093590F81EC90E09A
:1016900090935C0F80935B0F82EC90E090935E0FD1
:1016A00080935D0F86EC90E09093600F80935F0FC6
:1016B0001092620F1092630F1092640F1092650FD8
:1016C0001092FC1084E990E09093FE108093FD103E
:1016D00028E930E0309300112093FF102AE834E02D
:1016E00030930211209301112EE336E03093041160
:1016F000209303111092E6109093E8108093E71066
:101700002AE930E03093EA102093E91022E830E033
:101710003093EC102093EB1020EF32E03093EE107A
:101720002093ED101092D0109093D2108093D1108E
:101730008CE990E09093D4108093D31088EA92E0E3
:101740009093D6108093D5108CE191E09093D810AF
:101750008093D7101092BA1084EA90E09093BC1056
:101760008093BB102AEA30E03093BE102093BD1066
:101770002AEA36E03093C0102093BF1028E031E011
:101780003093C2102093C1101092A4109093A61011
:101790008093A5104CEA50E05093A8104093A710F6
:1017A00024E132E03093AA102093A9102AEC31E012
:1017B0003093AC102093AB1010928E109093901039
:1017C00080938F1068EA70E070939210609391108C
:1017D0002AEE34E0309394102093931028ED30E0FB
:1017E00030939610209395101092771010927810E5
:1017F00024E231E030937A1020937910E8E2F1E0AE
:10180000F0937C10E0937B10E4EEF2E0F0937E1016
:10181000E0937D10ECEFF2E0F0938010E0937F1006
:10182000109258101092591030935B1020935A1058
:10183000EAE2F1E0F0935D10E0935C10EAEBF3E094
:10184000F0935F10E0935E10E8E8F1E0F093611030
:10185000E09360101092391010923A1030933C10BF
:1018600020933B102CE231E030933E1020933D104A
:101870002AE635E03093401020933F102AEA32E008
:10188000309342102093411010921A1010921B10A6
:1018900090931D1080931C1070931F1060931E1066
:1018A00026EA31E0309321102093201020E832E026
:1018B00030932310209322101092FB0F1092FC0FF4
:1018C0009093FE0F8093FD0F509300104093FF0FF5
:1018D00082E595E0909302108093011082EA93E0F4
:1018E00090930410809303102091771F30E0409173
:1018F000761F50E06091751F70E089E091E1909350
:101900001E1180931D118DE49EE190931C11809314
:101910001B1185E091E19093201180931F1110928B
:101920003D1110923511109236111092371110920C
:10193000381180E09CEFA3E0B0E0809339119093E0
:101940003A11A0933B11B0933C118AEF90E0909331
:1019500034118093331110921A11109219118DE0E5
:1019600091E10F94B57A0F94747C209133113091EA
:101970003411621B730B81099109609321117093DB
:101980002211809323119093241121E02093031BB3
:101990002093041B8FEF9FE79093061B8093051BFA
:1019A0009093081B8093071B2093BC192093BD19AB
:1019B0009093BF198093BE199093C1198093C01959
:1019C0002093751820937618909378188093771841
:1019D00090937A188093791820932E1720932F17BD
:1019E0009093311780933017909333178093321769
:1019F0002093E7152093E8159093EA158093E91555
:101A00009093EC158093EB1520938015209381150E
:101A100090938315809382159093851580938415F8
:101A20002093191520931A1590931C1580931B155C
:101A300090931E1580931D152093B2142093B31418
:101A40009093B5148093B4149093B7148093B61404
:101A500020934B1420934C1490934E1480934D1468
:101A60009093501480934F142093E4132093E51324
:101A70009093E7138093E6139093E9138093E81310
:101A800020937D1320937E139093801380937F1374
:101A9000909382138093811320933A1320933B13E6
:101AA00090933D1380933C1390933F1380933E1388
:101AB0002093F7122093F8129093FA128093F91260
:101AC0009093FC128093FB122093B4122093B512D2
:101AD0009093B7128093B6129093B9128093B81274
:101AE0002093711220937212909374128093731248
:101AF000909376128093751220932E1220932F12BA
:101B0000909331128093301290933312809332125B
:101B10002093EB112093EC119093EE118093ED1133
:101B20009093F0118093EF112093A8112093A911A5
:101B30009093AB118093AA119093AD118093AC1147
:101B4000209365112093661190936811809367111B
:101B500090936A118093691120933E1120933F1155
:101B600090934111809340119093431180934211BF
:101B70001092E01E80E991E09093E21E8093E11EB6
:101B80008091431F4091421F0091411F2EE43CE190
:101B90003093731C2093721C22E53CE13093711C3E
:101BA0002093701C2AE43CE13093751C2093741C34
:101BB00010928E1C1092861C1092871C1092881C0A
:101BC0001092891C28E1C22E24EED22E23E0E22EB0
:101BD000F12CC0928A1CD0928B1CE0928C1CF0924B
:101BE0008D1C34E6C32ED12CE12CF12CC092821C2A
:101BF000D092831CE092841CF092851C21E030E09E
:101C000030936F1C20936E1C10E030E020E00093B6
:101C1000561C1093571C2093581C3093591C50E0AD
:101C200070E060E040935A1C50935B1C60935C1C16
:101C300070935D1CC82ED12CF12CE12CC0925E1C3F
:101C4000D0925F1CE092601CF092611C3095209550
:101C5000109501951F4F2F4F3F4F0093621C10931B
:101C6000631C2093641C3093651C7095609550959F
:101C700041955F4F6F4F7F4F4093661C5093671C99
:101C80006093681C7093691C2AE0829FC001112434
:101C9000092E000CAA0BBB0BB095A09590958195D1
:101CA0009F4FAF4FBF4F80936A1C90936B1CA093C4
:101CB0006C1CB0936D1C0F94747C0091821C10916D
:101CC000831C2091841C3091851C601B710B820B3E
:101CD000930B6093761C7093771C8093781C909381
:101CE000791C30917B1F20917A1F8091791F4DEBD9
:101CF0005EE15093211F4093201F43E55EE1509326
:101D00001F1F40931E1F49EB5EE15093231F40931A
:101D1000221F43EA5DE15093251F4093241F42EAAE
:101D20005DE15093271F4093261F44E150E060E09F
:101D300070E04093381F5093391F60933A1F70939F
:101D40003B1F40E550E060E070E040933C1F509343
:101D50003D1F60933E1F70933F1F40911C1F509189
:101D60001D1F452B09F14091161F5091171F5195CA
:101D7000419551095093171F4093161F4091181F0A
:101D80005091191F5195419551095093191F409336
:101D9000181F40911A1F50911B1F519541955109D1
:101DA00050931B1F40931A1F10921D1F10921C1F4F
:101DB0009091131F891709F4DEC08093131F20939D
:101DC000141F3093151F90E09093171F8093161FD8
:101DD000822F90E09093191F8093181F832F90E01B
:101DE00090931B1F80931A1F0F94747CE091261F01
:101DF000F091271F2081621B71098109910960936D
:101E0000281F7093291F80932A1F90932B1F1092D5
:101E10002C1F10922D1F10922E1F10922F1F809199
:101E2000461F20910A1E30E04091091E50E060914B
:101E3000081E70E0E9EFFEE1F093691DE093681D74
:101E4000E4E5FDE1F093671DE093661DE0E5FDE14B
:101E5000F0936B1DE0936A1D1092881D1092801DF7
:101E60001092811D1092821D1092831DC12C9CEF37
:101E7000D92E93E0E92EF12CC092841DD092851DBD
:101E8000E092861DF092871D0AEF10E010937F1DEF
:101E900000937E1D829581708093641D1092651D54
:101EA00088E59DE10F94B57A0F94747C20917E1D96
:101EB00030917F1D621B730B8109910960936C1D2A
:101EC00070936D1D80936E1D90936F1D80914B1DBF
:101ED00020910A1E30E04091091E50E06091081EDA
:101EE00070E0ECE0FFE1F093B01CE093AF1CEBE995
:101EF000FCE1F093AE1CE093AD1CE7E9FCE1F0934C
:101F0000B21CE093B11C1092CF1C1092C71C10920F
:101F1000C81C1092C91C1092CA1CC092CB1CD09233
:101F2000CC1CE092CD1CF092CE1C1093C61C0093EA
:101F3000C51C81708093AB1C1092AC1C8FE99CE196
:101F40000F94B57A0F94747C2091C51C3091C61CF7
:101F5000621B730B810991096093B31C7093B41CCD
:101F60008093B51C9093B61C1F910F91FF90EF903A
:101F7000DF90CF9008959091141F29131ECF909158
:101F8000151F39131ACF30CFCF93DF93CDB7DEB7FC
:101F90006C970FB6F894DEBF0FBECDBF0F94EA79F1
:101FA0008091491E8D7F8093491E0E9400F014C0CD
:101FB000F091961EF4FD7FC23091961E30FF06C050
:101FC0004091140B413011F40D94BEAC06EA10E0C0
:101FD000012B11F00D94099A2090780D3090790D15
:101FE0002320209449F0A091780DB091790D11969D
:101FF000B093790DA093780D3090770D3092760DD7
:1020000000911F0C0150063010F40D946F9A8091CE
:10201000620F2091630F90E0805C9F4F821B9109BB
:102020008F739927892B29F410911F0C17501230A8
:1020300010F40E94C6894090B60C40FE48C0409102
:10204000780D5091790DA0917A0DB0917B0DED91A5
:10205000FC9111970084F185E02D4F715527413097
:102060005105F1F012E0E434F10711F00D9400ADE8
:1020700059968C9159975A965C9090E0805C9F4F4E
:10208000851991098F73992781970CF1A0917A0D89
:10209000B0917B0DED91FC9111970084F185E02DBD
:1020A00022E0E434F20711F00D94FCAC59968C91C7
:1020B00059975A966C9090E0805C9F4F86199109D1
:1020C0008F7399271816190614F40E945E8D0F94C9
:1020D00052868090B20C9090B30CA090B40CB0904B
:1020E000B50C681579058A059B0540F41092AE0C75
:1020F0001092AF0C1092B00C1092B10C0F9452864B
:102100006093B20C7093B30C8093B40C9093B50CA5
:102110007FB6F894A090BF0AB090C00AC090C10AE0
:10212000D090C20A6A157B058C059D0510F40D94AC
:10213000299AC090BF0AD090C00AE090C10AF090DE
:10214000C20A6C197D098E099F09E0900A02F0907D
:102150000B0200910C0210910D027FBE6E157F05DF
:102160008007910710F40D9487A010924B1E1092D7
:102170004A1E10924C1E10929B1E10929A1E109294
:10218000631E1092651E1092350A1092360A109244
:10219000370A1092380A1092BF0A1092C00A1092A1
:1021A000C10A1092C20A1092340A1092330A109295
:1021B000320A3091491E3E7F3093491E5091961E3F
:1021C0005F7E5093961E1092AA1E1092B51E10921A
:1021D000B61E1092B71E1092B81E63E0ACE4BAE0CF
:1021E0001D926A95E9F776E0E6E4FAE011927A95B5
:1021F000E9F71092621E1092611E1092AA0C1092C2
:10220000A90C1092A80C1092A70C1092D11F10923A
:10221000D01F9090491E94FE02C00D9411B1F09011
:102220007C1FF1FC02C00D940DB1B091991EB07CE1
:10223000B093991EF091F41EF11106C02090F51E86
:10224000211002C00E94A4CB3FB6F8940091A60CC6
:10225000E091A40CF091A50C20810095022300834D
:102260003FBE1FB7F8944090A30CE091A10CF091F1
:10227000A20C40814094442240821FBF80916F0095
:102280008B7F80936F000E941B7150900F1D50FE3A
:1022900002C00D9406B1C090760DC7FE02C00D9429
:1022A000669AE090760DE6FE05C06091770D6F7B33
:1022B0006093770DA091760DA5FF05C07091770D05
:1022C0007F7D7093770D9090760D94FE02C00D94F3
:1022D00005A05090760D53FE02C00D94639F909020
:1022E000760D92FE02C00D94959D5091760D51FF92
:1022F00002C00D94A79A9090760D90FE02C00D94A6
:10230000739AB091B41FB770FCEFFB0FF23010F46A
:102310000D940D9AB73011F40D940D9A2091450C3F
:10232000277011F40D94159A213011F40D94CBA659
:102330004091531E5091541E6091551E7091561E2F
:10234000223011F40D9459A97A015093E91E40935B
:10235000E81EC0904A1ED0904B1E0AE21CE12AE003
:102360003CE14AE05BE160E183E09BE10F94934054
:102370008093641E8093631E90913A0C907711F4C1
:102380000D941F9A903111F40D94C0A64091450C04
:102390004770E090EC1EF090ED1E4230A9F4609181
:1023A000531E7091541E54E6569FC001579F900DC6
:1023B00011246091571E7091581E0F9496B97B019D
:1023C0007093ED1E6093EC1EC0904A1ED0904B1E81
:1023D0000CE919E12CE739E14CE758E160E185E7C8
:1023E00098E10F94934088520E94B15380937B1ED2
:1023F00080937A1EE091961EEB7FE093961E1091DB
:10240000031EA12FA87381F0A83011F40D94AEA97A
:10241000A03111F40D9429ACA83111F40D940CA93C
:10242000A03211F40D94B1AEF091981EFB7FF093A1
:10243000981E2091431E322F3873C9F1383011F4A1
:102440000D94CBA9303111F40D943DAC383111F419
:102450000D9429A9303211F40D9421AF90917A1E78
:1024600099835090450C53FE03C09090D21C9982E2
:10247000B980B0927A1EA090991EA1FE15C020903E
:10248000D31C2982E0903A0CE1FE0EC06091681ED8
:102490007091691E685D7F4F85EC9AE00F946F47DD
:1024A00079817F50780F7983D980D0927A1EB0914C
:1024B000491EB0FF7DCD20914A1E30914B1E211543
:1024C000310509F479CDE091E11EF091E21EA09171
:1024D000991EE217F30710F00D9469A29A2F9160EC
:1024E0009093991EA1FF0AC0AD7FA160A093991E91
:1024F00050910F1D50FF02C00D9474B01091660CE6
:1025000017FF02C00D94F7A80091401F0C7011F442
:102510000D9403A85090AA1E80914A1F851510F4AF
:102520000D94F7A88091661E80938A1E0E946558BC
:10253000FC0190937E1E80937D1E2090560B309060
:10254000570B0091531E1091541E2091551E30912F
:10255000561E8090540B9090550BB090631E70E8FF
:10256000B79EC0011124C29664E670E00F9482B950
:102570007A836983C090230C4C2D407C403811F441
:102580000D94BAA8B4E6EB2EF12C9B01403471F403
:10259000C8019695982F8827979587956091591E21
:1025A00070E00F9496B97B0129813A81D090660C36
:1025B000D4010F9481BA2B013C01A0903A0CA2FCEB
:1025C00002C00D941AA20091401F502F5C70583029
:1025D00011F40D9408ADD7FE02C00D9487AED3015F
:1025E000C201880F991FAA1FBB1F312D331F892FCE
:1025F0009A2F2B2FD901182F9D8BA9877B2E63E94A
:10260000A62EB12C4423C9F0392F4A2FD701212FF0
:10261000572D0F94F8B9DC01CB01880F991FAA1F21
:10262000BB1F312D331F892F9A2F2B2FD901182F24
:102630009D8BA9877B2E502F5C70583011F40D9420
:10264000C8AECF01B0E0A0E0E11502E0F00710F065
:102650000D94CBA1B695A79597958795212D279594
:10266000BA2FA92F382FC901009721E0A207B10581
:1026700010F00D944CABC2969C013695279536957B
:102680002795ABE7B4E10F942DBA96958795BC01D9
:1026900090E080E0212F3D894985572D0F943CBA69
:1026A000DC01CB01880F991FAA1FBB1F312D331FDF
:1026B000892F9A2F2B2FD901D090991E0097A10511
:1026C000B10511F40D9414A22101032C000C66082D
:1026D0007708480E591E6A1E7B1ED4FE26C0C5FE12
:1026E00024C020917F1E3091801E24563109D401D0
:1026F0000F9481BA61157105A1E08A07910510F068
:102700000D94CAB06E5C7F4F9B0136952795369528
:102710002795ABE7B4E10F942DBA96958795B0E075
:10272000A0E0480E591E6A1E7B1E41145104B1E000
:102730006B06710428F044244A94542C612C712CAB
:102740005A8649867201F0929B1EE0929A1E109161
:10275000E51EF12FFD7FF13011F40D94B7A012505A
:10276000123010F40D9423A1A091480C2091DA0AA4
:102770003091DB0A4091DC0A5091DD0AB0E00F9401
:10278000F8B96115710501E08007910510F00D940D
:10279000B2A16E5C7F4F9B013695279536952795A4
:1027A000ABE7B4E10F942DBA96958795BC0190E004
:1027B00080E09090440C92FC04C0660F771F881F45
:1027C000991F2091E61E223011F40D94CAAC10F42A
:1027D0000D946CA9243011F40D94D0AC283011F074
:1027E0000D9470A923E096958795779567952A951E
:1027F000D1F72B013C014114510411E06106710431
:1028000028F044244A94542C612C712C72011091AC
:10281000911D212F2470D1FE02C00D945CA52111C1
:102820000D9460A589849A844814590420F4509228
:102830009B1E40929A1E00911002023010F40D94DB
:10284000E1A740909A1E50909B1E50929D1E409270
:102850009C1E023011F40D94E5A750929F1E4092E9
:102860009E1E033011F40D94E9A75092A11E4092D0
:10287000A01E043011F40D94EDA75092A31E4092B7
:10288000A21E053011F40D94F1A75092A51E40929E
:10289000A41E063011F40D94F5A75092A71E409285
:1028A000A61E073011F40D94F9A75092A91E40926C
:1028B000A81E2091971E2F7D2093971E60914C1E7D
:1028C00070E084E49BE00F946F477C019093FE1EC0
:1028D0008093FD1EA0911602B0911702BE8BAD8BA6
:1028E000A817B90728F4B093FE1EA093FD1E7D0122
:1028F00020909A1E30909B1EB10190E080E00E94D3
:10290000B7308C01C090420BD090430BCE0CDF1C33
:102910005601C816D90610F00D9471AEED89FE89E6
:10292000AE0EBF1EA016B106D8F33F01A01AB10A21
:102930006A147B0438F48D899E89A81AB90A8A150D
:102940009B05C8F3E091440CE295EF70E150E8304C
:1029500010F40D94ABA21A861986912C812C312C7F
:10296000212C512C412C712C612CD090991ED1FC22
:1029700002C00D9497A20091DD1CB4E60B9FC0012C
:1029800011249E8B8D8B9093751E8093741E1091D5
:10299000D71C54E6159F80011124A091761EB0919A
:1029A000771EAB2B31F42D893E893093771E20930F
:1029B000761E6091791E70E08EED9AE00F946F475D
:1029C000482F8093781E843671F08D899E89C29637
:1029D00064E670E00F9482B9469F7001479FF00C47
:1029E0001124FE8AED8A6091460C66FF23C0D090C8
:1029F0004B1DD3FE1FC0E091761EF091771E8D898E
:102A00009E898E1B9F0BDC01CD88DE88D7FE02C01D
:102A10000D941AB09601359527952A173B0714F0A7
:102A20000D94CCAEAA0FBB1FED88FE88EA0EFB1EEC
:102A3000FE8AED8AED89FE89E00FF11F3091DC1CE2
:102A40003C71343011F40D9471A6303111F40D94B1
:102A50006BA691E09983C090DA0AD090DB0AE090EF
:102A6000DC0AF090DD0ACF01B0E0A0E0C816D9067C
:102A7000EA06FB0650F5309711F40D94FFA7D80134
:102A8000A70196010F9403BA8E179F0710F00D94BB
:102A9000FFA7AF010F94C26AF981AF2FFF0FBB0BE5
:102AA000B701A60100E1440F551F661F771F18F0FC
:102AB0006A177B0718F06A1B7B0B41600A9599F730
:102AC0008A01081B190B1E8B0D8B6D897E897093F3
:102AD000751E6093741E90E080E00E94B7300F94E2
:102AE0008968F090460CF6FE05C0E0911402F09162
:102AF00015021995E0911202F091130219959E8B1F
:102B00008D8B97FF02C00D943CA880911602909186
:102B10001702CD88DE888C159D054CF42D893E89E1
:102B2000281B390B3E8B2D8B82179307BCF310911A
:102B3000061F4091951E4B7F4093951E1E7E10935D
:102B4000061FF091401F3F2F307C11F40D9445A9D2
:102B5000B0915C0DB370B13011F40D940EACB23085
:102B600011F40D9469ADCC24CA94D12CEE24EA94CE
:102B7000712F7D7F7093061F3091951E3F7E30939D
:102B8000951E9091941E9F7D9093941EB091461F28
:102B9000B7FF02C00D94A1AC512F597F5093061F6F
:102BA000A091101EA670A63011F40D94B7B4009138
:102BB0006F0D037031F06F2F6C70683011F40D944D
:102BC0004EB7F090C11FFF2051F0F090481D90913A
:102BD0004C1EF91620F4FE1410F4CF2CD12CE090EA
:102BE000AF1EEE2039F08091731F90E08C159D058B
:102BF00008F46C01B4E6BC9D9001BD9D300D11241C
:102C0000C090B41ECC2041F04091B21E5091B31E32
:102C10004217530708F49A0180914A1E90914B1E67
:102C20009C8F8B8FD0903A0CD3FC02C00D944EA693
:102C300050916F0B8901AAE05A02000D111D112459
:102C4000EB8DFC8D0E171F0710F00D948EA1F091E7
:102C5000440CF2FD02C00D9495AF11E0F12C70E030
:102C6000E12C82E090E0A0E0B0E002E051E0409191
:102C7000DC1C4C714C3011F40D94A6AF4091CC1F6C
:102C80005091CD1F6091CE1F7091CF1F41155105FE
:102C90006105710581F44091B51E5091B61E609199
:102CA000B71E7091B81E4093CC1F5093CD1F6093F8
:102CB000CE1F7093CF1FC090B51ED090B61EE0906F
:102CC000B71EF090B81EC982DA82EB82FC826C01DA
:102CD0007D01C40ED51EE61EF71E89819A81AB8147
:102CE000BC818C159D05AE05BF0540F4AB8DBC8D38
:102CF000109110022A173B0708F08CC08B8D9C8D19
:102D0000821B930B74E6D72E97FF02C00D9448B533
:102D10003091110210911002912F131708F4932F84
:102D2000992309F467C0B0E0CC24CA942D893E8968
:102D30003A832983DD8ADB2EED89E43611F40D9484
:102D400088A06091CA1F1091C91FF090C81FE09021
:102D5000C71F61110EC011110CC0612FF11009C005
:102D60001F2D6F2DE11005C00D943AB7FE2CE62EF5
:102D7000652FF0E11F9FC00111241827712F7627BE
:102D8000562F56955727110F51271F2D543670F780
:102D9000F092C91FE092C81F6093C71F5093CA1FCB
:102DA0005F5F4D89541710F40D9488A06091D01F77
:102DB00021E030E00D2C01C0220F0A94EAF7043024
:102DC00011F40D94ECB0A091D11FA22BA093D11FB0
:102DD000622B6093D01FD39410911002E0901102E7
:102DE000E11608F4E12EDE1408F4A6CFC980DA80DB
:102DF000DE8ACD8A4091B51E5091B61E6091B71EF5
:102E00007091B81E4093CC1F5093CD1F6093CE1F7E
:102E10007093CF1FD090CB1FDD20B9F08091B51EED
:102E20009091B61EA091B71EB091B81E4E5F5F4F35
:102E30006F4F7F4F84179507A607B70730F00091B3
:102E4000D01F0093D11F1092CB1F112309F446C24B
:102E5000E0919A1EF0919B1EE090560BF090570B5C
:102E6000EE15FF0508F456C0B091D01FB0FF52C058
:102E7000D501AD88BE88AA19BB091A161B0614F421
:102E80000D9488B17091F310733021F0B090F3106D
:102E9000B11040C0109741F0C0901602D0901702B8
:102EA000AC0DBD1DB7FDFCCF20910F0B3091100B69
:102EB0004091110B5091120B0F9403BA6B017C01DE
:102EC00020E8C20ED11CE11CF11CCD2CDE2CEF2C15
:102ED000FF24D701C6010197A109B1098B3F9F4F7C
:102EE000A340B105B8F4AF0170E060E049835A83B4
:102EF0006B837C83F091F310F33011F40D94AFB831
:102F00008A019B01B701A6018FEE90E10F94327800
:102F100010911002123008F4E1C1E0919C1EF09172
:102F20009D1E4091560B5091570BE417F50708F47E
:102F300056C05091D01F51FF52C0D3016D887E887A
:102F4000A619B7091A161B0614F40D9486B08091C1
:102F5000DD10833021F07090DD10711040C01097AB
:102F600041F06091160270911702A60FB71FB7FDCE
:102F7000FCCF20910F0B3091100B4091110B509111
:102F8000120B0F9403BA6B017C0120E8C20ED11C16
:102F9000E11CF11CCD2CDE2CEF2CFF24D701C60147
:102FA0000197A109B1098B3F9F4FA340B105B8F428
:102FB000AF0170E060E049835A836B837C830091AA
:102FC000DD10033011F40D94EDB78F019B01B701B3
:102FD000A60189ED90E10F94327810911002133020
:102FE00008F47CC1A0909E1EB0909F1E2091560BAD
:102FF0003091570BA216B30608F451C0F090D01FC1
:10300000F2FE4DC0D2014D885E88A419B5091A168A
:103010001B0614F40D942CB13091C710333021F0FD
:103020005090C71051103BC0109741F0E09016022D
:10303000F0901702AE0DBF1DB7FDFCCF20910F0B16
:103040003091100B4091110B5091120B0F9403BA59
:103050006B017C0120E8C20ED11CE11CF11CCD2CBF
:10306000DE2CEF2CFF24D701C6010197A109B1097D
:103070008B3F9F4FA340B10590F4712C612CA09120
:10308000C710A33011F40D947FB893018501B701E7
:10309000A60183EC90E10F94327810911002143065
:1030A00008F41CC14090A01E5090A11EC090560B69
:1030B000D090570B4C145D0408F451C0D090D01F31
:1030C000D3FE4DC0D1012D883E88A219B3091A162E
:1030D0001B0614F40D9443B19091B110933021F07C
:1030E0003090B11031103BC0109741F0E0911602C2
:1030F000F0911702AE0FBF1FB7FDFCCF20910F0B51
:103100003091100B4091110B5091120B0F9403BA98
:103110006B017C0120E8C20ED11CE11CF11CCD2CFE
:10312000DE2CEF2CFF24D701C6010197A109B109BC
:103130008B3F9F4FA340B10590F4712C612CB0914F
:10314000B110B33011F40D94CAB893018201B701E4
:10315000A6018DEA90E10F9432781091100215309B
:1031600008F4BCC06090A21E7090A31E4091560B44
:103170005091570B6416750608F451C07091D01F1A
:1031800074FF4DC0D4018D889E88A819B9091A16FC
:103190001B0614F40D9471B1F0919B10F33021F0E3
:1031A00090909B1091103BC0109741F080911602B7
:1031B00090911702A80FB91FB7FDFCCF20910F0BFC
:1031C0003091100B4091110B5091120B0F9403BAD8
:1031D0006B017C0120E8C20ED11CE11CF11CCD2C3E
:1031E000DE2CEF2CFF24D701C6010197A109B109FC
:1031F0008B3F9F4FA340B10590F4B12CA12C50916F
:103200009B10533011F40D9453B895018301B7010D
:10321000A60187E990E10F943278109110021630E0
:1032200008F45CC0C090A41ED090A51E6091560BFF
:103230007091570BC616D70608F450C0B090D01F37
:10324000B5FE4CC0A985BA850D891E89A01BB10B9E
:103250001A161B0614F40D945AB1209185102330D0
:1032600021F070908510711039C0109741F0E090F6
:103270001602F0901702AE0DBF1DB7FDFCCF2091D6
:103280000F0B3091100B4091110B5091120B0F94BA
:1032900003BA4B015C0110E8810E911CA11CB11C0A
:1032A000892C9A2CAB2CBB24D501C4010197A10910
:1032B000B1098B3F9F4FA340B10580F4F12CE12C65
:1032C00030918510333011F40D9498B89701860130
:1032D000B501A40181E890E10F943278F090DC1CF4
:1032E000F7FE02C00D9448A81092260B1092250BF1
:1032F000D090D11FDD2009F470C0E0911202F0914E
:10330000130219959A83898360900E0270900F02C0
:1033100097FF02C00D9436AA6816790624F4861920
:1033200097099A838983E0911B0BF0911C0BA09164
:10333000230BB091240B309711F00D94D6A6498041
:103340005A80A419B509B7FD02C00D947BAB7091EA
:103350006610733011F40D9470AB10916610133039
:1033600011F40D9468A7109111021230B0F1E091A0
:10337000170BF091180BA091210BB091220B3097F5
:1033800011F00D943CAA49815A81A41BB50BB7FDDD
:1033900002C00D94ACAD70914710733011F40D94D0
:1033A0009DAD1330D0F08091150B9091160BA0912C
:1033B0001F0BB091200B49805A80009711F00D949B
:1033C0008FACA419B509B7FD02C00D94A0AB509104
:1033D0002810533011F40D9491ABF090961EF0FE2E
:1033E00002C00D94E68F7091140B713011F00D94A2
:1033F000E68F61E08091130B0F940286A091961ED8
:10340000A160A093961E06EA10E0012B11F40D9422
:10341000EC8F0F9404310D94EC8F0E9429DB2091E6
:10342000450C277011F00D949491E090531EF0908C
:10343000541EF092E91EE092E81E0D94A991E090CE
:10344000531EF090541EF092ED1EE092EC1E0D946F
:10345000E4917FBEE0911802F091190219953C01A8
:10346000B0E0A0E080934D1E90934E1EA0934F1E9F
:10347000B093501E90934B1E80934A1E9C012E5C6D
:103480003F4F3695279536952795ABE7B4E10F94D6
:103490002DBA9695879580934C1E672811F40D944C
:1034A0004B918FB6F8947090AD0CE091AB0CF0910D
:1034B000AC0CA0807A2870828FBE31E03093F01E71
:1034C000C090760DC7FC02C00D9451915091770DBC
:1034D0005F775093770D0F945C6C0D9451910E941F
:1034E000F38E0D9407901091770D1E7F1093770D3A
:1034F000B0904D1FB6FE02C00D94A4AAA0914A1E22
:10350000B0914B1EAB2B11F40D9456AC30901E1E97
:1035100030FC02C00D9481916091251E60FD02C0B7
:103520000D9481917090971E70915B0B798370FC64
:1035300002C00D9488AF872F0F94D28561E0892B4C
:1035400009F060E089810F9402860D948191709159
:10355000770D7D7F7093770D8091A00A89830F94FA
:10356000358689810F9435864091111D97FF02C0E1
:1035700090E080E050E020E031E0241B350BDC01DE
:103580000F9481BA6B017C01A0916A1EB0916B1EF1
:103590009A010F942DBA6C0D7D1D8E1D9F1D672FF6
:1035A000782F892F992770936B1E60936A1E80E98C
:1035B0009AE00F946F4788979093691E8093681ED6
:1035C00020906E1E30906F1E7090121D7982809137
:1035D000B10A89870F94358689850F94358697FFC0
:1035E00002C090E080E0498150E05A83498320E0A6
:1035F00031E0241B350BDC010F9481BA6B017C0197
:103600009A01D1010F942DBA6C0D7D1D8E1D9F1D49
:10361000672F782F892F992770936F1E60936E1EE6
:1036200081EA9AE00F946F47889790936D1E80937C
:103630006C1E8091B30A89830F94358689810F941B
:10364000358697FF02C090E080E025EF30E0DC0196
:103650000F9481BADC01CB01B695A7959795B695E5
:10366000A7959795892F9A2FAB2FB12D20912B1DC0
:10367000022E000C330B820F931FE091791EC12C98
:10368000D12C760197FD2FC06C01092E000CEE089D
:10369000FF08E73340F5873491052CF1A0914A1ECD
:1036A000B0914B1EAB2BF9F45090AB1E5092B20A66
:1036B000B091491EBF7EB093491E9FB6F8941091F9
:1036C000AD0CE091AB0CF091AC0CB0801B291083D9
:1036D0009FBEF091B41FF770F450F23010F40D94C7
:1036E0003BB5E091791E0091141D10E01A83098307
:1036F000A0E0B1E0A01BB10BA70196010F9403BAA3
:103700006B017C012E2F30E0D8010F942DBAC60E2C
:10371000D71EE81EF91ED092791E8091D41D8370A9
:1037200011F40D94B7A6E091BB0AF091BC0AD080C9
:103730004090BA0AD420F090D91DF6FE02C00D9434
:1037400086A6DD2011F40D948AA62091D51D27525E
:10375000330B4091681E5091691E4217530714F4B1
:103760000D948AA6C0905A1E6090D71D6C1410F05C
:103770000D948AA63090661E8090D81D381410F0E3
:103780000D948AA64091D61D50E0440F551F052E7A
:10379000000C660B770B0091531E1091541E209164
:1037A000551E3091561E041715072607370714F0CB
:1037B0000D948AA6A090DA1D44E6A49E70011124FF
:1037C0005091DB1D2091E01D249F10011124909148
:1037D000E11D1092E51E60914A1E70914B1EE61687
:1037E000F70610F00D9408B8549FD00111246A1701
:1037F0007B0710F00D9408B8F1E0F093E51E3091CE
:10380000961E32603093961EDFB6F8944090B90A47
:10381000E091B70AF091B80AF0804F284082DFBEED
:103820005091D41D5370523011F40D945EB99091A3
:103830007C0C937021F46091B41F6770A9F06091C3
:10384000681E7091691E685D7F4F8DE09CE00F944B
:103850006F4780938B1EE090121FE4FE05C02090FE
:103860006D0B820D80938B1E7090101E70FCABC090
:1038700060E06093041F71FC4BC060E06093051F23
:1038800070915C0B772311F40D947B91F7EBCF2EA5
:10389000FCE0DF2E10E000E0198259805092E01E1B
:1038A000F601B1916F01FB2FFC702091B60CF43042
:1038B00009F402C1422F417020FDE2C0322F367060
:1038C000363009F4DDC0922F977040E0943009F44F
:1038D00005C1A22FA57029F46B2F6370623009F423
:1038E000D4C0411104C12670263009F400C19430BF
:1038F00011F0A11104C0B370B33009F4FBC0898189
:103900008F5F89830E5F1F4F803139F60D947B9155
:103910000091151E10E02091141EC22E0C2C000CDC
:10392000DD08DA86C986F090BE0A8F2D0F943586A1
:103930008F2D0F94358697FF02C090E080E09801AC
:1039400009851A85201B310BDC010F9481BA9695ED
:1039500087957795969587957795672F782F892FF7
:10396000912D69837A838B839C832091051F30E09E
:10397000A6E9B0E00F942DBA6B017C01A981BA8150
:1039800049845A84A40DB51D2AE630E00F9481BA0B
:10399000C60ED71EE81EF91EF7FE05C01FEFC10EAA
:1039A000D11CE11CF11C9927F7FC9A958F2D7E2DD7
:1039B0006D2D2091151E30E0261737070CF4B90144
:1039C00077FF5CCF5ACF0091131E10E02091121E9A
:1039D000C22E0C2C000CDD08DA86C986F090BD0AD8
:1039E0008F2D0F9435868F2D0F94358697FF02C04B
:1039F00090E080E09801A985BA852A1B3B0BDC0189
:103A00000F9481BA96958795779596958795779532
:103A1000672F782F892F912D69837A838B839C83DD
:103A20007090101E2091041F30E0A6E9B0E00F94C2
:103A30002DBA6B017C01A981BA8189859A85A80F6D
:103A4000B91F2AE630E00F9481BAC60ED71EE81ED1
:103A5000F91EF7FE05C01FEFC10ED11CE11CF11CC1
:103A60009927F7FC9A958F2D7E2D6D2D2091131E91
:103A700030E0261737070CF4B90177FFFACEF8CEFD
:103A8000922F9770F83009F021CFF601E958FF4FD7
:103A900080818F730F94AA3F89870F94358689851B
:103AA0000F943586F801E054F14E97FF02C090E084
:103AB00080E09183808323CF922F9770933041F1E0
:103AC000973021F1953021F1963009F444C4422F0A
:103AD000417020FFFACE943009F0FBCE5B2F53707B
:103AE000523099F2A22FA570442309F4FCCEFC3089
:103AF00009F0FDCEF601E957FF4F80818F738F5F8C
:103B00000F94D285F801E054F14ED3CFB6FDF7CE35
:103B100020FFF5CEF801EA54F34F6189728977707E
:103B2000739589810F949582EACEF091770DFB7F92
:103B3000F093770D0F94EE3A0E9429DBB0907E0A45
:103B4000BB2009F498C0D090991ED0FC02C00D94FF
:103B5000FCAB10917D0AF0906A0B1F1510F40D94C8
:103B600077AF21E020937C0A2091660B30E04090F3
:103B7000681E5090691E8091121FA9014852510978
:103B80004415550514F00D94E3AB80628093121F29
:103B900060905A1E3090630B361410F40D94F5AB00
:103BA00083FD02C00D94C4AEE091730A8090680B4F
:103BB000E81510F40D9422B1877F8093121F309185
:103BC000640B5AE0359F60011124E0904A1EF0908A
:103BD0004B1EEC14FD0410F40D94D1A870904C1EF3
:103BE000A090650BA71410F40D94D1A86091720AEF
:103BF00050906B0B651510F00D9427B16F5F6093BB
:103C0000720AA0917B0AB1100D94DCA88F7E80937C
:103C1000121FAA23B9F05FB6F894A091600BA5FD1E
:103C200002C00D947CAF90917A0AE091780AF091ED
:103C3000790A0081902B9083B091121FBF7BB093C3
:103C4000121F5FBE9FB6F894F091600BF1FD02C0A9
:103C50000D9402ACB090760AE091740AF091750A66
:103C6000D080BD28B0822091121F2D7F2093121F7B
:103C70009FBE1092770A4091860C4370413011F438
:103C80000D9479A910F40D9435A8F89480918F0AB9
:103C900087FD8C5F181614F00D9417AE082E000CDB
:103CA000990BFC01EE0FFF1FEE0FFF1FE158F54FC0
:103CB00080809180A280B380880F991F880F991F00
:103CC000FC01E558F54F80819181A281B381881A6A
:103CD000990AAA0ABB0A7894F894F0908F0A8FEF99
:103CE0008F0D87FF02C083E08F0D181614F00D941E
:103CF00001AE082E000C990BFC01EE0FFF1FEE0F1A
:103D0000FF1FE158F54F4080518062807380880F1B
:103D1000991F880F991FFC01E558F54F808191810B
:103D2000A281B381481A590A6A0A7B0A7894F894E6
:103D300030918F0A8EEF830F87FF02C082E0830FDE
:103D4000181614F00D942DAE082E000C990BFC01E2
:103D5000EE0FFF1FEE0FFF1FE158F54FC080D1801F
:103D6000E280F380880F991F880F991FFC01E558A6
:103D7000F54F80819181A281B381C81AD90AEA0ADC
:103D8000FB0A78940F945286E0918F0AF0E0EE0FD0
:103D9000FF1FEE0FFF1FE158F54F008111812281B7
:103DA0003381601B710B820B930B613472448F4023
:103DB000910510F00D9435A8840C951CA61CB71C19
:103DC0006090001F7090011F7A8269823090890C88
:103DD000C701B601680D791D8A1D9B1D2BEA3AEAC1
:103DE0004AEA5AEA0F9488BA00E20F94B5BA490138
:103DF00094015695479537952795A091870CB091DA
:103E0000880C0F94F8B99B01AC0160E074EA83E977
:103E100096ED0F940BBA44275527E32DF0E0A0E070
:103E2000B1E0AE1BBF0B0F94F8B96B017C019F0191
:103E3000A981BA810F942DBADC01CB018C0D9D1D97
:103E4000AE1DBF1D892F9A2FAB2FBB27893EF3E0F4
:103E50009F0710F49A838983E980FA80F092011F0A
:103E6000E092001FE114F10411F40D9440B240916E
:103E70004A1E50914B1E4115510511F40D9490A806
:103E80009701A0E1B7E20F942DBA8417950710F0BF
:103E90000D9490A80F94C26AAC01A0918A0CB091C5
:103EA0008B0CCD010A978417950710F00D946CB810
:103EB0001A9691E04A175B0710F00D946CB8909336
:103EC000031F0D947591E091770DE77FE093770DD7
:103ED000A090491EA2FA552750F950FBA3F8A092D2
:103EE000491E3091701FC0907C1FC3FC04C0632F1B
:103EF000607436FF13C080916E0A37FD7EC00F9448
:103F0000D28551E0892B09F07EC0E090491E50FB1C
:103F1000E2F8E092491E6091701F6074552309F425
:103F20001CC77091491E73FF02C00D9475AE20909E
:103F30004A1E30904B1E3092B31E2092B21E109239
:103F4000AF1EB091951EBE7FB093951E1092B41E09
:103F5000662311F40D9407A890907F1FF4E69F9EAE
:103F6000800111242016310610F00D9407A8B0909E
:103F70005A1ED090D31DBD1410F40D9407A8309193
:103F8000860C337051F07090481EA090001FB090C6
:103F9000011F7A141B0409F100F15090731F54E6BD
:103FA000559E60011124E0903A0CE3FE07C0609139
:103FB0006F0BAAE06A02C00CD11C112420904A1E8B
:103FC00030904B1EC214D30440F471E07093AF1EC6
:103FD0009091951E91609093951E00911D0C1091EB
:103FE0001E0C0038110510F40D946F91B091941EC1
:103FF000B064B093941E0D946F910F94D28551E0EC
:10400000892B09F082CF50E080CF9091770D9F7E71
:104010009093770D0E944771B090401FB5FE43C04A
:1040200080914E1D8852990B2091681E3091691E17
:1040300028173907C4F1D090991ED0FE34C00E94D1
:10404000D669F091361EF6FD05C020901E1E20FC9C
:104050000E94666881E00F94A76B00919E0C0C7023
:1040600011F40D94E8A90F94CB59882311F40D9401
:10407000699180911F0C81110D9469910F94528662
:104080008090AE0C9090AF0CA090B00CB090B10CA2
:1040900086169706A806B90610F00D9469910F943C
:1040A000D0590D946991F0901E1EF0FC19C0B0918A
:1040B0006F00BB7FB0936F0010920C1F10920D1F0A
:1040C00010920E1F10920F1F1092580A1092590A48
:1040D00010925A0A10925B0A1092570A1092560ACE
:1040E0001092F91E1092FA1E1092FB1E1092FC1EE6
:1040F0001092520A1092530A1092540A1092550AC2
:104100001092510A1092500A10924F0A9ACFA2C9E7
:104110009091401F9295969596959370913011F4D9
:104120000D9464AF10F40D945EAF923011F40D94C1
:104130004BAF933011F00D9437AF81E090E00D2C30
:1041400001C0880F0A94EAF78095E091D11FE82317
:10415000E093D11FF091D01F8F238093D01F8D2D1E
:104160000F9417728D2D0F94E7710D94EB9640917B
:10417000DA1D94E620914A1E30914B1E499F20196A
:1041800031091124929FF001939FF00D1124209189
:10419000DB1D241B330B929FB001939F700D1124E4
:1041A000CF010F9496B98091DD1D882E912CB12CF2
:1041B000A12CA091DC1DA81BBB0B24E630E0261B24
:1041C000370B30E00F9481BA6115710501E080076B
:1041D000910510F40D94F8AA6E5C7F4F8F4F9F4F9E
:1041E0002EE33AE047ED53EA0F9488BA00E20F94C9
:1041F000B5BA29833A834B835C836D837E838F8337
:10420000988789819A81AB81BC8136E0B695A79564
:10421000979587953A95D1F7880D991DAA1DBB1DD5
:1042200074E6789FA001799F500D1124E40EF51ECD
:10423000FA86E986F0929B1EE0929A1E1250123086
:1042400010F00D94B4934091E01D94E620914A1E25
:1042500030914B1E499F201931091124929FF00182
:10426000939FF00D11242091E11D241B330B929F8D
:10427000B001939F700D1124CF010F9496B98091D6
:10428000E31D882E912CB12CA12CA091E21DA81B1E
:10429000BB0B24E630E0261B370B30E00F9481BACD
:1042A0006115710501E08007910510F40D9458AD7A
:1042B0006E5C7F4F8F4F9F4F2EE33AE047ED53EAFE
:1042C0000F9488BA00E20F94B5BA29833A834B83DE
:1042D0005C836D837E838F83988789819A81AB818C
:1042E000BC8116E0B695A795979587951A95D1F755
:1042F000880D991DAA1DBB1DB4E6B89F2001B99F6A
:10430000500C1124E984FA84E40CF51CFA86E98641
:10431000F0929B1EE0929A1E0D94B4931092061F89
:104320002091B51E3091B61E4091B71E5091B81E17
:104330008091DB1C90E0B0E0A0E0281739074A0725
:104340005B0728F0AFEFA093D11FA093D01F10916F
:1043500010020D942597B7FDD2CA422F417020FF5D
:10436000B4CAB7CA6E5C7F4F8F4F9F4F2EE33AE0BF
:1043700047ED53EA0F9488BA00E20F94B5BA590199
:10438000CA01B501E6E09695879577956795EA9518
:10439000D1F70D94D993E115F44010F00D9409ABC9
:1043A000B695A79597958795212D2795B695A795AD
:1043B000979587952795BA2FA92F382FC901009770
:1043C00041E0A407B10510F00D94D3AEC2969C0154
:1043D0003695279536952795ABE7B4E10F942DBA1E
:1043E00096958795BC0190E080E0212F3D89498515
:1043F000572D0F943CBADC01CB01880F991FAA1FDF
:10440000BB1F312D331F880F991FAA1FBB1F331FDE
:10441000892F9A2F2B2FD901D090991E0097A10593
:10442000B10511F00D9464931A861986E984FA8413
:104430000D94A393D7FE02C00D94DAACDC01CB013E
:10444000880F991FAA1FBB1F312D331F892F9A2F49
:104450002B2FD901182F9D8BA9877B2E442311F474
:104460000D94219383E9A82EB12C392F4A2FD7011F
:10447000212F572D0F94F8B9DC01CB01880F991F1C
:10448000AA1FBB1F312D331F892F9A2F2B2FD90124
:10449000182F9D8BA9877B2ED7FC02C00D942193EA
:1044A000D501212F3D894985572D0F94F8B9DC019D
:1044B000CB01880F991FAA1FBB1F312D331F892FD6
:1044C0009A2F2B2FD901182F9D8BA9877B2E0D9406
:1044D0002193A0FF06C03F972E173F0710F00D94C1
:1044E0007E92AE7FA260A093991E1092AA1E409069
:1044F0000F1D40FE02C00D941AAF1091660C11FF03
:1045000002C00D948092FFB6F894C090B81FC0FC12
:1045100002C00D9453B560905A0BE091580BF09186
:10452000590B808068286082FFBE0D947E92309186
:10453000660C32FF02C00D9439ADC090DE1CF4E66B
:10454000CF9EF0011124FE8BED8BF093751EE0934E
:10455000741E0D94C794F0E08827EE54FD458E4FED
:104560000D9458BA48039801A604AE01F0004A051C
:10457000980020066090400B7090410B6E0C7F1CE1
:104580006016710638F44D895E89640E751E6016DA
:104590007106C8F3601A710A6D897E896615770500
:1045A00038F48D889E886818790886149704C8F3B3
:1045B00040903E0B50903F0B4E0C5F1C4016510636
:1045C00038F42D893E89420E531E40165106C8F319
:1045D000401A510AAD89BE89A415B50538F42D8855
:1045E0003E884218530824143504C8F320903C0B2D
:1045F00030903D0B2E0C3F1C2016310638F4ED8810
:10460000FE882E0C3F1C20163106C8F3201A310AF2
:104610000D891E890215130538F4CD88DE882C1803
:104620003D08C214D304C8F31A861986912C812C34
:104630000D94B5946090400B7090410B6E0C7F1CF4
:104640006016710638F44D885E88640C751C60161F
:104650007106C8F3601A710AED89FE89E615F7053F
:1046600038F48D899E89681A790A86159705C8F3EA
:1046700040903E0B50903F0B4E0C5F1C4016510675
:1046800038F44D895E89440E551E40165106C8F314
:10469000401A510A6D897E896415750538F48D8834
:1046A0009E884818590884149504C8F35091460C04
:1046B0005073503311F40D9470B2F090961EF4FEC6
:1046C00007C02D893E892836314011F00E942CC93F
:1046D0009090911D92FE06C03091971E35FF02C04A
:1046E0000D9496B61A861986912C812C312C212C8A
:1046F0000D94B5946090400B7090410B2701460CCF
:10470000571C5A82498232014016510610F00D940E
:104710000AB62D893E89620E731E60167106D8F3A3
:10472000C901601A710A8615970538F48D889E882C
:104730006818790886149704C8F340913E0B50918D
:104740003F0BE40EF51E2701E016F10638F4AD89A3
:10475000BE894A0E5B1E40165106D8F3401A510A14
:10476000ED89FE89E415F50538F40D891E89401A96
:10477000510A04151505C8F33091460C30733033D7
:1047800011F40D9457B39091911D92FFABCFF0911E
:10479000971EF5FFA7CF6091A01E7091A11E90E01B
:1047A00080E00E94B730C816D90638F42D883E88BC
:1047B000C20CD31CC816D906C8F31601281A390A28
:1047C000CD88DE88C214D30438F46D897E89261A18
:1047D000370A62157305C8F329813A8149014D8969
:1047E0005E892817390758F489014D895E89040FBD
:1047F000151F08171907D8F31A8309834801881A67
:10480000990A4815590538F4AD89BE898A1A9B0A58
:10481000A815B905C8F3E816F90638F4ED89FE893C
:10482000EE0EFF1EE816F906C8F3E81AF90AFA8632
:10483000E9868D899E898E159F0510F00D94B5949B
:10484000A7016C014C195D09C416D506D8F35A8727
:1048500049870D94B5946090400B7090410BE60C25
:10486000F71C3701E016F10638F44D885E88640CB9
:10487000751C60167106D8F3601A710AAD89BE897D
:10488000A615B70538F4ED89FE896E1A7F0AE6157C
:10489000F705C8F3B091460CB073B03311F40D9422
:1048A00043B21091911D12FF06C05091971E55FF03
:1048B00002C00D9412B61A861986912C812C312CC7
:1048C000212C512C412C0D94B5946090400B70908C
:1048D000410B6E0C7F1C6016710638F44D885E88A3
:1048E000640C751C60167106C8F3601A710AAD89F4
:1048F000BE89A615B70538F4CD88DE886C187D080A
:10490000C614D704C8F340903E0B50903F0B4E0C9A
:104910005F1C4016510638F4ED89FE894E0E5F1E6D
:1049200040165106C8F3401A510A2D883E882414B7
:10493000350438F48D899E89481A590A84159505DD
:10494000C8F360913C0B70913D0B6E0D7F1D60179D
:10495000710738F48D889E88680D791D601771077E
:10496000C8F31B01201A310A2D893E89221533050F
:1049700038F44D895E89241A350A42155305C8F367
:10498000A0913A0BB0913B0BAE0DBF1DA017B10724
:1049900038F4CD88DE88AC0DBD1DA017B107C8F373
:1049A0004D01801A910A0D891E890815190538F4E0
:1049B000ED89FE898E1A9F0AE815F905C8F3F09172
:1049C000911DF2FF06C07091971E75FF02C00D94F5
:1049D000D3B51A8619860D94B5942090400B30906B
:1049E000410B2E0C3F1C31012016310610F00D94A6
:1049F0000EB64D885E88640C751C60167106D8F37F
:104A00004201601A710A8614970438F44D895E8950
:104A1000641A750A46155705C8F3B091460CB07371
:104A2000B03311F40D9405B41091911D12FF06C01E
:104A30005091971E55FF02C00D94F9B63090961E06
:104A400034FE39CF2D883E8828E6221621E0320632
:104A500009F431CF0E942CC92ECF7090911D72FCA9
:104A600002C00D94AB943090971E35FC02C00D949B
:104A7000AB9460919C1E70919D1E90E080E00E941E
:104A8000B730C816D90638F44D895E89C40ED51ED4
:104A9000C816D906C8F33601681A790A4D885E88A7
:104AA0004614570408F007CFAD89BE896A1A7B0AFD
:104AB000A615B705C8F3FFCE222311F40D941B945D
:104AC000292D22950FE020232983273020F093FC05
:104AD00002C00D941B94A985BA852A163B0610F0D6
:104AE0000D941B94A219B309BE8BAD8BB0939B1E82
:104AF000A0939A1EC090D80AD090D90A2D893E89D9
:104B0000D6010F942DBA6115710501E0800791055A
:104B100010F00D94F8AF6E5C7F4F9B013695279592
:104B200036952795ABE7B4E10F942DBA9695879506
:104B30004C01B12CA12C13FF02C00D94B4AFA09175
:104B4000D60AB091D70A2D893E890F942DBA6115E6
:104B5000710511E08107910510F00D9409B26E5CAA
:104B60007F4F9B013695279536952795ABE7B4E1A6
:104B70000F942DBA969587952C01712C612CC090BD
:104B80004A1ED0904B1EE090E81EF090E91E07ED03
:104B900015E127EC35E147E855E168E080E895E16B
:104BA0000F9493408983A4E6B0E0A81BB109A50146
:104BB00094010F94F8B96115710501E08007910522
:104BC00010F00D94F0B16E5C7F4F9B0136952795E8
:104BD00036952795ABE7B4E10F942DBA9695879556
:104BE000A090560BB090570B7501E80EF91EF0928D
:104BF0009B1EE0929A1E3980F091971E332011F48B
:104C00000D94DEB1F062F093971EA32DB0E0A301E6
:104C100092010F94F8B96115710521E082079105A1
:104C200010F00D9460B56E5C7F4F9B013695279513
:104C300036952795ABE7B4E10F942DBA96958795F5
:104C40008A0D9B1D90939D1E80939C1E1091440C79
:104C500012954FE014231983E12FE43011F40D94E1
:104C6000E6AFE53010F40D949DB0E63011F40D94EC
:104C7000CCB510F40D94B1B5E83011F00D94EAAF55
:104C8000F0929D1EE0929C1EF0929F1EE0929E1E4E
:104C9000F092A11EE092A01E0D945E946B8D7C8D0F
:104CA0002617370708F03ACB3091401F32953695DA
:104CB00036953370313011F40D94D8B110F40D9451
:104CC000CDB1323011F01092D11F1092D01F10913F
:104CD00010020D9425977091911D7370723009F434
:104CE0001AC68091440C82958F70823008F48CC66D
:104CF00090E0959587958983BF01689FF001699F32
:104D0000F00D789FF00D11240D942B95DD2011F4FA
:104D10000D94A59B1092E51E7091961E7D7F709359
:104D2000961E7FB6F8945090B90AE091B70AF091B8
:104D3000B80AB08150945B2250827FBE9FB6F8942F
:104D40001091B60AE091B40AF091B50AB0801095BE
:104D50001B2110839FBE0D94179C1092AF1EA09133
:104D6000951EAE7FA093951E1092B41E36C9109268
:104D7000E51E3091961E3D7F3093961E0D94179C34
:104D8000E0905A1EF12CEE0CFF1CF092ED1EE0920A
:104D9000EC1E0D94E491E0905A1EF12CEE0CFF1CD9
:104DA000F092E91EE092E81E0D94A99149815A8182
:104DB0004E1B5F0B57FF02C00D94ADAEAE1BBF0B79
:104DC000B7FF02C00D94A9AEA41BB50BB7FF11C06D
:104DD00090916610933011F00D94AD998824992428
:104DE000861897088A169B0614F00D94AD99A60DA7
:104DF000B71D20910F0B3091100B4091110B50916A
:104E0000120B0F94F8B96B017C0110E8C10ED11C94
:104E1000E11CF11CCD2CDE2CEF2CFF24D701C601A8
:104E20000197A109B1098B3F9F4FA340B10510F035
:104E30000D94AD993090D11F30FC02C00D94AD9906
:104E40008090741E9090751E6091250B7091260BBA
:104E5000860E971EB12CA12CB0916610B33011F4C0
:104E60000D94F2B48092621090926310A09264103C
:104E7000B0926510F894E0917910F0917A10008169
:104E80001181F694E794D794C794F694E794D79455
:104E9000C794C00ED11ED0927010C0926F10E091D6
:104EA0007B10F0917C10E0906F10F0907010F18208
:104EB000E08251E0509366107894E0917F10F09179
:104EC0008010199510916610133011F00D94B3995C
:104ED000A090190BB0901A0B29803A802A143B0439
:104EE00014F00D94B3999090DB1C91100D94B3992C
:104EF000B090460CB6FE02C00D94B399E091120238
:104F0000F091130219959A838983A0910E02B091B2
:104F10000F0269807A8077FE02C00D9401B673019A
:104F2000A615B70524F4EA1AFB0AFA82E9828091F1
:104F3000190B90911A0B49815A814817590714F09F
:104F40000D9440B5841B950B0E947D4430916610F2
:104F5000333011F00D94B3998090250B9090260B6F
:104F6000680D791D811D911D409062105090631055
:104F7000609064107090651064157505860597053E
:104F800010F00D94B399F894C0902401D0902501AD
:104F90009695879577956795969587957795679573
:104FA0006C0D7D1D70937210609371108091711063
:104FB00090917210909329018093280178940D9418
:104FC000B39910929D1E10929C1E10929F1E1092DB
:104FD0009E1E1092A11E1092A01E1092A31E10924F
:104FE000A21E1092A51E1092A41E1092A71E10922F
:104FF000A61E1092A91E1092A81E0D9459948FEF10
:105000009FEF0D944C9580918A1E0D949492F09090
:105010007C1FF3FC02C00D94ED9F4090B21E509097
:10502000B31E20917F1F14E6219F300111244614E6
:10503000570410F40D94ED9F30903A0C33FE07C0E6
:1050400040916F0B8AE04802400C511C1124809063
:105050004A1E90904B1E4814590410F00D94ED9F79
:10506000E1E0E093B41E0D94ED9F1092011F1092A9
:10507000001F90E00D945F9F7C018091160290913B
:105080001702E80EF91EFE8AED8A67010D948B95D2
:105090005090991E51FC02C00D947499A090270B5A
:1050A000A4FC02C00D947499A091741EB091751E59
:1050B0001D01220C331C2A0E3B1E3092260B20921F
:1050C000250BE0914A1EF0914B1EEA3FF10510F0CE
:1050D0000D9478998091230B9091240B05979093D0
:1050E000240B8093230BA091210BB091220B1597D9
:1050F000B093220BA093210BE0911F0BF091200B9A
:105100003597F093200BE0931F0B80911D0B90912E
:105110001E0B059790931E0B80931D0B0D94789991
:105120004FEF5FEFE091920CF091930CDF011A9733
:10513000A417B50738F43A9695E04E175F0710F4B8
:105140000D945F9F9091031F0091940C1091950C0A
:10515000B8016A5071096417750710F00D945F9FCC
:10516000065F1F4F4017510710F00D945F9F96E0A8
:105170000D945F9F98013695322F222737952795FA
:105180002E5C3F4F3695279536952795ABE7B4E1D2
:105190000F942DBA7C01F694E79429813A810D94FD
:1051A000D69284608093121F1092720AA0917B0A9B
:1051B000BB2011F40D94069EE091700AF091710AE3
:1051C0002090600B22FE87C70081B0916F0A0B23ED
:1051D00009F487C7F82FF16090907C0A992021F09C
:1051E000182F1C7209F4CEC48F2F0D94069EC09008
:1051F0004A1ED0904B1EE090E81EF090E91E0EE093
:1052000017E12EEE36E14EEE55E160E187EE95E1D5
:105210000F9493400D949492107C09F034C5009142
:105220004A1E10914B1E8091041E9091051E8017FE
:10523000910710F00D9414927091961E7460709303
:10524000961E0F9491718093651E8093631E0D943A
:105250001492207C09F02EC5A0914A1EB0914B1EDD
:105260008090441E9090451E8A169B0610F00D9467
:105270002E925091981E54605093981E0F942B714B
:10528000898380937C1E0D9431929091951E9F7E10
:105290009093951E7091941E7F7D7093941ECC24E4
:1052A000CA94D12CEE24EA94197F1093061F0D9412
:1052B000E19534E6349FC001359F900D1124609133
:1052C000571E7091581E0F9496B97B017093E91E7A
:1052D0006093E81E0D94A991213011F40D94F99377
:1052E00030E050E040E00F940BBACA01B9010D94D0
:1052F000F9936091870C7091880CE0919E0CE29577
:10530000EF70F0E0EE0FFF1FE054F14EA080B1808F
:105310006115710521F0C5010F9496B95B014091AB
:10532000890C50E0A091001FB091011F9A010F94C9
:105330002DBA6B017C0120E031E0241B350BD50137
:105340000F942DBAC60ED71EE81EF91ECD2CDE2CEA
:10535000EF2CFF24DA82C9820D942C9F0F94917157
:105360008093651ED090641E8D9D9001112436950A
:10537000279536952795ABE7B4E10F942DBA96950E
:1053800087958F3F910509F008F45FCFBFEFB09389
:10539000631E0D9414921091981E14601093981E21
:1053A0000F942B7180937C1E87FDBAC500917B1EE4
:1053B0008002C001112464E670E00F9482B9603865
:1053C000710514F40D94B4B48FE789830D94319270
:1053D0008090131DC82CD12CDA82C98200E011E024
:1053E0000C191D09912CB12CA12C2801F12CE12CB8
:1053F0002091401F2C7009F033C61092711E10923C
:10540000701E1092661E4091721E5091731E5A8338
:10541000498370906D0A872D0F943586872D0F94E0
:10542000358697FF02C090E080E0DC01A701920181
:105430000F9403BA6B017C01A981BA81A501940183
:105440000F94F8B96C0D7D1D8E1D9F1D672F782F51
:10545000892F99277093731E6093721E8DE59AE0D1
:105460000F946F478093671E0D9433A0860D971D90
:105470009A8389830D94939969817A816E1B7F0B3E
:1054800077FDE7C5AE1BBF0BB7FDDCC5A61BB70B91
:10549000B7FF15C090914710933011F00D94D1993A
:1054A00020900E0230900F02662477246218730851
:1054B0006A167B0614F00D94D199A20DB31D2091AC
:1054C0000F0B3091100B4091110B5091120B0F9458
:1054D000F8B96B017C0120E8C20ED11CE11CF11C63
:1054E000CD2CDE2CEF2CFF24D701C6010197A1099A
:1054F000B1098B3F9F4FA340B10510F00D94D19996
:105500007090D11F71FC02C00D94D1998090741ECF
:105510009090751EA091250BB091260B8A0E9B1EB4
:10552000B12CA12CB0914710B33011F40D9479B582
:1055300095018401B701A60183E490E10F94EC7713
:10554000109111020D94D1992090511E3090521E4D
:10555000D090161DD9828091C30A89870F94358611
:1055600089850F94358697FF02C090E080E0E9803E
:10557000F12CFA82E98220E031E02E193F09DC01AA
:105580000F9481BA8B012C0129813A81D1010F94AA
:105590002DBAA2019801260F371F481F591F232F2C
:1055A000342F452F55273093521E2093511EF090D3
:1055B000600CCF2CFF0CDD08A091610CB091620C47
:1055C000AC19BD09442755270F94F8B996958795CE
:1055D0007795969587957795672F782F892F912DB9
:1055E0006C0D7D1D77FD60E06093591E0D94869AC9
:1055F0006E5C7F4F9B013695279536952795ABE7D7
:10560000B4E10F942DBA96958795B0E0A0E00D9483
:105610000CA1B295B07FA295BA27A07FBA27929528
:10562000A927907FA92782959827807F9827880FA0
:10563000991FAA1FBB1F009751E0A507B10508F0ED
:10564000D6C3C2969C013695279536952795ABE72C
:10565000B4E10F942DBA96958795BC0190E080E057
:10566000212F3D894985572D0F943CBADC01CB0190
:1056700082958F70929589279F708927A2959A2786
:10568000AF709A27B295AB27BF70AB27B695A79599
:10569000979587950D945C93BC01CD016E5C7F4F0F
:1056A0008F4F9F4F2EE33AE047ED53EA0F9488BAAD
:1056B00000E20F94B5BA29833A834B835C836D83F0
:1056C0007E838F83988769817A818B819C81E6E0D4
:1056D0009695879577956795EA95D1F70D944A93B6
:1056E000CC24DD24C618D708CA16DB0614F00D94A6
:1056F000AD99A60DB71D20910F0B3091100B409165
:10570000110B5091120B0F94F8B96B017C0100E85A
:10571000C00ED11CE11CF11CCD2CDE2CEF2CFF2483
:105720007DCBA0900E02B0900F02222433242A18C1
:105730003B082A163B0614F00D94ED99AA0DBB1DEB
:1057400020910F0B3091100B4091110B5091120BC7
:105750000F94F8B96B017C0100E8C00ED11CE11C6C
:10576000F11CCD2CDE2CEF2CFF24D701C6010197B4
:10577000A109B1098B3F9F4FA340B10510F00D94D3
:10578000ED995090D11F52FC02C00D94ED9980907C
:10579000741E9090751E6090250B7090260B860CE1
:1057A000971CB12CA12C30912810333011F40D949A
:1057B00066B695018401B701A60184E290E10F94D9
:1057C000EC770D94ED99295231094216530614F0E5
:1057D0000D94C89D8F7D8093121F60905A1E30904B
:1057E000630B361410F00D94D09D88608093121FC7
:1057F0001092730A0D94DF9D10927D0A10927C0A1C
:105800000D94B49D1091760AE091740AF091750A96
:1058100080811095182310830D94339EE090E61C30
:10582000D0904C1EDE1408F08AC2F090E51CE09186
:10583000FE0AFE1628F48091E31CD81608F07FC2F9
:105840002091951E2B7F2093951ECE2CD12C0D944C
:10585000B8950F9491718093651E9091641E492FA5
:10586000480F5527551F4F3F510511F008F08ECDB9
:10587000890F8093631E0D9414928091981E84600A
:105880008093981E0F942B7180937C1E20917B1E19
:10589000082E000C990B820F911D27FD9A958038D8
:1058A00091050CF091CD89830D9431920F9452861D
:1058B000605472448F4091096FB6F8948090BF0A8B
:1058C0009090C00AA090C10AB090C20A68157905EC
:1058D0008A059B0508F42EC1A090BF0AB090C00AAB
:1058E000C090C10AD090C20A6A197B098C099D092F
:1058F000E0900A02F0900B0200910C0210910D0250
:105900006FBE6E157F058007910708F414C10F94D0
:10591000D56A0D94869AB1E0B9830D942B95481AF7
:10592000590A5A82498257FC2CC4A81BB90BB7FDEF
:1059300021C429813A81A21BB30BB7FF01CF0D947B
:10594000E7994091781F50E0440F551F9A01550F79
:10595000440B550B8091531E9091541EA091551EDF
:10596000B091561E281739074A075B0714F00D94AB
:10597000CC9572607093061F0D94E59560E0809160
:10598000130B0F9402866091961E6E7F6093961E95
:105990000D94E68F96958795779567950D94F99375
:1059A0009695879577956795969587957795679559
:1059B0000D94F993B091520C20E8B29FC0011124CC
:1059C00060918A1E70E00F9496B95B01D301C20109
:1059D000880F991FAA1FBB1F312D331F892F9A2FA4
:1059E0002B2FD901182F9D8BA9877B2E442311F4CF
:1059F0000D9450A20D9435A2CD0119950D9462908D
:105A0000CD0119950D94449051E059830D942B9537
:105A10003091AA1E60914A1F6983631710F00D949C
:105A2000EB92A091661E90E8A99FC001112460919D
:105A30008A1E70E00F9496B95B01D301C201880FF2
:105A4000991FAA1FBB1F312D331F892F9A2F2B2F70
:105A5000D901182F9D8BA9877B2E41110D9404939A
:105A60005090AA1E8981851510F00D9421930D94F4
:105A700050A2C0904A1ED0904B1EE090EC1EF090B9
:105A8000ED1E0DE511E125E531E145E451E164E06C
:105A90008EE391E10F94934074E6879F8001112477
:105AA0001E8B0D8B1093751E0093741E0D94C7945E
:105AB0006E5C7F4F9B013695279536952795ABE712
:105AC000B4E10F942DBA96958795B0E0A0E00D94BF
:105AD00078A16091681E7091691E685D7F4F8EEE9F
:105AE0009AE00F946F47E82E10914C1E811708F032
:105AF00004C31091061F5091951E54605093951E3B
:105B000011616C01DD24F091401FAF2FA07C712F3B
:105B10007D7F7093061F0091951E0F7E0093951E4A
:105B20006091941E6F7D6093941EAA2309F4BCCBF0
:105B30000D94C6956FBE0D94869AE0900E02F0907B
:105B40000F02882499248E189F088A169B0614F049
:105B50000D94D199AE0DBF1D20910F0B3091100BFC
:105B60004091110B5091120B0F94F8B96B017C010D
:105B700000E8C00ED11CE11CF11CCD2CDE2CEF2C5A
:105B8000FF24B2CC81618093121FAA23C1F0BFB65B
:105B9000F894D090600BD5FC02C00D942DB94090C4
:105BA0007A0AE091780AF091790A4081409444227F
:105BB00040823091121F30643093121FBFBE50914B
:105BC000770A6090690B561510F40D941DB93FB615
:105BD000F8948090600B81FC02C00D9422B9709003
:105BE000760AE091740AF091750AA08070947A2088
:105BF00070826091121F62606093121F3FBE0D940D
:105C00003B9E40907F0A5090800A6090810A70907D
:105C1000820AC0908B0AD0908C0AE0908D0AF09096
:105C20008E0A4C185D086E087F080D94969E809031
:105C30007F0A9090800AA090810AB090820A4090DA
:105C40008B0A50908C0A60908D0A70908E0A84188E
:105C50009508A608B7080D946B9EC0907F0AD09057
:105C6000800AE090810AF090820A60918B0A70911C
:105C70008C0A80918D0A90918E0AC61AD70AE80A7A
:105C8000F90A0D94C19E103409F459C3103809F46F
:105C9000D6C6103C11F00D941492B0908E1E8090D8
:105CA000041E9090051EB814190409F010F40D9408
:105CB0001492C2CA203409F459C3203809F4CDC65D
:105CC000203C11F00D942E9270908E1E4091441E37
:105CD0005091451E7416150609F010F40D942E927D
:105CE000C8CA6D887E880D9496941092AF1E9091CC
:105CF000951E9E7F9093951E1092B41E662309F404
:105D000086C92090B21E3090B31E0D94AC9FD30173
:105D1000C201880F991FAA1FBB1F312D331F892F66
:105D20009A2F2B2FD901182F9D8BA9877B2E33E912
:105D3000A32EB12C41110D9404930D941B9340910B
:105D4000951E44604093951E1160CE2CD12C0D946D
:105D5000B895A60DB71D0D94E4A6460D571D0D94DC
:105D6000DEA68091C40A0F94D2855090061E56FA82
:105D7000992490F8998A1A8A69887A8886159705ED
:105D800011F00D94149258CA1092730A0D94DF9D6D
:105D9000F0904A1FF98264CE1A161B0614F00D9477
:105DA0001A950D941495BC01CD016E5C7F4F8F4FF9
:105DB0009F4F2EE33AE047ED53EA0F9488BA00E292
:105DC0000F94B5BA29833A834B835C836D837E83BA
:105DD0008F83988769817A818B819C8126E0969553
:105DE0008795779567952A95D1F70D94F5A1BC0114
:105DF000CD016E5C7F4F8F4F9F4F2EE33AE047ED12
:105E000053EA0F9488BA00E20F94B5BA29833A8313
:105E10004B835C836D837E838F83988769817A81CE
:105E20008B819C81A6E09695879577956795AA9535
:105E3000D1F716CC60E08091A00C0F9402860D94EF
:105E40007DA28091D50A0F94D2854090461E46FAD5
:105E5000FF24F0F8FB8A1C8ACB88DC888C159D0512
:105E600009F407CA30907A1E39820D94319281E08C
:105E700090E00D2C01C0880F0A94EAF78095B0914C
:105E8000D11FB823B093D11F2091D01F82238093BC
:105E9000D01F0D94EB9681E090E00D2C01C0880F8F
:105EA0000A94EAF7782F70955091D01F572350939A
:105EB000D01F8D2D0F9417720D94EB96C092D11FA9
:105EC000C092D01F0D94EB9681E090E00D2C01C0A4
:105ED000880F0A94EAF7182F1095F090D11FF1223D
:105EE000F092D11F8D2D0F94E7710D94EB961F5FEB
:105EF00010937D0A0D94B49D20907A0AE091780A5F
:105F0000F091790A70812094272220820D941C9EA2
:105F1000872F661F6627661F0F9402860D94819156
:105F200010927C1E19820D94319212E0F12C70E0D7
:105F3000E12C84E090E0A0E0B0E004E052E0409189
:105F4000DC1C4C714C3011F00D943E966091460C67
:105F50006073603311F00D943E96812F9F2DA72F13
:105F6000BE2D052F0D943E9690929B1E80929A1EF8
:105F7000481459046A047B0408F06DC29091971E7E
:105F800090629093971EF0929B1EE0929A1E910150
:105F900050E040E02419350946095709280D391DFC
:105FA0004A1D5B1DA091D60AB091D70A0F94F8B98B
:105FB000A6010F94D044820D931D90939D1E809353
:105FC0009C1EE981E43011F00D9431A6B090460C8E
:105FD000B4FCC1C590939F1E80939E1E9093A11EFA
:105FE0008093A01EF0929D1EE0929C1E0D945E94E4
:105FF0006E5C7F4F8F4F9F4F2EE33AE047ED53EAA1
:106000000F9488BA00E20F94B5BA29873A874B8774
:106010005C876D877E878F87988B89849A84AB8411
:10602000BC84F6E0B694A79497948794FA95D1F738
:106030000D949BA52FEF3FE34FEF5FE75E8B4D8BFA
:106040000D940D95A0900E02B0900F02AA0DBB1DED
:106050001DCA20910E0230910F02620F731F12CAE7
:106060006090701E7090711E30905C0A832D0F94AA
:106070003586832D0F94358697FF02C090E080E02F
:106080009801DC010F9481BA6B017C0129813A816E
:10609000D3010F942DBA6C0D7D1D8E1D9F1D672F92
:1060A000782F892F99277093711E6093701E8DE54C
:1060B0009AE00F946F478093661E1091131D812EF6
:1060C000912CB12CA12C412C55245394411A5108E8
:1060D000F12CE12C98C9708190916F0A792309F411
:1060E00079C88E7F0D94069E61E08091A00C0F947C
:1060F00002861091660C0D9480926C01DD24109143
:10610000061FF091401FAF2FA07C01CD20910F0BF7
:106110003091100B4091110B5091120B0F9403BA58
:106120006B017C0100E8C00ED11CE11CF11CCD2CE0
:10613000DE2CEF2CFF240D94CE97E13011F40D945A
:106140005E94E33009F046CF9093A11E8093A01E89
:106150009093A31E8093A21E9093A51E8093A41ECD
:10616000F0929D1EE0929C1EF0929F1EE0929E1E59
:106170000D945E9460910E0270910F02A60FB71FEE
:10618000D8CBC0900E02D0900F024C0C5D1C5A82EE
:106190004982CBCB6E5C7F4F8F4F9F4F2EE33AE00F
:1061A00047ED53EA0F9488BA00E20F94B5BA2983F9
:1061B0003A834B835C836D837E838F839887898149
:1061C0009A81AB81BC8176E0B695A7959795879526
:1061D0007A95D1F70D949193462F50E00D2C02C083
:1061E000569547950A94E2F740FF02C00D94E39656
:1061F0008091401F807C803C11F00D94E39630919B
:10620000CB1F322B3093CB1F0D94E89660E080912A
:10621000A00C0F9402860D944B910E9447D50D94CB
:1062200015919FB7F894B090AD0CE091AB0CF09144
:10623000AC0CD080B094BD20B0829FBF1092F01EF5
:106240000D940F91EF5FE093730A0D94DF9D8B7FA8
:106250008093121F0D94019E20910F0B3091100B13
:106260004091110B5091120B0F9403BA6B017C01FA
:1062700000E8C00ED11CE11CF11CCD2CDE2CEF2C53
:10628000FF240D94339820910F0B3091100B409107
:10629000110B5091120B0F9403BA6B017C0100E8B3
:1062A000C00ED11CE11CF11CCD2CDE2CEF2CFF24E8
:1062B0000D94939820910F0B3091100B4091110B7E
:1062C0005091120B0F9403BA4B015C0100E8800E51
:1062D000911CA11CB11C892C9A2CAB2CBB240D94B5
:1062E000549920910F0B3091100B4091110B50914C
:1062F000120B0F9403BA6B017C0100E8C00ED11C95
:10630000E11CF11CCD2CDE2CEF2CFF240D94F39816
:1063100020910F0B3091100B4091110B5091120BEB
:106320000F9403BA6B017C0100E8C00ED11CE11C84
:10633000F11CCD2CDE2CEF2CFF240D94699780915D
:10634000041E9091051EB0E0A0E0E090531EF09076
:10635000541E0091551E1091561E8E159F05A007C4
:10636000B10714F00D9414920D941CA98091441E51
:106370009091451EB0E0A0E06090531E7090541EB6
:106380008090551E9090561E86159705A805B90554
:1063900014F00D942E920D9439A99FEF9093D11F74
:1063A0009093D01F1092061F109110020D94259704
:1063B0001092D11F109110020D942597FF7DF0933C
:1063C000971E10929D1E10929C1E1091440C1295C7
:1063D0007FE01723198390E080E0E12F0D942DA634
:1063E0006E5C7F4F8F4F9F4F2EE33AE047ED53EAAD
:1063F0000F9488BA00E20F94B5BA1901DA01C1010D
:1064000036E0B695A795979587953A95D1F70D946F
:10641000F0A56E5C7F4F8F4F9F4F2EE33AE047ED24
:1064200053EA0F9488BA00E20F94B5BA29833A83ED
:106430004B835C836D837E838F83988749805A80EA
:106440006B807C8066E076946794579447946A9555
:10645000D1F70D94BFA57101E80CF91CF0929B1EB9
:10646000E0929A1E3091971E3F7D3093971E1092B6
:106470009D1E10929C1E90E080E0E9810D942DA657
:1064800090E00D945F9F50907C1F52FC02C00D94D1
:1064900051A440914A1E50914B1E6091E81E70918C
:1064A000E91E91018AE393E10F946D6A90939B1E1C
:1064B00080939A1E20919C1E30919D1E40914A1EF1
:1064C00050914B1E6091E81E7091E91E87EF92E19A
:1064D0000F946D6A90939D1E80939C1E0D945BA4F7
:1064E000D090491ED0FC02C00D945DA32D883E883B
:1064F00080ED92E020ED221622E0320651F00E945B
:1065000070CAE090FD1EF090FE1E809116029091E0
:10651000170260913C0B70913D0B6E0D7F1D601753
:10652000710728F4680F791F60177107D8F31B01F2
:10653000201A310A8215930528F4281A390A82157F
:106540009305D8F380903A0B90903B0B8E0C9F1CD8
:106550008016910628F4880E991E80169106D8F3AD
:10656000801A910A8815990528F4881A990A8815BD
:106570009905D8F32091380B3091390BE20EF31EB8
:10658000E016F10628F4E80EF91EE016F106D8F33D
:10659000E01AF10AFA86E9868E159F0540F4A701F4
:1065A000481B590B84179507D8F35A874987909150
:1065B0007C1F92FD02C00D94B59420919A1E3091DB
:1065C0009B1E40914A1E50914B1E6091E81E709197
:1065D000E91E8AE393E10F946D6A90939B1E80936A
:1065E0009A1E20919C1E30919D1E40914A1E5091F2
:1065F0004B1E6091E81E7091E91E87EF92E10F94A7
:106600006D6A90939D1E80939C1E20919E1E3091DA
:106610009F1E40914A1E50914B1E6091E81E709142
:10662000E91E84EB92E10F946D6A90939F1E809314
:106630009E1E2091A01E3091A11E40914A1E509195
:106640004B1E6091E81E7091E91E81E792E10F9464
:106650006D6A9093A11E8093A01E2091A21E30917E
:10666000A31E40914A1E50914B1E6091E81E7091EE
:10667000E91E8EE292E10F946D6A9093A31E8093BF
:10668000A21E2091A41E3091A51E40914A1E509139
:106690004B1E6091E81E7091E91E8BEE91E10F9404
:1066A0006D6A9093A51E8093A41E0D94B59490904E
:1066B0007C1F92FC02C00D94C3A340914A1E5091CE
:1066C0004B1E6091E81E7091E91E91018AE393E1EF
:1066D0000F946D6A90939B1E80939A1E20919C1E2E
:1066E00030919D1E40914A1E50914B1E6091E81EB4
:1066F0007091E91E87EF92E10F946D6A90939D1E51
:1067000080939C1E20919E1E30919F1E40914A1E98
:1067100050914B1E6091E81E7091E91E84EB92E14E
:106720000F946D6A90939F1E80939E1EF090911D12
:10673000F2FC02C00D9472A37091971E75FD02C009
:106740000D9472A36091A01E7091A11E90E080E054
:106750000E94B7300091FD1E1091FE1E8090420BEA
:106760009090430B800E911E2091160230911702DB
:106770008816990628F4820E931E88169906D8F377
:106780001401281A390A2215330528F4221A330A6B
:1067900022153305D8F36091400B7091410B600FC7
:1067A000711F6817790728F4620F731F681779073C
:1067B000D8F34B01881A990A2815390528F4821A4A
:1067C000930A28153905D8F340913E0B50913F0BA1
:1067D000040F151F0817190728F4020F131F0817B5
:1067E0001907D8F3A801481B590B5A874987241762
:1067F000350710F00D94B594421B530B2417350741
:10680000D8F35A8749870D94B5945090491E50FC8F
:1068100002C00D9414A58D899E89803D924041F05F
:106820000E9470CAC0901602D0901702DE8ACD8AEC
:106830008090FD1E9090FE1E40903E0B50903F0BAE
:10684000480C591C4016510638F44D895E89440E97
:10685000551E40165106C8F3401A510A2D883E882D
:106860002414350438F4AD89BE894A1A5B0AA4158C
:10687000B505C8F320903C0B30903D0B280C391C1B
:106880002016310638F4ED89FE892E0E3F1E2016A3
:106890003106C8F3201A310A0D891E890215130525
:1068A00038F46D897E89261A370A62157305C8F394
:1068B000D0907C1FD2FC02C00D9414A320919A1E8C
:1068C00030919B1E40914A1E50914B1E6091E81ED4
:1068D0007091E91E8AE393E10F946D6A90939B1E79
:1068E00080939A1E20919C1E30919D1E40914A1EBD
:1068F00050914B1E6091E81E7091E91E87EF92E166
:106900000F946D6A90939D1E80939C1E20919E1EF5
:1069100030919F1E40914A1E50914B1E6091E81E7F
:106920007091E91E84EB92E10F946D6A90939F1E23
:1069300080939E1E2091A01E3091A11E40914A1E60
:1069400050914B1E6091E81E7091E91E81E792E123
:106950000F946D6A9093A11E8093A01E1A861986CB
:10696000912C812C0D94B59469830D943192609192
:106970004C1E70E08FEF9AE00F946F47F091051F67
:10698000F81708F044C1F090C01FFF2009F41BC4A1
:106990000F94747C61157105B1E08B07910508F0C7
:1069A00061C36E5C7F4F9B01369527953695279581
:1069B000ABE7B4E10F942DBA969587952091471EC9
:1069C0002F0D3327331F8217130608F060C212FD04
:1069D0005EC2F091401F1F2F107C11F00D94D795CF
:1069E0000D94E195C3010E947D446C3F7F4F83402D
:1069F000910510F00D94AD99F894E0917910F09113
:106A00007A1020813181F694E794D794C794F69454
:106A1000E794D794C794C20ED31ED0927410C0923C
:106A200073108092621090926310A0926410B092E2
:106A30006510F1E0F093771078940D94AD99A090E3
:106A40005A1E2090041E3090051EA214130409F053
:106A500010F40D9414920D941CA960915A1EE091AB
:106A6000441EF091451E6E171F0609F010F40D9498
:106A70002E920D9439A981E00E947DD60D94719BD0
:106A800088599E4F841B950B0E947D440D94A6A7A8
:106A90006AE070E00F9482B988E29BE00F946F4740
:106AA000D82E0D94889630905A0BE091580BF091A7
:106AB000590B7080309437203082FFBE0D947E9247
:106AC0006E5C7F4F8F4F9F4F2EE33AE047ED53EAC6
:106AD0000F9488BA00E20F94B5BA3901DA01C30104
:106AE00016E0B695A795979587951A95D1F70D94C9
:106AF00020A680910E0290910F020E947D446C3F6F
:106B00007F4F8340910510F00D94D199F894E09156
:106B10005A10F0915B1000811181F694E794D7949C
:106B2000C794F694E794D794C794C00ED11ED09220
:106B30005510C09254108092431090924410A0922D
:106B40004510B0924610F1E0F093581078941091EF
:106B500011020D94D1999093A31E8093A21E0D94BF
:106B60005E94B091460CB073B03321F09093A31EA5
:106B70008093A21E9093A51E8093A41EF0929D1E4A
:106B8000E0929C1EF0929F1EE0929E1EF092A11E2B
:106B9000E092A01E0D945E946091460C6073603389
:106BA00009F0D2CADDCA6091A41E7091A51E90E0C2
:106BB00080E00E94B7306091380B7091390BE60E7F
:106BC000F71EE816F90638F42D893E89E20EF31E09
:106BD000E816F906C8F3E81AF90AFA86E9868D89F3
:106BE0009E898E159F0510F00D94B594A7016C0138
:106BF0004C195D09C416D506D8F35A8749870D94F8
:106C0000B5946A0E7B1E7A8269820D9497A71092C2
:106C1000C01FDFCE8D899E890D9491A38D889E889B
:106C20000D9401A560919E1E70919F1E90E080E0E2
:106C30000E94B730C816D90638F42D883E88C20C99
:106C4000D31CC816D906C8F32601481A590ACD889C
:106C5000DE88C414D50438F40D891E89401A510AFF
:106C600004151505C8F3E816F90638F48D889E88D2
:106C7000E80CF91CE816F906C8F3E81AF90A8D8938
:106C80009E898E159F0538F42D893E89E21AF30AF4
:106C90002E153F05C8F3ED88FE88F7FE03C01FEFF1
:106CA000E11AF10AF594E7941701240C351C6D895B
:106CB0007E896215730510F00D9414A3261A370A05
:106CC0001A861986912C812C0D94B59480910E0210
:106CD00090910F020E947D446C3F7F4F834091054D
:106CE00010F00D94ED99F894E0913B10F0913C1068
:106CF00040815181F694E794D794C794F694E79431
:106D0000D794C794C40ED51ED0923610C0923510B9
:106D10008092241090922510A0922610B0922710F5
:106D200091E09093391078940D94ED996091A01EA4
:106D30007091A11E90E080E00E94B730E090FD1EAF
:106D4000F090FE1EA091420BB091430BAE0DBF1D03
:106D50000091160210911702A817B90728F4A00F86
:106D6000B11FA817B907D8F31D01281A390A02154F
:106D7000130528F4201A310A02151305D8F3C09020
:106D8000400BD090410BCE0CDF1CC816D90628F45E
:106D9000C00ED11EC816D906D8F34601881A990A22
:106DA0000815190528F4801A910A08151905D8F351
:106DB000E0913E0BF0913F0BEE0EFF1EE816F90638
:106DC00028F4E00EF11EE816F906D8F3E81AF90ADD
:106DD000FA86E9860E151F0510F00D94B594A701EB
:106DE000401B510B04171507D8F35A8749870D9498
:106DF000B59460919E1E70919F1E90E080E00E946D
:106E0000B730C816D90638F4AD89BE89CA0EDB1E64
:106E1000C816D906C8F32601481A590A0D891E89D1
:106E20000415150538F4ED89FE894E1A5F0AE4153C
:106E3000F505C8F32816390638F46D897E89260EC3
:106E4000371E28163906C8F3281A390A2D893E89B3
:106E50002215330510F00D9414A3ED88FE882E182A
:106E60003F08E214F304C8F31A861986912C812C8A
:106E70000D94B5940F945286192F0F945286F82EC4
:106E80000F945286E72E0F9452860D94B996709106
:106E9000061F74607093061F0D94E5953091C61F10
:106EA000013009F47EC0023009F085C0E091661E11
:106EB00080918A1E9091730D890F9927991F21E067
:106EC000E81719060CF475C08091700D90E0880FDA
:106ED000991F092E000CAA0BBB0B4091531E509119
:106EE000541E6091551E7091561E481759076A0727
:106EF0007B070CF460C0B0914C1E4091710DB4172B
:106F000008F459C050915A1E8091720D581708F418
:106F100052C0222309F44FC0332309F4E1C1209168
:106F2000C21F3091C31F4091C41F5091C51F2983B8
:106F30003A834B835C830F94747CAB01BC018091DA
:106F4000740D14E6819FC0011124092E000CAA0BB8
:106F5000BB0B09811A812B813C81800F911FA21FDD
:106F6000B31F481759076A077B0788F1F1E0F093D0
:106F7000C11F1091061F18601093061F00915A1E22
:106F80006091750D601710F40D94E5951092C11F76
:106F90001092C61FE091061FE77FE093061F0D9435
:106FA000EF9521E07091661E9091730D791708F0AE
:106FB0008BCF20E089CF332351F01092C61F10925F
:106FC000C21F1092C31F1092C41F1092C51FA09120
:106FD000C11FA111D3CF0D94EF958091160290910E
:106FE00017020E947D446C3F7F4F8340910510F053
:106FF0000D94EF9709811A812B813C81B701A6017D
:1070000089ED90E10F941478109110020D94EF9790
:10701000823011F00D948AA62616370610F00D94D2
:107020008AA684E6989F800111246017710710F0EA
:107030000D948AA64091E51E4E5F4093E51E209177
:10704000961E22602093961E3FB6F8948090B60A52
:10705000E091B40AF091B50AA0808A2880823FBEF0
:107060000D94179C6E5C7F4F8F4F9F4F2EE33AE03D
:1070700047ED53EA0F9488BA00E20F94B5BA29831A
:107080003A834B835C836D837E838F83988789816A
:107090009A81AB81BC81F6E0B695A79597958795C7
:1070A000FA95D1F78BCC80911602909117020E942D
:1070B0007D446C3F7F4F8340910510F00D940F99F4
:1070C00095018301B701A60187E990E10F94147837
:1070D000109110020D940F99E0918C0CF0918D0C91
:1070E000BF016A5071096417750708F0C1C03A966C
:1070F0004E175F0708F0BCC092E00D945F9F80912F
:107100001602909117020E947D446C3F7F4F83408E
:10711000910510F00D944F9893018501B701A601D8
:1071200083EC90E10F941478109110020D944F9815
:1071300080911602909117020E947D446C3F7F4F10
:107140008340910510F00D946E9997018601B50169
:10715000A40181E890E10F9414780D946E998091C8
:107160001602909117020E947D446C3F7F4F83402E
:10717000910510F00D948A9709811A812B813C8129
:10718000B701A6018FEE90E10F94147810911002D0
:107190000D948A9780911602909117020E947D4467
:1071A0006C3F7F4F8340910510F00D94AF98930191
:1071B0008201B701A6018DEA90E10F941478109135
:1071C00010020D94AF980F94747C61157105A1E0C5
:1071D0008A07910588F49B012E5C3F4F36952795D1
:1071E00036952795ABE7B4E10F942DBA9695879520
:1071F000F82E8093C01FCCCB6E5C7F4F8F4F9F4F7C
:107200002EE33AE047ED53EA0F9488BA00E20F9478
:10721000B5BA29833A834B835C836D837E838F83E6
:10722000988789819A81AB81BC8106E0B695A79544
:10723000979587950A95D1F7DBCF5F5F5093770AD3
:107240000D943B9EC090760AE091740AF091750A05
:10725000E080CE28C0820D94F9ADF0907A0AE091DA
:10726000780AF091790A2081F22AF0820D94D9AD42
:10727000A0918E0CB0918F0C8D010A50110904174A
:107280001507A8F08091900C9091910C9C012A50C8
:1072900031092417350710F00D9492A80A96481763
:1072A000590710F00D9492A894E00D945F9F1A96E0
:1072B0004A175B0738F793E00D945F9FC0904A1E12
:1072C000D0904B1E2C143D0410F00D94179C949FED
:1072D00030011124C614D70410F00D94179CAACEC7
:1072E00031E03093C61F0F94747C69837A838B835B
:1072F0009C836093C21F7093C31F8093C41F90939D
:10730000C51F19CE97FB072E16F4009407D077FD02
:1073100009D00F9496B907FC05D03EF4909581955D
:107320009F4F0895709561957F4F0895AA1BBB1BD1
:1073300051E107C0AA1FBB1FA617B70710F0A61B75
:10734000B70B881F991F5A95A9F780959095BC0196
:10735000CD010895FB01DC0102C005900D92415062
:107360005040D8F70895DC01CB01FC01F999FECF1C
:1073700006C0F2BDE1BDF89A319600B40D924150BD
:107380005040B8F70895F999FECF92BD81BDF89AA3
:10739000992780B50895262FF999FECF1FBA92BD7F
:1073A00081BD20BD0FB6F894FA9AF99A0FBE0196E6
:1073B0000895052E97FB1EF400940F94F0B957FD25
:1073C00007D00F940BBA07FC03D04EF40D94F0B91C
:1073D00050954095309521953F4F4F4F5F4F089501
:1073E00090958095709561957F4F8F4F9F4F089531
:1073F0000F942DBAA59F900DB49F900DA49F800D62
:10740000911D11240895B7FF0D94F8B90F94F8B9A0
:10741000821B930B0895A1E21A2EAA1BBB1BFD0130
:107420000DC0AA1FBB1FEE1FFF1FA217B307E40763
:10743000F50720F0A21BB30BE40BF50B661F771FBB
:10744000881F991F1A9469F760957095809590959B
:107450009B01AC01BD01CF010895A29FB001B39F74
:10746000C001A39F700D811D1124911DB29F700D4D
:10747000811D1124911D0895DB018F939F930F941B
:10748000F8B9BF91AF91A29F800D911DA39F900D60
:10749000B29F900D11240895991B79E004C0991FA3
:1074A000961708F0961B881F7A95C9F7809508955E
:1074B000EE0FFF1F881F8BBF0790F691E02D1994E8
:1074C000AA27992329F4A85F982B11F480E1089545
:1074D000903118F4AD5F9295A395990FE8F78A2F34
:1074E0009927089569279627692778278727782776
:1074F00008950F942DBA332312F48A1B9B0B0D941D
:1075000083BA0F942DBAB7FF0895821B930B089589
:10751000E894DF93CF93FC01DB010F942DBA7F93A6
:107520006F93E9019A01AC01BF93AF933F932F93FF
:10753000DF010F942DBA26F46C1B7D0B820B930B8D
:107540009E01EB01FC010F94D0BAAF91BF912F9136
:107550003F910F94D0BABE01CF01F9012F913F9115
:10756000CF91DF91089597FD1094002E083098F088
:107570000850232F342F452F562F672F782F892F10
:10758000912DF4CF15949795879577956795579595
:107590004795379527950A95AAF71124002D089548
:1075A0000F942DBA460F571FC81FD91F08F43196E4
:1075B000089581E090E0F8940D9400BB6817790776
:1075C00068F4FB01DC01E40FF51FA40FB51F02C036
:1075D00002900E9241505040D8F708950D94F7BA9A
:1075E000DC0101C06D9341505040E0F70895FB016C
:1075F000DC0102C001900D9241505040D8F708952F
:04760000F894FFCF2C
:1076040001010163B630B630B63020A1070068012D
:107614000101D926A41F6801DC262A052A052A05AA
:107624002A052A052A052A052A055A0E5E0E620E27
:107634000A0A012828000709870847084709C708D4
:10764400800D0100000000000000000000000000A8
:107654000005040302000000002606D401BC04FA5D
:10766400024402AA04DE03720041006E000D0A0007
:067674002C200052000072
:00000001FF
